Actual,Predicted
600.0,596.19214
3.84,7.287693
11.99,15.406947
14.95,18.030027
14.95,17.933777
600.0,595.8439
99.99,103.637634
99.99,103.424286
600.0,596.15265
300.0,296.15152
109.99,116.34036
150.0,148.48424
600.0,595.8439
11.95,15.012214
5.98,6.32743
150.0,148.82901
1700.0,1695.6401
99.99,103.83741
600.0,595.9819
14.95,17.981943
379.99,376.18167
700.0,696.45917
149.99,147.28122
150.0,148.54337
150.0,148.88298
300.0,297.28616
2.99,6.3160267
150.0,148.88298
14.95,17.981943
3.84,7.287693
14.95,17.933777
600.0,596.15265
11.95,14.962919
3.84,7.2700386
14.95,17.933777
3.84,7.287693
11.95,15.004449
149.99,147.28122
109.99,115.82846
3.84,7.287693
3.84,7.287693
99.99,103.620766
379.99,376.09906
150.0,148.88298
150.0,148.88298
109.99,116.192635
2.99,6.32743
379.99,376.09906
14.95,18.055319
11.99,15.406947
3.84,7.287693
2.99,6.32743
3.84,7.287693
14.95,17.981943
149.99,147.15535
3.84,7.287693
600.0,596.19214
11.99,15.374248
149.99,147.34627
11.99,15.406947
600.0,596.5406
14.95,17.981943
600.0,595.9819
300.0,295.80002
2.99,6.32743
11.99,15.376216
11.99,15.26867
14.95,17.981943
379.99,376.18167
11.95,14.963883
14.95,17.981943
11.99,15.26867
379.99,376.40332
1700.0,1697.3486
379.99,376.11343
11.95,14.962919
150.0,148.82901
11.99,15.26867
11.95,15.004449
14.95,17.981943
99.99,104.081215
14.95,17.981943
14.95,17.981943
11.99,15.26867
379.99,376.09906
389.99,386.67395
99.99,103.83741
150.0,148.82901
700.0,696.45917
379.99,376.5651
700.0,696.70764
5.98,6.32743
7.68,7.2700386
99.99,104.0632
11.95,15.004449
2.99,6.32743
7.68,7.3181686
14.95,18.034414
999.99,994.7814
11.99,15.374248
29.9,17.981943
2.99,6.32743
7.68,7.287693
700.0,696.70764
11.95,15.004449
14.95,17.981943
14.95,17.981943
3.84,7.287693
150.0,148.82901
5.98,6.32743
150.0,148.82901
150.0,148.88298
600.0,595.9819
1700.0,1698.0223
1700.0,1696.5453
11.95,15.004449
150.0,148.82901
3.84,7.287693
11.95,15.004449
7.68,7.287693
150.0,148.82901
14.95,17.981943
400.0,393.22757
11.99,15.374248
300.0,297.7482
149.99,147.11284
35.97,15.26867
14.95,17.981943
11.95,15.004449
11.95,15.004449
379.99,376.09906
999.99,994.7814
11.99,15.307935
389.99,386.07935
300.0,296.33118
11.99,15.23622
3.84,7.287693
999.99,994.7814
14.95,17.981943
5.98,6.32743
11.99,15.307935
150.0,148.67563
3.84,7.287693
700.0,696.45917
11.99,15.26867
2.99,6.32743
2.99,6.32743
700.0,696.45917
11.96,6.32743
2.99,6.32743
14.95,17.933777
14.95,17.981943
23.9,15.004449
11.95,15.012214
150.0,148.88298
109.99,116.24315
14.95,17.981943
149.99,147.34627
109.99,116.21159
2.99,6.32743
11.95,15.004449
2.99,6.32743
700.0,696.45917
3.84,7.287693
14.95,18.030027
11.95,15.004449
150.0,148.82901
11.95,14.962919
2.99,6.3160267
150.0,148.9488
150.0,148.88298
109.99,116.462135
300.0,297.13208
14.95,17.981943
14.95,17.981943
2.99,6.3160267
1700.0,1695.3777
99.99,103.424286
11.99,15.23622
99.99,103.703476
5.98,6.32743
11.99,15.406947
150.0,148.67563
11.99,15.376216
8.97,6.32743
300.0,296.87756
99.99,103.28905
2.99,6.32743
150.0,148.69675
600.0,585.26215
150.0,148.82901
700.0,696.45917
2.99,6.3160267
150.0,148.82901
400.0,392.40265
11.95,14.963883
99.99,103.806854
29.9,17.981943
8.97,6.32743
7.68,7.287693
150.0,148.6165
3.84,7.287693
2.99,6.32743
23.9,15.004449
149.99,147.11284
11.95,15.004449
150.0,148.82901
11.99,15.406947
5.98,6.32743
11.95,15.004449
5.98,6.32743
14.95,17.981943
999.99,994.7814
11.99,15.26867
300.0,298.32
11.95,15.004449
150.0,148.82901
2.99,6.32743
1700.0,1695.629
23.98,15.26867
99.99,103.55998
11.95,15.004449
2.99,6.32743
600.0,596.15265
14.95,17.981943
150.0,148.82901
11.99,15.374248
2.99,6.32743
5.98,6.32743
400.0,392.40265
99.99,103.8309
600.0,586.73315
11.95,15.004449
109.99,116.34036
14.95,17.981943
11.99,15.374248
389.99,386.15256
150.0,148.88298
2.99,6.32743
2.99,6.3160267
149.99,147.15535
109.99,116.13541
23.9,15.004449
150.0,148.89484
2.99,6.32743
150.0,148.69675
3.84,7.287693
150.0,148.88298
1700.0,1696.1173
23.98,15.376216
2.99,6.32743
3.84,7.2700386
99.99,103.566826
99.99,103.424286
11.95,15.023435
99.99,104.047066
149.99,147.11284
3.84,7.287693
700.0,696.70764
14.95,17.981943
11.99,15.376216
150.0,148.82901
149.99,147.11284
29.9,17.981943
109.99,115.95189
150.0,148.89484
600.0,596.1739
300.0,296.46152
3.84,7.287693
400.0,392.40265
14.95,17.981943
14.95,18.085264
99.99,103.8157
379.99,376.44208
14.95,17.981943
11.99,15.519269
11.95,15.012214
14.95,17.933777
14.95,17.981943
150.0,148.9488
5.98,6.32743
14.95,17.981943
3.84,7.3181686
11.95,15.004449
11.5199995,7.287693
150.0,148.54337
2.99,6.32743
2.99,6.32743
600.0,585.26215
389.99,386.35645
1700.0,1695.6414
700.0,696.70764
7.68,7.287693
11.95,15.012214
11.95,15.004449
2.99,6.32743
11.95,15.004449
14.95,17.981943
2.99,6.32743
3.84,7.287693
379.99,376.18167
2.99,6.32743
150.0,148.82901
11.95,15.004449
2.99,6.32743
149.99,147.15535
11.95,15.012214
3.84,7.287693
3.84,7.287693
3.84,7.287693
99.99,103.424286
2.99,6.32743
109.99,116.75104
150.0,148.88298
2.99,6.3160267
11.95,14.963883
3.84,7.287693
14.95,18.386488
11.99,15.376216
11.95,15.004449
300.0,297.7482
300.0,295.54703
149.99,146.86252
3.84,7.287693
99.99,104.23364
999.99,994.7814
109.99,116.192635
2.99,6.32743
2.99,6.32743
11.95,15.004449
3.84,7.287693
700.0,696.62866
14.95,17.981943
3.84,7.3099394
2.99,6.32743
379.99,376.40332
150.0,148.6165
14.95,17.933777
700.0,697.1036
109.99,116.031624
150.0,148.6165
11.99,15.26867
14.95,17.981943
600.0,596.0359
150.0,148.7296
11.99,15.374248
1700.0,1714.67
11.95,15.012214
389.99,386.67395
150.0,148.82901
150.0,148.82901
150.0,148.82901
11.95,15.004449
2.99,6.32743
379.99,379.57837
1700.0,1697.985
14.95,17.933777
149.99,147.15535
14.95,17.981943
14.95,17.981943
11.95,15.004449
150.0,148.82901
600.0,596.109
29.9,17.933777
3.84,7.3099394
11.95,15.004449
400.0,393.6818
99.99,103.424286
700.0,696.8847
389.99,386.35214
99.99,103.424286
1700.0,1695.6127
14.95,17.933777
11.95,15.004449
11.99,15.374248
2.99,6.32743
3.84,7.3181686
11.95,15.004449
379.99,376.1029
600.0,595.96063
11.99,15.393273
999.99,994.7814
150.0,148.82901
600.0,597.2137
99.99,103.9268
379.99,376.11343
99.99,103.424286
99.99,103.806854
11.99,15.26867
700.0,696.45917
11.96,6.32743
109.99,116.462135
11.95,15.004449
14.95,17.933777
389.99,386.2449
600.0,596.109
99.99,103.88673
14.95,17.981943
99.99,103.806854
150.0,148.82901
149.99,147.28122
23.9,15.004449
11.95,15.004449
700.0,696.45917
11.95,15.023435
600.0,596.0359
7.68,7.287693
999.99,994.7814
7.68,7.287693
11.95,15.004449
11.99,15.376216
99.99,103.85617
11.95,15.012214
389.99,386.1648
5.98,6.3160267
11.95,15.004449
11.95,15.006886
14.95,17.981943
300.0,296.2397
11.99,15.307935
14.95,17.981943
23.9,15.004449
700.0,696.70764
5.98,6.32743
150.0,148.82901
11.95,15.012214
5.98,6.3160267
150.0,148.68233
150.0,148.82901
150.0,148.82901
379.99,376.09906
8.97,6.32743
5.98,6.32743
700.0,696.70764
400.0,392.40265
11.99,15.1750145
11.95,15.004449
11.95,15.012214
150.0,148.82901
14.95,17.981943
109.99,115.880714
11.95,14.963883
3.84,7.3181686
11.99,15.307935
3.84,7.287693
11.95,14.962919
149.99,147.19774
14.95,17.981943
700.0,697.1036
379.99,376.09906
14.95,17.981943
2.99,6.32743
389.99,386.15256
3.84,7.287693
11.99,15.376216
99.99,103.806854
11.95,15.004449
1700.0,1695.3292
11.95,15.023435
11.95,15.004449
2.99,6.32743
11.95,15.006886
99.99,103.99736
11.95,15.004449
150.0,148.82901
999.99,1000.99133
149.99,147.11284
150.0,148.88298
99.99,103.668335
150.0,148.6165
379.99,377.40094
149.99,147.15535
389.99,386.36197
999.99,994.7814
23.9,15.004449
11.95,15.004449
11.99,15.26867
8.97,6.32743
379.99,376.11343
7.68,7.2700386
150.0,148.82901
379.99,376.95312
3.84,7.287693
14.95,17.981943
379.99,376.09906
999.99,994.7814
3.84,7.2700386
150.0,148.82901
150.0,148.82901
150.0,148.54337
3.84,7.287693
389.99,386.2449
1700.0,1696.016
23.9,15.004449
99.99,104.82013
2.99,6.32743
3.84,7.287693
379.99,376.09906
2.99,6.32743
149.99,147.34627
389.99,386.02106
700.0,696.70764
109.99,116.192635
600.0,595.9819
999.99,994.7814
600.0,595.8439
14.95,17.981943
300.0,296.15152
389.99,386.35245
99.99,103.49425
700.0,696.45917
150.0,148.69675
149.99,147.15535
14.95,17.933777
2.99,6.32743
150.0,148.88298
300.0,296.22922
11.99,15.376216
14.95,17.933777
11.95,15.004449
11.99,15.393273
149.99,147.30376
14.95,17.981943
11.95,14.970684
600.0,595.8439
109.99,115.880714
3.84,7.287693
99.99,103.982765
14.95,18.030027
11.99,15.376216
2.99,6.32743
3.84,7.287693
11.95,15.004449
3.84,7.2700386
99.99,103.79724
7.68,7.287693
379.99,376.5651
600.0,596.1739
700.0,697.3461
389.99,385.95078
11.99,15.406947
29.9,17.981943
3.84,7.287693
150.0,148.82901
700.0,696.45917
300.0,296.38327
700.0,696.8847
2.99,6.32743
600.0,596.0359
3.84,7.287693
2.99,6.32743
14.95,17.981943
150.0,148.82901
400.0,392.40265
1700.0,1695.6492
3.84,7.287693
99.99,103.55998
300.0,296.6731
11.99,15.406947
14.95,17.981943
3.84,7.3181686
14.95,17.981943
300.0,296.22922
150.0,148.89484
2.99,6.32743
150.0,148.82901
11.99,15.307935
999.99,994.7814
11.99,15.374248
109.99,115.82349
2.99,6.32743
600.0,596.0359
11.95,15.004449
14.95,17.981943
150.0,148.69675
99.99,104.081215
3.84,7.3099394
379.99,376.18167
389.99,386.23508
149.99,146.93521
14.95,17.981943
150.0,148.82901
2.99,6.32743
2.99,6.32743
109.99,116.21159
2.99,6.32743
700.0,696.45917
11.95,15.004449
150.0,148.82901
5.98,6.32743
14.95,17.933777
389.99,386.36197
150.0,148.82901
11.99,15.374248
99.99,103.259224
700.0,696.70764
3.84,7.287693
2.99,6.32743
11.95,14.962919
11.95,15.023435
600.0,596.709
8.97,6.32743
14.95,18.004467
99.99,103.424286
2.99,6.32743
11.99,15.26867
23.98,15.26867
150.0,148.89484
389.99,386.07935
150.0,148.69675
14.95,17.981943
99.99,104.04793
11.99,15.376216
99.99,103.57149
23.98,15.307935
11.99,15.519269
99.99,103.50367
2.99,6.32743
99.99,103.36843
11.99,15.26867
11.95,15.004449
99.99,103.70015
11.95,15.004449
11.95,15.004449
14.95,17.981943
11.95,15.004449
14.95,17.933777
2.99,6.32743
11.95,15.004449
109.99,116.26111
11.5199995,7.287693
700.0,696.45917
14.95,17.981943
300.0,296.20316
600.0,596.709
3.84,7.3181686
150.0,148.88298
150.0,148.89484
379.99,376.4174
14.95,17.981943
300.0,298.80713
99.99,103.83741
600.0,596.19214
99.99,103.7314
379.99,377.1137
14.95,17.933777
389.99,386.26007
2.99,6.32743
2.99,6.32743
3.84,7.287693
11.99,15.307935
109.99,116.192635
999.99,994.7814
14.95,17.981943
2.99,6.32743
14.95,17.981943
15.36,7.287693
2.99,6.506794
150.0,148.82901
14.95,17.981943
150.0,148.89484
14.95,17.981943
2.99,6.32743
700.0,696.70764
389.99,386.43832
14.95,17.981943
11.99,15.376216
29.9,17.981943
14.95,17.981943
600.0,586.73315
389.99,386.65384
11.95,15.004449
11.95,15.012214
149.99,147.13269
11.95,15.004449
600.0,596.15265
11.95,15.004449
389.99,386.10904
2.99,6.32743
400.0,392.40265
14.95,17.933777
5.98,6.32743
3.84,7.287693
1700.0,1698.9346
379.99,376.09906
109.99,116.283134
2.99,6.32743
8.97,6.32743
379.99,376.2752
149.99,147.12613
150.0,148.82901
400.0,391.08582
150.0,148.82901
2.99,6.32743
150.0,148.82901
2.99,6.32743
600.0,596.0359
11.99,15.376216
99.99,103.620766
99.99,103.83741
1700.0,1699.9219
14.95,17.981943
999.99,994.7814
150.0,148.82901
150.0,148.82901
99.99,105.21419
109.99,116.19889
3.84,7.3181686
23.98,15.376216
11.99,15.376216
14.95,17.981943
400.0,393.6818
2.99,6.3160267
700.0,696.45917
600.0,596.82574
11.95,15.004449
3.84,7.287693
11.95,15.004449
999.99,994.7814
14.95,17.981943
11.99,15.374248
14.95,18.004467
11.95,15.004449
2.99,6.32743
11.95,15.012214
150.0,148.6165
379.99,376.40332
150.0,148.82901
11.95,15.004449
149.99,147.15535
11.95,15.004449
11.95,14.962919
11.95,15.004449
150.0,148.82901
700.0,696.70764
11.95,15.004449
11.95,15.004449
600.0,596.0359
700.0,696.62866
700.0,696.8847
11.99,15.406947
14.95,17.981943
600.0,585.26215
379.99,377.55252
11.99,15.307935
149.99,147.0903
11.99,15.26867
11.95,15.004449
109.99,116.192635
109.99,116.18341
150.0,148.88298
150.0,148.82901
11.95,14.963883
379.99,376.09906
150.0,148.82901
379.99,377.243
149.99,147.11284
3.84,7.287693
149.99,147.30376
14.95,17.981943
389.99,386.26007
2.99,6.32743
11.99,15.376216
14.95,17.981943
150.0,148.69675
700.0,696.45917
3.84,7.3181686
150.0,148.82901
109.99,116.411575
300.0,296.22922
23.98,15.26867
11.95,15.012214
379.99,376.37854
8.97,6.32743
379.99,376.18167
3.84,7.287693
2.99,6.32743
14.95,17.933777
389.99,387.12247
5.98,6.32743
11.95,15.004449
14.95,17.981943
11.95,15.004449
14.95,17.981943
700.0,696.45917
2.99,6.3160267
5.98,6.3160267
999.99,994.7814
999.99,994.7814
11.95,15.004449
149.99,147.19774
14.95,17.981943
149.99,146.93521
7.68,7.287693
150.0,148.69675
3.84,7.3181686
149.99,147.34627
99.99,103.424286
3.84,7.287693
5.98,6.3160267
999.99,994.7814
3.84,7.287693
11.99,15.376216
14.95,17.981943
3.84,7.287693
600.0,595.8439
11.99,15.376216
99.99,103.65856
7.68,7.287693
150.0,148.82901
2.99,6.32743
150.0,148.82901
700.0,696.8847
11.95,15.004449
150.0,148.82901
999.99,994.7814
700.0,696.45917
3.84,7.287693
3.84,7.287693
29.9,17.981943
11.99,15.26867
23.98,15.429671
11.99,15.376216
149.99,147.19774
99.99,103.88673
2.99,6.3160267
14.95,17.981943
11.99,15.406947
11.99,15.23622
11.95,15.012214
150.0,148.7296
389.99,386.26007
99.99,103.79724
379.99,376.4174
389.99,386.4957
379.99,376.5651
99.99,103.5217
14.95,17.933777
15.36,7.287693
11.99,15.376216
2.99,6.32743
149.99,146.93521
600.0,596.709
11.95,15.004449
3.84,7.287693
149.99,147.11284
3.84,7.3099394
11.99,15.376216
379.99,376.5651
150.0,148.88298
2.99,6.32743
14.95,17.981943
1700.0,1695.6522
149.99,146.9049
150.0,148.75072
149.99,147.0903
99.99,104.032646
99.99,103.982765
11.99,15.26867
700.0,696.45917
149.99,146.86252
2.99,6.32743
600.0,596.709
11.99,15.376216
150.0,148.82901
3.84,7.3181686
7.68,7.3099394
389.99,386.3053
11.99,15.453925
150.0,148.82901
14.95,17.981943
2.99,6.32743
14.95,17.981943
14.95,17.981943
149.99,146.93521
7.68,7.287693
149.99,147.03249
150.0,148.82901
149.99,146.9776
11.99,15.376216
389.99,386.09482
14.95,17.933777
150.0,148.82901
5.98,6.32743
14.95,17.981943
14.95,17.981943
600.0,585.26215
99.99,103.9268
14.95,17.981943
600.0,596.0359
109.99,116.18341
99.99,103.88673
14.95,17.933777
379.99,376.2752
379.99,376.11343
11.99,15.26867
14.95,18.030027
379.99,376.44208
379.99,376.09906
700.0,696.45917
149.99,147.2525
999.99,994.80945
8.97,6.32743
5.98,6.32743
14.95,17.981943
379.99,376.40332
7.68,7.2700386
109.99,116.031624
2.99,6.32743
11.5199995,7.287693
8.97,6.32743
2.99,6.32743
99.99,103.99779
14.95,17.981943
999.99,994.7814
11.99,15.406947
14.95,17.933777
99.99,103.620766
29.9,17.981943
3.84,7.287693
700.0,696.45917
600.0,596.1739
150.0,148.82901
23.98,15.26867
11.99,15.307935
11.99,15.519269
11.95,15.004449
99.99,103.76638
109.99,115.82846
14.95,18.004467
14.95,17.933777
379.99,376.11343
3.84,7.3181686
11.95,15.006886
700.0,696.70764
149.99,147.30376
11.95,15.012214
11.95,15.031199
150.0,148.82901
14.95,17.981943
99.99,103.83741
11.95,15.004449
7.68,7.287693
11.5199995,7.287693
700.0,696.70764
700.0,696.70764
150.0,148.69675
379.99,376.09906
1700.0,1695.6401
14.95,17.981943
3.84,7.3181686
3.84,7.287693
8.97,6.32743
14.95,17.981943
3.84,7.287693
150.0,148.67563
3.84,7.287693
23.9,15.004449
379.99,376.09906
389.99,386.07935
15.36,7.287693
11.95,15.004449
14.95,18.004467
600.0,596.0359
3.84,7.287693
99.99,103.76638
3.84,7.287693
149.99,147.15535
150.0,148.82901
14.95,17.981943
5.98,6.32743
11.99,15.406947
99.99,103.48011
14.95,18.004467
379.99,376.11343
7.68,7.287693
23.9,15.004449
11.95,15.012214
11.99,15.406947
700.0,696.70764
150.0,148.82901
2.99,6.32743
2.99,6.32743
11.95,14.963883
150.0,148.88298
600.0,586.73315
389.99,386.02106
600.0,595.8439
700.0,696.45917
300.0,296.6731
14.95,17.981943
2.99,6.32743
11.95,15.004449
29.9,17.981943
3.84,7.2700386
11.96,6.32743
2.99,6.32743
3.84,7.287693
11.95,15.004449
11.99,15.393273
11.95,15.004449
999.99,994.7814
150.0,148.82901
109.99,116.26232
14.95,17.981943
2.99,6.32743
600.0,586.73315
11.99,15.26867
3.84,7.287693
379.99,376.44208
600.0,596.5406
2.99,6.32743
3.84,7.287693
11.95,15.012214
109.99,116.34036
23.98,15.307935
150.0,148.69675
11.95,15.031746
99.99,103.83741
3.84,7.287693
300.0,296.35812
600.0,596.19214
109.99,116.21159
2.99,6.32743
2.99,6.32743
99.99,103.79724
99.99,104.58104
14.95,17.933777
150.0,148.89484
11.95,14.9966135
600.0,586.73315
11.5199995,7.287693
150.0,148.6165
5.98,6.32743
11.95,15.004449
2.99,6.32743
11.99,15.26867
99.99,103.708275
11.95,15.004449
3.84,7.287693
999.99,994.7814
5.98,6.3160267
11.95,14.963883
11.95,15.004449
11.99,15.376216
11.95,15.004449
14.95,17.981943
389.99,386.17462
11.99,15.376216
99.99,103.85617
600.0,595.8439
389.99,386.67395
2.99,6.32743
150.0,148.6165
14.95,17.981943
1700.0,1695.4037
600.0,595.8439
600.0,595.9819
150.0,148.82901
149.99,147.15535
11.99,15.330659
149.99,147.28122
3.84,7.287693
999.99,994.7814
389.99,386.4695
149.99,147.11284
3.84,7.287693
150.0,148.69675
11.95,15.004449
379.99,376.40332
3.84,7.287693
99.99,103.76638
700.0,696.45917
11.5199995,7.287693
2.99,6.32743
149.99,147.19774
150.0,148.69675
3.84,7.287693
11.99,15.376216
11.95,14.9966135
389.99,386.35748
5.98,6.32743
3.84,7.287693
29.9,18.004467
11.95,15.012214
3.84,7.287693
11.95,15.004449
11.95,15.004449
11.95,15.012214
11.95,14.9966135
150.0,148.6165
99.99,104.44248
149.99,147.15535
150.0,148.82901
1700.0,1695.6401
379.99,376.11343
150.0,148.82901
11.99,15.376216
11.99,15.519269
389.99,386.43832
150.0,148.82901
600.0,596.1739
14.95,17.981943
150.0,148.82901
2.99,6.3160267
700.0,696.70764
3.84,7.287693
5.98,6.32743
149.99,146.82
700.0,696.70764
14.95,17.981943
14.95,17.981943
14.95,17.981943
379.99,375.89178
999.99,994.7814
379.99,376.4174
14.95,17.981943
389.99,386.18744
3.84,7.287693
149.99,147.05344
2.99,6.32743
379.99,376.40332
999.99,994.7814
300.0,297.76996
14.95,17.981943
300.0,295.71936
11.95,14.963883
389.99,386.43832
11.95,15.004449
14.95,6.32743
11.95,14.9966135
99.99,103.88673
11.99,15.376216
11.99,15.376216
300.0,296.67743
99.99,103.35191
5.98,6.32743
11.99,15.26867
11.95,15.004449
389.99,386.43832
3.84,7.287693
379.99,376.40332
3.84,7.287693
999.99,994.7814
23.9,15.004449
14.95,17.933777
11.95,15.012214
150.0,148.67563
99.99,103.620766
150.0,148.82901
11.99,15.307935
11.99,15.453925
14.95,6.32743
2.99,6.3160267
379.99,377.1137
11.95,15.004449
99.99,103.620766
14.95,17.933777
150.0,148.82901
11.95,15.012214
999.99,994.7814
150.0,148.82901
2.99,6.32743
700.0,696.45917
150.0,148.89484
600.0,596.109
400.0,392.5175
14.95,18.030027
11.99,15.374248
7.68,7.287693
2.99,6.32743
379.99,376.09906
14.95,17.981943
7.68,7.287693
11.99,15.376216
389.99,386.09482
700.0,696.45917
99.99,103.23119
389.99,386.67395
700.0,696.45917
7.68,7.287693
150.0,148.82901
14.95,17.981943
14.95,17.981943
389.99,386.35645
99.99,103.65087
2.99,6.32743
150.0,148.69675
150.0,148.82901
8.97,6.32743
3.84,7.287693
149.99,147.34627
3.84,7.287693
3.84,7.287693
150.0,148.82901
11.95,15.004449
2.99,6.32743
11.99,15.374248
11.95,15.004449
23.98,15.376216
11.95,15.004449
11.95,14.963883
11.95,14.963883
389.99,386.15256
300.0,295.9541
8.97,6.32743
11.95,15.004449
11.95,15.004449
14.95,17.981943
14.95,17.933777
150.0,148.82901
11.99,15.26867
3.84,7.287693
99.99,103.83741
11.99,15.26867
2.99,6.8192496
5.98,6.32743
14.95,17.981943
389.99,386.00458
150.0,148.69675
3.84,7.287693
14.95,17.981943
400.0,393.6818
700.0,696.8847
300.0,296.2397
389.99,386.23508
2.99,6.32743
109.99,116.34036
11.96,6.32743
389.99,386.2449
11.95,15.004449
999.99,994.7814
300.0,296.22922
150.0,148.6165
2.99,6.32743
400.0,393.6818
99.99,103.22943
2.99,6.32743
149.99,147.34627
11.99,15.429671
1700.0,1695.3292
11.99,15.374248
109.99,116.540596
11.95,14.962919
379.99,376.1029
149.99,146.9776
11.99,15.376216
11.5199995,7.3181686
3.84,7.287693
3.84,7.3181686
389.99,386.4695
11.99,15.307935
3.84,7.287693
2.99,6.32743
11.5199995,7.282076
2.99,6.32743
8.97,6.32743
3.84,7.287693
14.95,17.981943
29.9,18.034414
3.84,7.3099394
400.0,392.5175
23.9,15.012214
700.0,696.70764
600.0,586.73315
3.84,7.3181686
1700.0,1700.9375
150.0,148.69675
3.84,7.2700386
150.0,148.89484
11.99,15.406947
11.95,15.012214
150.0,148.89484
400.0,392.5175
99.99,103.637245
3.84,7.287693
700.0,696.70764
2.99,6.32743
3.84,7.282076
11.95,15.004449
3.84,7.287693
23.9,15.004449
11.99,15.376216
150.0,148.82901
150.0,148.67563
11.99,15.26867
150.0,148.89484
14.95,17.933777
14.95,17.981943
14.95,17.981943
109.99,116.192635
150.0,148.82901
3.84,7.287693
3.84,7.3181686
14.95,17.981943
99.99,103.606384
700.0,696.45917
99.99,104.85381
5.98,6.3160267
7.68,7.287693
3.84,7.287693
2.99,6.32743
11.95,14.970684
11.95,15.004449
1700.0,1695.6401
99.99,103.76638
3.84,7.287693
11.95,15.004449
2.99,6.506794
99.99,103.99736
379.99,376.40332
14.95,17.981943
150.0,148.82901
109.99,116.08315
11.99,15.374248
11.99,15.406947
5.98,6.32743
150.0,148.88298
379.99,376.11343
2.99,6.32743
2.99,6.32743
379.99,376.40332
2.99,6.3160267
14.95,17.981943
11.95,14.963883
14.95,17.981943
29.9,17.981943
999.99,994.7814
389.99,386.2449
11.95,15.012214
2.99,6.32743
2.99,6.32743
11.99,15.376216
11.99,15.26867
11.95,15.004449
389.99,386.43832
11.99,15.374248
99.99,103.76638
5.98,6.32743
2.99,6.32743
99.99,103.527
2.99,6.32743
700.0,696.6241
2.99,6.32743
3.84,7.287693
11.95,15.004449
400.0,392.40265
389.99,386.43832
3.84,7.287693
150.0,148.82901
11.99,15.374248
149.99,147.15535
3.84,7.287693
150.0,148.82901
150.0,148.88298
14.95,17.981943
149.99,147.2525
14.95,17.981943
11.99,15.23622
11.95,14.9966135
5.98,6.32743
99.99,103.83741
379.99,376.11343
7.68,7.287693
389.99,386.0497
99.99,103.708275
3.84,7.287693
14.95,6.32743
11.95,15.012214
150.0,148.82901
11.95,15.004449
99.99,103.8157
150.0,148.82901
109.99,116.34036
5.98,6.32743
150.0,148.88298
3.84,7.2700386
2.99,6.32743
99.99,103.806854
14.95,17.933777
3.84,7.2700386
11.99,15.374248
999.99,994.7814
109.99,116.11382
11.99,15.406947
99.99,103.634415
149.99,147.15523
11.99,15.26867
3.84,7.287693
11.95,15.004449
2.99,6.32743
11.5199995,7.287693
11.95,15.004449
11.95,15.012214
150.0,148.82901
99.99,103.50367
11.99,15.23622
389.99,386.67395
300.0,296.92328
389.99,386.07935
14.95,18.030027
7.68,7.292285
389.99,386.25772
11.95,15.004449
150.0,148.48424
300.0,296.83633
999.99,994.7814
389.99,386.0497
3.84,7.287693
3.84,7.2700386
14.95,17.981943
999.99,994.7814
700.0,696.62866
379.99,376.44208
23.98,15.374248
14.95,17.933777
3.84,7.287693
400.0,392.3747
11.95,15.004449
149.99,147.0903
150.0,148.67563
11.99,15.374248
99.99,103.36843
700.0,696.45917
149.99,147.11284
2.99,6.32743
999.99,994.7814
379.99,376.74603
2.99,6.3160267
3.84,7.287693
14.95,17.981943
1700.0,1697.8785
2.99,6.32743
150.0,148.6165
389.99,386.09482
3.84,7.287693
11.99,15.376216
14.95,17.981943
389.99,386.35214
400.0,392.5175
11.95,15.012214
11.95,15.004449
99.99,103.09601
2.99,6.32743
150.0,148.82901
389.99,385.9542
11.99,15.406947
11.95,15.004449
1700.0,1698.0223
11.99,15.406947
1700.0,1695.3292
150.0,148.68233
379.99,376.1029
11.95,15.004449
5.98,6.32743
700.0,696.70764
11.99,15.330659
11.99,15.307935
11.95,15.023435
11.95,15.004449
15.36,7.3099394
379.99,376.18167
7.68,7.2700386
11.99,15.519269
2.99,6.32743
14.95,17.981943
149.99,147.0903
3.84,7.3099394
99.99,104.0632
3.84,7.3181686
150.0,148.82901
11.99,15.406947
11.99,15.376216
109.99,116.26111
14.95,17.981943
600.0,596.19214
3.84,7.287693
11.5199995,7.287693
14.95,17.981943
2.99,6.32743
149.99,147.15535
14.95,17.981943
11.99,15.307935
14.95,17.933777
23.98,15.406947
999.99,994.7814
11.95,15.004449
8.97,6.32743
99.99,104.20309
3.84,7.3181686
700.0,696.45917
149.99,147.12613
11.95,15.004449
2.99,6.32743
23.9,15.004449
23.98,15.429671
99.99,103.9281
300.0,297.0439
389.99,386.07486
99.99,103.65087
999.99,994.7814
150.0,148.82901
700.0,697.4867
11.95,15.004449
7.68,7.2700386
99.99,104.032646
2.99,6.32743
150.0,148.82901
999.99,994.8366
1700.0,1695.5743
3.84,7.287693
2.99,6.32743
149.99,147.11284
8.97,6.32743
11.95,15.012214
14.95,17.981943
2.99,6.32743
11.5199995,7.3099394
2.99,6.32743
600.0,585.26215
600.0,585.26215
149.99,147.2525
23.9,15.012214
11.99,15.406947
23.98,15.406947
11.99,15.26867
300.0,295.80002
300.0,296.2397
23.9,15.004449
2.99,6.32743
7.68,7.2700386
150.0,148.82901
11.99,15.376216
999.99,994.7814
3.84,7.287693
5.98,6.32743
99.99,104.032646
99.99,103.424286
2.99,6.32743
700.0,696.45917
11.95,15.012214
389.99,386.36197
149.99,147.01093
300.0,296.33118
11.99,15.376216
11.95,15.004449
11.95,14.9966135
1700.0,1695.6401
150.0,148.89484
11.99,15.374248
2.99,6.32743
11.99,15.406947
14.95,17.981943
14.95,17.933777
109.99,115.95189
11.99,15.376216
2.99,6.32743
3.84,7.282076
11.5199995,7.287693
700.0,696.62866
3.84,7.287693
300.0,296.2397
999.99,994.7814
29.9,17.981943
11.99,15.23622
5.98,6.32743
11.99,15.406947
3.84,7.287693
14.95,17.981943
14.95,17.981943
1700.0,1695.6414
11.95,15.004449
600.0,596.0359
149.99,148.04651
700.0,696.45917
11.99,15.26867
8.97,6.32743
999.99,994.7814
150.0,148.82901
700.0,697.1036
99.99,104.064125
99.99,104.23364
3.84,7.287693
3.84,7.287693
11.95,15.012214
99.99,103.424286
150.0,148.82901
14.95,17.981943
14.95,17.981943
14.95,17.981943
1700.0,1695.6522
11.96,6.32743
150.0,148.82901
14.95,18.004467
99.99,103.424286
11.95,15.004449
2.99,6.32743
2.99,6.32743
11.99,15.374248
14.95,17.981943
1700.0,1696.1173
300.0,295.56308
99.99,103.85617
99.99,103.57149
99.99,103.82594
3.84,7.287693
150.0,148.82901
99.99,103.82966
300.0,296.22922
23.9,14.963883
99.99,103.65856
600.0,595.9819
150.0,148.6165
11.99,15.374248
389.99,385.92233
999.99,994.7814
11.99,15.453925
999.99,994.7814
23.98,15.26867
11.99,15.374248
99.99,103.22943
379.99,376.09906
23.9,15.012214
14.95,17.981943
400.0,392.40265
14.95,17.981943
14.95,17.981943
14.95,17.981943
11.95,15.004449
150.0,148.82901
700.0,696.45917
3.84,7.287693
300.0,296.22922
11.95,15.004449
149.99,147.56418
99.99,103.70015
600.0,586.73315
109.99,116.04317
3.84,7.2700386
11.99,15.26867
11.99,15.376216
300.0,297.28616
3.84,7.287693
2.99,6.32743
11.95,15.004449
149.99,147.15535
2.99,6.32743
600.0,595.96063
1700.0,1695.6522
11.99,15.376216
3.84,7.287693
2.99,6.32743
11.95,15.012214
11.99,15.453925
11.99,15.429671
99.99,103.78299
11.95,15.012214
5.98,6.3160267
14.95,17.981943
99.99,103.620766
14.95,17.981943
14.95,17.981943
400.0,392.5175
300.0,295.71936
379.99,379.0916
149.99,147.11284
600.0,585.26215
11.99,15.406947
2.99,6.32743
600.0,596.15265
14.95,17.933777
14.95,17.981943
11.99,15.307935
389.99,386.2449
11.99,15.374248
14.95,17.981943
99.99,103.99736
300.0,296.22922
99.99,103.28905
11.99,15.406947
109.99,115.95189
149.99,147.11284
389.99,387.03302
199.98,103.245834
700.0,696.8847
14.95,18.030027
2.99,6.32743
700.0,696.45917
99.99,103.68212
14.95,17.981943
3.84,7.287693
99.99,103.527
3.84,7.287693
11.5199995,7.3181686
11.95,15.023435
3.84,7.3181686
7.68,7.287693
5.98,6.32743
11.99,15.406947
3.84,7.287693
23.98,15.406947
99.99,103.88673
149.99,147.15535
99.99,103.92633
11.95,15.012214
14.95,17.933777
99.99,103.74933
700.0,696.45917
700.0,696.45917
600.0,596.0359
99.99,103.89625
3.84,7.287693
99.99,104.032646
400.0,392.40265
99.99,103.34855
379.99,376.09906
11.95,15.004449
11.95,14.962919
3.84,7.2700386
7.68,7.287693
2.99,6.32743
600.0,595.8439
11.95,15.012214
379.99,376.40332
3.84,7.287693
99.99,103.424286
5.98,6.32743
1700.0,1697.985
2.99,6.32743
700.0,696.45917
11.95,15.004449
11.99,15.406947
400.0,392.40265
11.99,15.374248
300.0,296.67743
150.0,148.69675
14.95,18.004467
11.95,15.004449
150.0,148.82901
150.0,148.89484
389.99,386.15256
2.99,6.32743
149.99,147.15535
99.99,103.527
5.98,6.32743
14.95,17.981943
3.84,7.3181686
150.0,148.82901
600.0,596.0359
11.99,15.26867
999.99,994.7814
3.84,7.3181686
3.84,7.3181686
11.95,14.9966135
700.0,696.70764
11.99,15.406947
99.99,103.79724
11.99,15.376216
99.99,103.510704
999.99,994.7814
14.95,17.981943
149.99,147.34627
2.99,6.32743
11.95,15.004449
11.99,15.374248
11.95,15.004449
150.0,148.82901
700.0,696.45917
99.99,103.668335
3.84,7.287693
3.84,7.287693
7.68,7.282076
3.84,7.287693
150.0,148.6165
379.99,376.09906
11.99,15.26867
109.99,116.031624
14.95,17.981943
11.95,15.004449
389.99,386.07935
3.84,7.287693
11.95,14.9966135
14.95,18.030027
11.95,15.031199
389.99,386.1166
600.0,595.8439
3.84,7.287693
11.99,15.406947
14.95,17.981943
999.99,994.7814
14.95,17.981943
109.99,115.79502
11.99,15.374248
11.99,15.376216
11.99,15.429671
11.95,15.004449
5.98,6.32743
99.99,103.92633
11.95,15.004449
11.99,15.429671
99.99,103.22943
3.84,7.287693
379.99,376.18167
379.99,376.09906
999.99,994.7814
2.99,6.32743
23.98,15.406947
150.0,148.82901
1700.0,1695.5743
11.95,15.004449
11.95,15.004449
14.95,17.981943
99.99,104.0632
400.0,392.40265
99.99,103.424286
999.99,994.5261
11.95,15.031199
7.68,7.3181686
300.0,295.65677
11.99,15.453925
600.0,597.2137
379.99,376.09906
11.95,14.963883
11.99,15.376216
11.99,15.376216
389.99,386.1648
3.84,7.287693
389.99,386.09482
300.0,296.39377
99.99,103.85617
23.98,15.26867
400.0,392.40265
700.0,696.70764
11.99,15.374248
99.99,103.88673
150.0,148.82901
379.99,376.09906
14.95,17.981943
14.95,17.933777
11.95,15.004449
600.0,596.0359
14.95,17.981943
700.0,696.70764
11.99,15.406947
3.84,7.3181686
3.84,7.287693
11.95,15.012214
11.99,15.307935
1700.0,1695.6522
11.95,15.004449
109.99,115.880714
11.95,15.023435
3.84,7.287693
1700.0,1699.0679
11.95,15.004449
379.99,376.6002
14.95,17.981943
99.99,103.43608
11.99,15.376216
149.99,147.15535
3.84,7.287693
99.99,105.21419
14.95,17.981943
3.84,7.287693
2.99,6.3160267
14.95,17.981943
11.99,15.376216
2.99,6.32743
150.0,148.67563
99.99,103.94426
14.95,17.981943
700.0,696.70764
11.95,15.004449
14.95,18.004467
11.95,15.004449
999.99,994.5261
11.95,15.004449
14.95,17.981943
150.0,148.82901
150.0,148.82901
2.99,6.32743
14.95,17.933777
99.99,103.99217
150.0,148.75072
11.5199995,7.287693
99.99,103.84753
1700.0,1695.6401
14.95,18.055319
23.98,15.393273
11.5199995,7.287693
23.98,15.374248
389.99,387.37653
379.99,376.09906
109.99,116.032906
149.99,147.13269
150.0,148.82901
300.0,297.07864
7.68,7.287693
14.95,17.981943
5.98,6.32743
11.99,15.26867
1700.0,1696.9395
14.95,17.981943
14.95,17.981943
3.84,7.287693
11.95,15.012214
99.99,103.99217
1700.0,1695.4037
3.84,7.287693
14.95,17.933777
2.99,6.32743
150.0,148.82901
3.84,7.287693
300.0,296.0217
2.99,6.506794
150.0,148.89484
14.95,17.981943
999.99,994.7814
600.0,602.9915
1700.0,1696.0354
11.95,15.023435
7.68,7.287693
11.99,15.376216
99.99,104.23364
2.99,6.32743
14.95,17.981943
150.0,148.82901
2.99,6.32743
2.99,6.32743
11.95,15.004449
11.99,15.376216
14.95,17.981943
11.99,15.376216
999.99,994.7814
299.98,147.15535
11.95,15.004449
3.84,7.287693
3.84,7.3181686
14.95,17.933777
700.0,696.45917
99.99,103.74796
11.99,15.406947
14.95,17.981943
600.0,586.73315
150.0,148.82901
14.95,17.933777
150.0,148.82901
23.9,15.012214
2.99,6.32743
23.9,15.012214
11.95,15.004449
11.95,15.012214
14.95,17.981943
700.0,696.45917
1700.0,1696.0354
11.95,15.004449
17.94,6.32743
14.95,17.981943
14.95,17.981943
11.99,15.519269
11.99,15.374248
15.36,7.287693
2.99,6.32743
150.0,148.82901
99.99,103.8157
5.98,6.3160267
14.95,17.981943
11.95,15.004449
14.95,17.981943
7.68,7.287693
3.84,7.3099394
7.68,7.2700386
11.99,15.376216
109.99,116.19889
3.84,7.287693
2.99,6.32743
99.99,103.97484
11.99,15.429671
3.84,7.3181686
3.84,7.287693
3.84,7.3099394
23.9,15.012214
99.99,103.74796
109.99,116.34036
11.99,15.26867
14.95,17.981943
109.99,116.192635
2.99,6.32743
3.84,7.287693
999.99,994.7814
700.0,696.4546
150.0,148.82901
11.99,15.376216
150.0,148.82901
149.99,147.11284
11.95,15.004449
14.95,17.981943
150.0,148.89484
999.99,994.7814
1700.0,1695.473
3.84,7.3181686
2.99,6.32743
150.0,148.89484
11.99,15.376216
5.98,6.32743
14.95,17.981943
14.95,17.933777
2.99,6.3160267
300.0,296.713
149.99,147.11284
150.0,148.82901
11.95,15.004449
389.99,385.92
11.95,15.023435
3.84,7.287693
14.95,17.981943
23.9,15.004449
14.95,17.981943
600.0,595.8439
389.99,386.17462
11.95,15.012214
150.0,148.82901
14.95,17.933777
11.95,15.004449
1700.0,1695.3292
5.98,6.32743
300.0,295.65677
3.84,7.287693
14.95,18.030027
11.99,15.519269
11.95,15.012214
5.98,6.32743
14.95,17.981943
7.68,7.287693
11.99,15.26867
150.0,148.88298
150.0,148.54337
7.68,7.287693
150.0,148.82901
149.99,147.11284
2.99,6.32743
2.99,6.3160267
11.99,15.374248
2.99,6.3160267
999.99,994.7814
199.98,103.515465
2.99,6.32743
600.0,586.73315
109.99,116.34036
99.99,103.708275
3.84,7.3181686
14.95,17.981943
7.68,7.287693
11.96,6.3160267
99.99,103.87749
3.84,7.287693
99.99,104.91246
99.99,103.424286
3.84,7.287693
600.0,596.0359
300.0,296.4624
150.0,148.88298
2.99,6.32743
8.97,6.32743
2.99,6.32743
99.99,103.8157
11.99,15.406947
99.99,104.69115
3.84,7.287693
11.95,15.004449
150.0,148.89484
7.68,7.287693
11.95,15.004449
149.99,147.19774
11.95,15.012214
379.99,376.44208
700.0,696.70764
389.99,386.35245
11.99,15.1750145
150.0,148.67563
11.95,15.012214
600.0,596.15265
14.95,18.004467
11.95,15.004449
11.95,15.004449
389.99,386.35245
700.0,697.1036
11.95,15.004449
109.99,115.93441
3.84,7.3181686
11.99,15.374248
23.9,15.012214
11.99,15.406947
700.0,696.70764
14.95,17.981943
150.0,148.67563
11.99,15.406947
11.99,15.376216
3.84,7.287693
3.84,7.287693
3.84,7.287693
11.95,15.004449
379.99,376.40332
300.0,297.07864
600.0,596.19214
600.0,595.8439
11.95,15.004449
150.0,148.82901
3.84,7.287693
2.99,6.32743
11.95,14.9966135
109.99,116.031624
11.95,15.004449
1700.0,1695.5743
14.95,17.981943
3.84,7.287693
149.99,147.15523
2.99,6.32743
11.95,15.004449
11.95,15.012214
1700.0,1694.8447
150.0,148.69675
11.95,14.9966135
11.95,15.004449
5.98,6.32743
14.95,17.981943
3.84,7.3099394
109.99,115.82349
149.99,147.30376
379.99,376.44208
14.95,17.981943
3.84,7.287693
3.84,7.2700386
3.84,7.287693
11.99,15.420968
379.99,376.40332
150.0,148.69675
11.95,15.004449
14.95,17.981943
389.99,386.42328
99.99,103.8157
3.84,7.287693
600.0,595.8439
2.99,6.3160267
5.98,6.32743
11.95,15.012214
149.99,147.15535
149.99,147.0903
23.9,15.004449
7.68,7.287693
99.99,103.620766
600.0,596.0359
150.0,148.69675
8.97,6.32743
3.84,7.3181686
379.99,376.44208
2.99,6.32743
400.0,392.40265
150.0,148.82901
389.99,386.353
300.0,295.68372
149.99,147.19774
14.95,17.981943
14.95,18.055319
11.99,15.396972
14.95,17.981943
2.99,6.32743
3.84,7.287693
99.99,104.064125
14.95,17.981943
99.99,103.88673
400.0,392.40265
7.68,7.287693
11.95,15.012214
700.0,696.45917
150.0,148.82901
3.84,7.287693
2.99,6.32743
7.68,7.287693
379.99,376.5651
400.0,392.40265
300.0,296.4379
150.0,148.82901
11.99,15.23622
389.99,386.94247
11.95,15.004449
11.95,15.023435
11.95,15.01465
11.95,15.01465
150.0,148.88298
11.99,15.519269
14.95,17.981943
99.99,104.0632
1700.0,1695.6492
14.95,17.933777
11.95,14.9966135
999.99,994.7814
149.99,147.05344
149.99,147.15535
150.0,148.82901
379.99,376.18167
150.0,148.89484
14.95,17.981943
1700.0,1697.123
14.95,17.981943
2.99,6.32743
2.99,6.32743
600.0,585.26215
99.99,103.61364
14.95,18.030027
300.0,296.09308
150.0,148.82901
379.99,376.18167
14.95,17.981943
99.99,104.0632
149.99,146.82
14.95,17.981943
3.84,7.287693
11.99,15.429671
11.95,15.004449
149.99,147.05542
5.98,6.32743
379.99,376.40332
5.98,6.32743
150.0,148.69675
14.95,17.981943
109.99,116.02116
29.9,18.030027
3.84,7.3181686
7.68,7.3181686
700.0,696.45917
11.99,15.374248
379.99,376.44208
99.99,103.424286
150.0,148.82901
3.84,7.287693
149.99,147.15535
999.99,994.7814
150.0,148.82901
3.84,7.287693
11.95,15.023435
700.0,696.45917
11.95,15.012214
379.99,376.44208
150.0,148.82901
11.99,15.39894
7.68,7.2700386
389.99,386.07935
11.95,15.004449
14.95,17.981943
150.0,148.82901
11.96,6.32743
3.84,7.282076
14.95,17.981943
400.0,392.40265
11.95,15.004449
11.95,15.012214
11.95,15.012214
3.84,7.287693
11.99,15.406947
600.0,595.9819
11.99,15.376216
150.0,148.67563
149.99,147.05344
11.99,15.374248
379.99,376.74603
400.0,392.40265
3.84,7.292285
2.99,6.32743
2.99,6.32743
14.95,17.981943
600.0,596.0359
11.95,14.9966135
150.0,148.82901
150.0,148.89484
14.95,17.981943
3.84,7.287693
300.0,296.222
5.98,6.32743
14.95,17.981943
150.0,148.82901
99.99,103.527
11.99,15.376216
3.84,7.287693
7.68,7.282076
1700.0,1695.5743
700.0,696.70764
149.99,147.30376
1700.0,1695.3292
150.0,148.82901
11.95,15.004449
11.99,15.374248
109.99,116.34036
150.0,148.9488
600.0,596.1739
11.99,15.376216
11.95,15.012214
2.99,6.32743
23.98,15.393273
3.84,7.2700386
3.84,7.287693
389.99,386.35748
2.99,6.32743
2.99,6.32743
1700.0,1695.6414
999.99,994.7814
150.0,148.88298
379.99,376.6002
14.95,17.981943
2.99,6.32743
150.0,148.82901
149.99,147.15535
11.99,15.406947
8.97,6.32743
14.95,18.055319
1700.0,1696.1173
149.99,147.56418
11.95,15.004449
150.0,148.82901
14.95,17.933777
3.84,7.287693
11.95,14.9966135
600.0,595.96063
149.99,147.30376
14.95,17.933777
14.95,17.981943
3.84,7.287693
99.99,103.79539
150.0,148.82901
2.99,6.32743
14.95,17.981943
7.68,7.287693
14.95,17.981943
3.84,7.287693
3.84,7.287693
99.99,103.424286
150.0,148.82901
3.84,7.287693
14.95,18.004467
14.95,17.981943
11.95,14.9966135
109.99,116.540596
999.99,994.7814
389.99,387.12247
3.84,7.287693
11.95,15.004449
11.95,15.012214
2.99,6.32743
7.68,7.287693
150.0,148.82901
11.95,15.004449
300.0,297.22357
99.99,103.9533
11.95,15.006886
150.0,148.82901
389.99,386.2449
11.95,15.004449
5.98,6.32743
11.99,15.376216
11.99,15.374248
300.0,296.72018
3.84,7.287693
3.84,7.287693
11.5199995,7.287693
3.84,7.287693
300.0,296.09308
149.99,147.11284
779.98,386.43832
300.0,296.6731
99.99,103.527
150.0,148.6165
3.84,7.287693
2.99,6.32743
3.84,7.287693
11.95,15.004449
150.0,148.82901
600.0,595.96063
14.95,17.981943
999.99,994.7814
99.99,104.024155
3.84,7.287693
2.99,6.32743
300.0,297.54474
11.95,15.012214
11.95,15.004449
11.95,15.004449
2.99,6.32743
150.0,148.67047
8.97,6.32743
99.99,103.88673
149.99,147.19774
379.99,377.1137
11.99,15.376216
700.0,696.45917
109.99,116.34036
11.99,15.374248
150.0,148.82901
11.99,15.1750145
149.99,147.19774
2.99,6.32743
389.99,386.43832
11.99,15.376216
379.99,376.44208
11.95,15.004449
150.0,148.82901
999.99,994.7814
14.95,17.981943
11.99,15.26867
3.84,7.287693
11.95,15.012214
11.95,15.004449
379.99,376.88144
11.95,15.004449
150.0,148.88298
14.95,18.386488
11.99,15.374248
11.99,15.374248
150.0,148.82901
700.0,696.70764
11.99,15.307935
3.84,7.287693
150.0,148.82901
2.99,6.32743
11.99,15.376216
14.95,17.933777
150.0,148.82901
11.95,15.004449
11.99,15.376216
14.95,17.981943
379.99,376.18167
150.0,148.6165
700.0,696.62866
11.99,15.23622
150.0,148.82901
999.99,994.7814
109.99,115.95189
3.84,7.282076
379.99,379.57837
999.99,994.7814
99.99,104.0632
3.84,7.287693
11.95,15.012214
11.99,15.406947
109.99,116.031624
150.0,148.82901
14.95,17.981943
379.99,376.09906
389.99,386.65384
14.95,18.004467
600.0,585.26215
2.99,6.32743
150.0,148.82901
11.95,15.004449
99.99,104.024155
11.99,15.374248
3.84,7.287693
8.97,6.3160267
23.98,15.406947
11.99,15.23622
11.95,15.004449
99.99,104.024155
14.95,17.981943
2.99,6.32743
150.0,148.82901
150.0,148.89484
600.0,595.8439
7.68,7.287693
1700.0,1695.3777
3.84,7.287693
150.0,148.82901
3.84,7.282076
300.0,297.22357
11.95,15.031199
999.99,994.7814
11.99,15.376216
3.84,7.287693
149.99,147.19774
999.99,994.7814
389.99,385.92
109.99,116.34036
600.0,595.8439
14.95,17.981943
14.95,17.981943
11.95,15.012214
11.5199995,7.3181686
99.99,104.69115
600.0,595.8439
23.9,15.012214
99.99,103.88673
11.95,14.963883
14.95,17.981943
149.99,147.15523
11.95,15.004449
400.0,392.40265
109.99,116.34036
109.99,116.03735
150.0,148.69675
11.99,15.393273
11.95,15.012214
14.95,17.981943
150.0,148.82901
23.9,14.962919
600.0,596.0359
379.99,376.40332
3.84,7.287693
400.0,392.40265
99.99,104.82013
150.0,148.67563
150.0,148.88298
1700.0,1696.0317
11.99,15.376216
3.84,7.287693
3.84,7.2700386
14.95,17.981943
23.9,15.004449
379.99,376.40332
2.99,6.32743
300.0,296.6731
14.95,17.981943
2.99,6.32743
400.0,392.40265
2.99,6.32743
150.0,148.6165
149.99,147.15535
99.99,104.02405
11.95,15.004449
150.0,148.82901
149.99,147.56418
44.85,17.981943
11.99,15.376216
109.99,116.031624
3.84,7.287693
11.99,15.376216
700.0,696.70764
389.99,386.43832
99.99,103.8157
999.99,994.80945
11.95,15.004449
5.98,6.32743
11.95,15.004449
11.95,15.004449
99.99,103.95768
150.0,148.67563
700.0,696.45917
23.9,15.004449
14.95,17.981943
3.84,7.287693
400.0,392.40265
150.0,148.82901
23.9,14.962919
14.95,17.933777
600.0,596.19214
11.95,15.004449
379.99,376.09906
150.0,148.82901
600.0,596.5406
379.99,376.403
3.84,7.287693
99.99,103.620766
99.99,103.76638
2.99,6.32743
379.99,376.83704
109.99,116.031624
3.84,7.287693
11.95,15.012214
149.99,147.11284
5.98,6.32743
300.0,296.3335
11.95,15.012214
14.95,18.004467
300.0,296.22922
150.0,148.82901
109.99,116.23186
5.98,6.32743
3.84,7.2700386
150.0,148.88298
14.95,17.981943
150.0,148.67563
2.99,6.3160267
600.0,595.8439
600.0,596.15265
999.99,994.7814
149.99,147.15535
1700.0,1695.473
3.84,7.287693
99.99,103.806854
99.99,103.668335
11.95,15.012214
2.99,6.32743
14.95,17.981943
11.95,15.004449
150.0,148.82901
7.68,7.3181686
99.99,103.97484
99.99,103.76638
7.68,7.287693
11.95,15.004449
700.0,696.70764
2.99,6.32743
379.99,376.4174
379.99,376.09906
2.99,6.32743
11.95,15.01465
150.0,148.89484
14.95,17.981943
2.99,6.32743
2.99,6.32743
149.99,147.15535
14.95,17.981943
14.95,17.981943
3.84,7.3181686
11.99,15.406947
999.99,994.7814
99.99,103.99736
11.95,15.004449
14.95,17.981943
3.84,7.287693
7.68,7.287693
23.98,15.307935
11.99,15.26867
11.99,15.26867
300.0,296.2397
3.84,7.287693
14.95,17.981943
11.99,15.26867
11.99,15.1750145
14.95,17.981943
5.98,6.32743
99.99,104.032646
99.99,103.70015
99.99,103.620766
11.95,15.004449
149.99,147.15535
150.0,148.82901
999.99,994.7814
389.99,385.92233
11.95,15.004449
11.95,15.004449
99.99,103.527
11.95,15.004449
11.99,15.376216
29.9,17.981943
11.99,15.26867
14.95,17.981943
11.95,15.023435
700.0,696.4546
2.99,6.32743
11.95,15.004449
99.99,103.83741
14.95,17.981943
2.99,6.32743
7.68,7.287693
3.84,7.2700386
11.95,15.004449
14.95,17.981943
109.99,115.79502
11.95,15.012214
379.99,376.40332
379.99,376.8746
149.99,147.21011
11.95,15.012214
14.95,17.981943
3.84,7.287693
11.95,14.9488125
700.0,696.70764
389.99,386.07486
2.99,6.32743
14.95,18.004467
11.95,15.004449
389.99,386.1869
2.99,6.32743
11.95,15.012214
14.95,17.981943
600.0,596.0359
14.95,17.981943
2.99,6.32743
23.9,15.012214
11.95,15.004449
11.95,15.023435
150.0,148.82901
150.0,148.88298
300.0,296.83633
2.99,6.32743
150.0,148.82901
300.0,296.2397
11.95,15.004449
11.99,15.376216
14.95,17.981943
3.84,7.287693
14.95,18.030027
99.99,103.85617
109.99,116.34036
11.99,15.376216
3.84,7.3181686
14.95,17.981943
99.99,103.30144
379.99,376.2752
109.99,116.23186
11.95,15.004449
1700.0,1696.1173
3.84,7.287693
11.95,15.004449
14.95,17.981943
150.0,148.82901
11.95,15.012214
2.99,6.32743
99.99,103.88673
700.0,696.70764
29.9,17.981943
99.99,103.44131
1700.0,1696.016
149.99,147.15535
300.0,297.18478
7.68,7.287693
11.95,15.012214
379.99,376.44208
3.84,7.287693
14.95,17.981943
150.0,148.88298
379.99,376.40332
150.0,148.89484
99.99,103.79539
2.99,6.32743
11.95,15.004449
3.84,7.287693
11.95,15.012214
11.99,15.26867
379.99,377.243
7.68,7.3099394
1700.0,1695.6401
11.95,15.012214
11.99,15.519269
14.95,17.981943
11.99,15.376216
700.0,696.70764
1700.0,1695.6522
3.84,7.287693
150.0,148.82901
149.99,146.86252
11.95,15.012214
14.95,17.981943
11.99,15.376216
1700.0,1696.1173
400.0,392.40265
11.95,15.012214
300.0,295.91846
11.99,15.307935
5.98,6.32743
3.84,7.287693
150.0,148.82901
3.84,7.3181686
2.99,6.32743
99.99,104.0632
14.95,17.981943
23.98,15.26867
3.84,7.287693
11.99,15.376216
14.95,18.030027
11.95,15.004449
11.96,6.32743
600.0,595.8439
11.95,15.004449
150.0,148.82901
150.0,148.48424
11.99,15.1750145
150.0,148.82901
35.85,15.012214
999.99,994.7814
23.9,15.004449
3.84,7.287693
149.99,147.19774
389.99,385.94867
700.0,697.4867
150.0,148.82901
11.99,15.406947
29.9,17.981943
11.99,15.519269
11.99,15.376216
29.9,18.004467
600.0,596.15265
11.99,15.376216
600.0,585.26215
14.95,17.933777
600.0,586.73315
23.98,15.376216
379.99,376.83704
14.95,17.981943
700.0,696.62866
2.99,6.32743
23.9,15.004449
149.99,147.09781
999.99,994.7814
149.99,147.69244
99.99,103.83741
99.99,103.527
14.95,17.981943
11.95,15.012214
2.99,6.32743
109.99,115.82846
1700.0,1695.6522
11.95,15.012214
3.84,7.287693
11.95,15.004449
14.95,17.933777
14.95,17.981943
99.99,103.806854
11.95,15.004449
389.99,386.07935
999.99,1010.1679
999.99,994.7814
109.99,116.031624
11.95,15.012214
23.9,15.012214
11.96,6.32743
149.99,147.11284
99.99,103.74933
99.99,103.57149
99.99,103.8157
11.95,15.004449
14.95,17.933777
99.99,104.032646
150.0,148.82901
2.99,6.32743
11.99,15.376216
99.99,103.86991
700.0,696.45917
300.0,296.3207
99.99,103.637634
2.99,6.32743
3.84,7.287693
2.99,6.32743
3.84,7.287693
14.95,17.981943
11.95,14.962919
11.95,15.012214
99.99,103.65856
150.0,148.89484
2.99,6.32743
150.0,148.88298
99.99,103.668335
400.0,392.40265
11.95,15.012214
2.99,6.3160267
150.0,148.82901
14.95,6.32743
3.84,7.287693
379.99,376.5651
11.95,15.004449
149.99,147.21011
14.95,17.981943
11.95,15.004449
700.0,696.45917
2.99,6.32743
11.99,15.307935
1700.0,1697.985
600.0,596.1739
35.97,15.376216
389.99,386.35245
99.99,103.393036
99.99,104.0632
11.99,15.406947
700.0,696.45917
11.95,15.004449
109.99,116.19889
11.99,15.406947
389.99,386.35645
7.68,7.287693
99.99,103.8157
150.0,148.69675
11.95,15.004449
11.99,15.406947
149.99,147.0903
109.99,116.192635
400.0,392.40265
99.99,103.9268
8.97,6.32743
600.0,596.109
149.99,147.19774
3.84,7.2700386
600.0,586.73315
379.99,377.6057
600.0,595.8439
14.95,17.981943
389.99,386.07935
14.95,17.981943
999.99,994.7814
11.95,15.004449
14.95,17.981943
150.0,148.82901
700.0,696.45917
14.95,18.030027
23.9,15.012214
150.0,148.82901
149.99,147.11284
149.99,147.30376
700.0,696.62866
600.0,596.0359
1700.0,1695.5743
11.95,15.012214
5.98,6.32743
99.99,103.9268
2.99,6.32743
150.0,148.89484
150.0,148.89484
3.84,7.287693
149.99,146.86252
150.0,148.89484
2.99,6.32743
11.95,15.012214
150.0,148.6165
3.84,7.3181686
2.99,6.32743
11.99,15.26867
11.95,15.004449
14.95,17.981943
99.99,103.9268
5.98,6.32743
5.98,6.32743
379.99,376.40332
379.99,376.11343
600.0,596.19214
14.95,18.030027
400.0,392.40265
11.95,15.004449
2.99,6.32743
150.0,148.82901
3.84,7.3181686
3.84,7.287693
149.99,147.11284
7.68,7.287693
11.99,15.23622
150.0,148.67563
149.99,147.21011
3.84,7.287693
149.99,146.86252
600.0,596.5406
150.0,148.69675
11.99,15.374248
300.0,296.4624
999.99,994.7814
5.98,6.32743
11.95,15.023435
149.99,147.07487
11.95,15.012214
3.84,7.3181686
600.0,586.73315
700.0,696.70764
11.95,15.004449
5.98,6.32743
150.0,148.82901
11.5199995,7.287693
150.0,148.88298
11.99,15.406947
14.95,17.981943
11.99,15.406947
3.84,7.287693
2.99,6.32743
3.84,7.287693
7.68,7.287693
389.99,386.09482
700.0,696.62866
2.99,6.32743
999.99,994.7814
600.0,596.0359
14.95,17.981943
109.99,116.01489
11.99,15.376216
5.98,6.32743
23.98,15.26867
3.84,7.287693
5.98,6.32743
99.99,104.032646
379.99,376.8746
11.95,15.012214
2.99,6.32743
109.99,116.192635
99.99,103.806854
11.95,15.004449
99.99,103.8157
379.99,377.243
3.84,7.287693
11.95,14.962919
11.99,15.393273
379.99,376.44208
389.99,386.33044
99.99,103.89625
11.95,15.012214
2.99,6.32743
14.95,17.981943
109.99,115.95189
389.99,386.1648
29.9,17.981943
999.99,994.7814
99.99,104.0632
2.99,6.32743
14.95,17.933777
150.0,148.54337
700.0,696.70764
3.84,7.287693
150.0,148.82901
11.95,15.004449
3.84,7.287693
99.99,104.0632
3.84,7.287693
11.95,15.004449
2.99,6.32743
5.98,6.32743
14.95,17.981943
14.95,17.981943
11.99,15.307935
14.95,18.030027
3.84,7.287693
11.99,15.376216
11.95,15.012214
600.0,595.8439
11.95,14.9966135
109.99,115.880714
379.99,377.40094
700.0,697.1036
11.99,15.374248
14.95,17.981943
99.99,104.23364
389.99,386.07935
600.0,596.109
11.99,15.374248
2.99,6.32743
11.99,15.406947
379.99,377.26263
149.99,147.0903
300.0,295.71185
11.99,15.376216
2.99,6.32743
11.95,15.012214
14.95,17.981943
11.95,15.023435
11.95,15.004449
700.0,696.62866
600.0,586.73315
11.95,15.012214
3.84,7.2700386
389.99,386.26007
99.99,103.822365
14.95,17.981943
11.95,15.004449
11.95,15.004449
2.99,6.32743
14.95,17.981943
11.95,15.004449
600.0,596.0359
2.99,6.32743
3.84,7.287693
3.84,7.287693
7.68,7.2700386
11.95,14.9966135
99.99,103.806854
11.99,15.406947
600.0,596.0359
150.0,148.82901
14.95,17.933777
99.99,103.8309
11.99,15.374248
29.9,17.981943
7.68,7.287693
150.0,148.82901
150.0,148.6165
700.0,696.45917
3.84,7.287693
99.99,103.8157
99.99,103.527
1700.0,1695.473
2.99,6.32743
14.95,17.933777
99.99,104.032646
2.99,6.32743
23.9,15.004449
150.0,148.82901
2.99,6.32743
150.0,148.6165
14.95,17.981943
5.98,6.32743
14.95,17.981943
600.0,595.8439
11.95,14.970684
400.0,392.40265
3.84,7.292285
999.99,994.7814
3.84,7.2700386
29.9,17.981943
150.0,148.6165
11.95,15.004449
389.99,386.23508
11.95,15.004449
600.0,586.73315
7.68,7.287693
150.0,148.67563
150.0,148.54337
99.99,103.527
11.99,15.376216
2.99,6.32743
14.95,17.981943
379.99,376.44208
14.95,17.981943
150.0,148.6165
99.99,103.620766
14.95,17.933777
14.95,17.981943
99.99,104.23364
999.99,994.7814
400.0,392.40265
3.84,7.287693
11.99,15.376216
11.95,15.012214
109.99,115.90097
14.95,17.981943
11.99,15.376216
11.99,15.374248
11.95,15.012214
11.5199995,7.287693
11.95,14.962919
149.99,147.28122
14.95,18.055319
11.95,15.004449
389.99,386.2449
99.99,103.620766
600.0,595.8439
1700.0,1694.8447
700.0,696.62866
600.0,595.8439
150.0,148.82901
7.68,7.287693
7.68,7.287693
379.99,376.11343
2.99,6.32743
389.99,386.43832
700.0,696.4546
14.95,18.004467
2.99,6.32743
11.95,15.004449
999.99,994.7814
11.99,15.406947
3.84,7.287693
2.99,6.32743
2.99,6.32743
29.9,17.981943
11.95,15.004449
300.0,296.83633
149.99,147.15535
600.0,597.2137
99.99,103.98368
99.99,103.87749
3.84,7.287693
400.0,393.6818
99.99,103.55503
14.95,17.981943
2.99,6.32743
5.98,6.3160267
99.99,103.3635
11.95,15.004449
300.0,297.63828
3.84,7.287693
150.0,148.82901
11.95,14.963883
11.95,15.023435
379.99,376.44208
11.95,15.004449
11.95,14.963883
99.99,103.23119
149.99,147.15535
14.95,17.981943
3.84,7.287693
149.99,147.21011
11.99,15.374248
700.0,696.70764
379.99,376.37854
150.0,148.67563
11.95,15.004449
2.99,6.32743
2.99,6.32743
11.95,15.004449
11.99,15.376216
11.99,15.376216
11.95,15.004449
11.95,15.004449
3.84,7.287693
109.99,116.289505
14.95,17.981943
14.95,17.933777
109.99,116.34036
11.95,15.004449
14.95,17.981943
11.99,15.396972
3.84,7.287693
11.95,15.004449
700.0,696.70764
3.84,7.287693
11.99,15.374248
14.95,18.004467
14.95,18.004467
149.99,146.93521
23.9,15.004449
3.84,7.287693
2.99,6.3160267
389.99,386.17462
11.95,15.004449
23.98,15.393273
700.0,696.70764
149.99,146.9776
379.99,376.09906
29.9,17.981943
1700.0,1695.6522
11.99,15.376216
3.84,7.287693
14.95,18.055319
109.99,116.2413
1700.0,1695.5743
11.99,15.1750145
3.84,7.3181686
11.99,15.406947
2.99,6.32743
149.99,147.30376
150.0,148.82901
1700.0,1699.6108
109.99,116.283134
14.95,17.981943
109.99,115.974396
14.95,17.981943
1700.0,1697.8785
11.95,15.012214
99.99,103.83741
1700.0,1698.754
149.99,147.19774
999.99,994.7814
11.95,15.004449
7.68,7.3181686
999.99,994.7814
23.98,15.376216
11.99,15.39894
99.99,104.02405
14.95,18.004467
389.99,386.26007
14.95,17.981943
700.0,696.45917
150.0,148.89484
700.0,696.45917
11.99,15.1750145
14.95,17.981943
11.95,15.012214
99.99,103.76638
700.0,697.6562
11.95,15.004449
14.95,17.981943
11.95,15.012214
11.95,15.004449
11.99,15.39894
14.95,18.004467
700.0,696.70764
3.84,7.287693
2.99,6.32743
99.99,103.55503
3.84,7.287693
150.0,148.89484
149.99,147.34627
11.95,15.004449
11.95,15.004449
99.99,103.835464
2.99,6.32743
400.0,392.40265
5.98,6.32743
109.99,116.192635
7.68,7.287693
3.84,7.287693
11.99,15.307935
11.99,15.26867
389.99,385.95078
11.99,15.393273
999.99,994.7814
999.99,994.7814
11.99,15.406947
300.0,297.12726
389.99,386.23508
3.84,7.287693
3.84,7.287693
379.99,376.18167
14.95,17.981943
2.99,6.3160267
3.84,7.287693
11.99,15.374248
14.95,17.981943
3.84,7.287693
14.95,17.981943
700.0,697.4867
29.9,17.981943
5.98,6.32743
389.99,386.2449
149.99,147.56418
11.99,15.376216
14.95,17.981943
150.0,148.82901
11.5199995,7.3181686
11.99,15.39894
150.0,148.89484
150.0,148.89484
11.95,15.004449
379.99,376.09906
300.0,297.28616
150.0,148.82901
150.0,148.82901
11.95,15.012214
2.99,6.32743
149.99,147.15535
5.98,6.3160267
150.0,148.82901
149.99,147.0903
14.95,17.981943
999.99,994.7814
11.95,15.004449
1700.0,1698.1686
999.99,994.7814
11.95,15.004449
379.99,376.09906
3.84,7.287693
11.99,15.374248
11.99,15.374248
1700.0,1695.6414
14.95,17.981943
11.95,15.004449
14.95,17.981943
11.5199995,7.287693
11.95,14.963883
1700.0,1695.6401
11.95,15.004449
3.84,7.3099394
11.99,15.374248
3.84,7.287693
300.0,295.56528
109.99,116.34036
7.68,7.287693
11.99,15.376216
2.99,6.32743
99.99,103.85617
7.68,7.282076
2.99,6.32743
11.95,15.012214
11.95,15.004449
5.98,6.32743
11.5199995,7.287693
99.99,103.82966
11.5199995,7.287693
14.95,17.981943
11.95,14.963883
11.95,15.004449
2.99,6.32743
600.0,596.19214
14.95,17.933777
3.84,7.287693
99.99,103.83741
11.95,15.004449
3.84,7.287693
14.95,18.004467
29.9,17.981943
700.0,696.8847
11.99,15.406947
14.95,17.981943
14.95,17.981943
2.99,6.32743
15.36,7.287693
99.99,104.0632
3.84,7.3099394
999.99,994.7814
149.99,146.86252
109.99,116.26111
700.0,696.70764
11.95,15.004449
150.0,148.69675
11.95,15.012214
3.84,7.287693
149.99,147.19774
149.99,147.34627
99.99,103.88673
14.95,17.981943
99.99,103.424286
3.84,7.287693
3.84,7.287693
3.84,7.287693
3.84,7.3181686
109.99,115.85993
14.95,17.981943
7.68,7.287693
3.84,7.287693
14.95,17.981943
23.9,15.004449
11.99,15.330659
600.0,597.2137
2.99,6.32743
149.99,147.11284
44.85,17.981943
11.95,15.004449
11.95,15.023435
7.68,7.2700386
11.95,14.963883
389.99,386.1648
700.0,696.70764
149.99,147.19774
2.99,6.32743
2.99,6.32743
150.0,148.88298
11.95,15.004449
11.95,15.004449
11.99,15.376216
2.99,6.32743
109.99,116.2413
150.0,148.88298
11.5199995,7.287693
700.0,697.1036
400.0,393.22757
11.95,14.9966135
150.0,148.82901
23.9,15.004449
150.0,148.82901
150.0,148.82901
14.95,17.981943
379.99,376.2752
109.99,116.192635
3.84,7.287693
14.95,17.981943
379.99,376.44208
150.0,148.82901
600.0,596.0359
600.0,596.15265
7.68,7.287693
389.99,386.36197
14.95,17.981943
11.95,15.004449
150.0,148.82901
150.0,148.82901
700.0,697.1036
379.99,376.18167
11.99,15.376216
14.95,17.981943
99.99,103.424286
11.99,15.393273
8.97,6.32743
11.99,15.307935
150.0,148.82901
3.84,7.3181686
3.84,7.287693
3.84,7.287693
700.0,696.45917
149.99,147.0903
2.99,6.32743
150.0,148.6165
3.84,7.287693
7.68,7.3181686
700.0,697.1036
14.95,17.981943
11.99,15.406947
3.84,7.287693
389.99,386.33044
2.99,6.32743
14.95,17.981943
11.99,15.376216
2.99,6.32743
11.95,15.004449
3.84,7.287693
1700.0,1695.6127
23.98,15.406947
8.97,6.32743
2.99,6.32743
150.0,148.69675
2.99,6.32743
99.99,103.43608
2.99,6.32743
14.95,17.981943
2.99,6.32743
2.99,6.3160267
600.0,596.0359
99.99,103.50367
11.99,15.376216
300.0,295.9333
11.95,15.012214
3.84,7.287693
14.95,17.981943
700.0,696.70764
11.95,15.004449
3.84,7.287693
150.0,148.82901
99.99,103.79724
300.0,296.38327
300.0,296.22922
7.68,7.292285
389.99,386.67395
5.98,6.32743
389.99,387.12982
11.99,15.374248
700.0,696.70764
300.0,296.15152
99.99,104.0632
11.95,15.012214
999.99,994.7814
109.99,115.79502
3.84,7.287693
11.99,15.374248
700.0,696.45917
2.99,6.32743
3.84,7.287693
379.99,376.40332
11.99,15.406947
600.0,595.8439
1700.0,1695.6522
150.0,148.82901
2.99,6.32743
8.97,6.32743
99.99,103.46622
150.0,148.82901
11.95,15.004449
109.99,116.19889
379.99,376.44208
11.95,15.004449
11.99,15.307935
99.99,103.76638
379.99,376.6002
150.0,148.82901
14.95,17.981943
11.99,15.376216
600.0,596.0359
389.99,386.23508
3.84,7.287693
379.99,383.14032
11.95,15.004449
14.95,17.981943
14.95,17.933777
3.84,7.287693
7.68,7.287693
5.98,6.32743
1700.0,1695.3777
99.99,103.88673
5.98,6.506794
99.99,104.0632
1700.0,1696.1173
300.0,297.61258
2.99,6.32743
11.95,15.012214
11.99,15.376216
600.0,597.2137
11.95,15.004449
3.84,7.287693
14.95,18.004467
389.99,386.23508
14.95,17.981943
11.95,15.012214
14.95,17.981943
389.99,386.65384
99.99,105.21419
5.98,6.32743
99.99,103.9533
11.99,15.406947
14.95,17.981943
150.0,148.82901
300.0,296.2397
99.99,103.88673
8.97,6.32743
11.95,15.004449
600.0,595.8439
3.84,7.3181686
11.95,15.031746
11.95,15.012214
2.99,6.32743
3.84,7.287693
11.95,15.012214
700.0,696.45917
99.99,104.02405
999.99,994.7814
11.95,15.012214
14.95,18.030027
3.84,7.287693
11.99,15.376216
3.84,7.287693
150.0,148.89484
8.97,6.3160267
5.98,6.32743
11.5199995,7.287693
150.0,148.88298
99.99,104.0632
2.99,6.32743
2.99,6.32743
11.95,15.004449
11.99,15.307935
389.99,386.2449
99.99,103.703476
389.99,386.23508
2.99,6.32743
150.0,148.82901
2.99,6.32743
149.99,146.93521
3.84,7.2700386
400.0,392.40265
379.99,376.44208
5.98,6.32743
700.0,696.70764
2.99,6.32743
11.95,15.004449
600.0,596.15265
14.95,17.981943
149.99,146.86252
11.95,14.962919
3.84,7.287693
11.5199995,7.287693
14.95,17.981943
300.0,296.3207
5.98,6.32743
379.99,376.44208
3.84,7.287693
700.0,696.70764
999.99,1002.48895
11.99,15.376216
700.0,696.70764
99.99,103.99736
999.99,994.7814
11.95,15.012214
11.99,15.26867
300.0,298.32
1700.0,1695.6522
700.0,696.70764
14.95,17.933777
14.95,17.981943
389.99,386.17462
11.99,15.376216
150.0,148.82901
149.99,147.15523
3.84,7.287693
11.99,15.307935
379.99,376.40332
11.95,15.004449
99.99,103.95873
11.95,14.9966135
11.99,15.376216
150.0,148.82901
11.95,15.004449
300.0,299.59525
150.0,148.82901
2.99,6.32743
14.95,17.981943
11.95,15.004449
11.95,15.004449
11.99,15.406947
389.99,386.67395
11.96,6.3160267
400.0,392.5175
389.99,386.15256
150.0,148.82901
99.99,103.99736
150.0,148.69675
109.99,116.15235
23.9,15.023435
1700.0,1698.1686
999.99,994.7814
2.99,6.32743
150.0,148.82901
14.95,17.933777
3.84,7.3099394
11.99,15.23622
389.99,386.43832
11.95,15.004449
700.0,696.70764
11.99,15.374248
14.95,17.933777
700.0,696.45917
999.99,994.7814
14.95,17.933777
149.99,147.15535
3.84,7.287693
2.99,6.32743
11.95,15.012214
700.0,696.45917
11.99,15.519269
600.0,596.0359
150.0,148.82901
23.98,15.26867
2.99,6.32743
11.99,15.374248
999.99,994.5261
389.99,386.43832
150.0,148.82901
999.99,994.7814
11.95,15.012214
150.0,148.89484
11.95,14.962919
14.95,17.981943
11.99,15.374248
23.98,15.406947
14.95,17.981943
23.9,15.004449
14.95,17.981943
700.0,696.45917
150.0,148.67563
1700.0,1709.7152
379.99,375.89178
11.95,15.004449
11.95,14.963883
29.9,17.981943
109.99,115.90097
23.9,15.004449
149.99,147.28122
400.0,392.40265
11.95,15.012214
11.95,15.004449
700.0,696.45917
2.99,6.32743
14.95,17.981943
14.95,17.933777
150.0,148.82901
109.99,116.283134
109.99,116.283134
389.99,386.43832
300.0,295.9541
14.95,17.981943
149.99,147.15535
11.95,15.004449
389.99,386.1869
11.95,15.004449
7.68,7.287693
150.0,148.88298
109.99,116.18341
14.95,18.055319
11.95,15.004449
99.99,103.97473
99.99,104.0632
150.0,148.82901
149.99,147.30376
11.99,15.39894
11.95,15.004449
11.95,14.962919
150.0,148.82901
23.9,14.970684
2.99,6.32743
1700.0,1696.9395
2.99,6.32743
14.95,17.933777
700.0,696.45917
99.99,103.811646
3.84,7.287693
150.0,148.89484
150.0,148.82901
14.95,17.981943
99.99,103.620766
11.95,14.963883
7.68,7.2700386
2.99,6.32743
300.0,297.27567
14.95,17.981943
99.99,103.55503
99.99,103.88673
8.97,6.32743
2.99,6.32743
99.99,103.424286
11.95,15.004449
11.95,15.004449
300.0,295.9378
11.99,15.26867
11.95,15.004449
11.95,15.004449
3.84,7.287693
7.68,7.287693
11.99,15.26867
379.99,376.40332
11.95,15.012214
11.99,15.406947
29.9,17.981943
3.84,7.287693
2.99,6.32743
300.0,297.28616
2.99,6.32743
99.99,104.16261
3.84,7.287693
700.0,696.45917
11.99,15.376216
109.99,116.19889
11.99,15.429671
1700.0,1695.6414
400.0,393.6818
3.84,7.3181686
150.0,148.88298
600.0,596.19214
11.5199995,7.287693
11.99,15.26867
11.95,15.004449
300.0,297.7482
3.84,7.287693
14.95,17.981943
11.99,15.376216
14.95,17.981943
14.95,18.030027
11.95,15.004449
11.99,15.376216
389.99,386.26007
8.97,6.32743
14.95,17.981943
3.84,7.3099394
2.99,6.32743
14.95,17.981943
2.99,6.32743
11.95,15.012214
3.84,7.287693
23.98,15.406947
11.95,15.012214
2.99,6.32743
700.0,696.45917
149.99,147.30376
14.95,18.030027
2.99,6.32743
379.99,376.09906
14.95,17.933777
150.0,149.33424
14.95,17.981943
999.99,994.7814
14.95,17.981943
3.84,7.2700386
14.95,17.933777
999.99,994.7814
2.99,6.506794
150.0,148.82901
14.95,17.981943
11.99,15.406947
11.99,15.374248
11.99,15.376216
14.95,17.981943
2.99,6.32743
150.0,148.82901
2.99,6.32743
11.95,15.01465
2.99,6.3160267
99.99,103.966805
150.0,148.82901
14.95,17.981943
2.99,6.32743
150.0,148.88298
700.0,696.45917
14.95,18.055319
99.99,103.70015
8.97,6.32743
11.95,15.004449
99.99,103.9268
7.68,7.3099394
11.99,15.406947
11.95,15.004449
11.99,15.406947
2.99,6.32743
11.95,15.004449
99.99,103.3635
3.84,7.3099394
11.99,15.406947
3.84,7.287693
14.95,18.004467
379.99,377.73404
5.98,6.32743
389.99,386.0497
23.98,15.406947
11.99,15.376216
2.99,6.506794
14.95,17.981943
150.0,148.82901
11.99,15.406947
3.84,7.287693
14.95,17.981943
29.9,17.981943
11.5199995,7.287693
5.98,6.32743
99.99,107.52595
149.99,146.93521
99.99,104.0632
300.0,296.3207
99.99,104.05471
11.99,15.376216
11.95,15.004449
600.0,585.26215
2.99,6.32743
14.95,17.981943
11.99,15.406947
2.99,6.32743
2.99,6.32743
3.84,7.287693
1700.0,1695.6522
11.95,15.012214
99.99,103.9707
600.0,596.109
700.0,696.45917
150.0,148.89484
149.99,146.82
99.99,103.7314
2.99,6.32743
11.95,14.962919
379.99,377.6057
150.0,148.6165
5.98,6.32743
2.99,6.32743
3.84,7.287693
14.95,17.981943
149.99,147.30376
150.0,148.67563
150.0,148.6165
14.95,17.933777
11.95,14.963883
109.99,115.880714
700.0,696.70764
150.0,148.88298
11.95,15.023435
11.99,15.406947
11.96,6.32743
149.99,147.34627
1700.0,1696.5453
11.95,15.023435
2.99,6.32743
14.95,17.933777
150.0,148.82901
14.95,17.933777
700.0,696.8847
379.99,376.18167
11.95,15.004449
99.99,104.0632
2.99,6.32743
600.0,595.8439
23.9,15.012214
14.95,17.981943
14.95,17.981943
2.99,6.32743
150.0,148.82901
11.95,15.004449
150.0,148.75072
150.0,148.82901
99.99,103.424286
379.99,376.40332
99.99,103.424286
99.99,103.78875
700.0,696.70764
379.99,376.40332
5.98,6.3160267
99.99,103.708275
150.0,148.82901
379.99,376.44208
300.0,296.72626
99.99,103.74607
11.99,15.39894
11.99,15.23622
3.84,7.287693
300.0,296.10355
23.98,15.307935
150.0,148.7296
11.99,15.26867
8.97,6.32743
14.95,17.981943
99.99,103.35191
99.99,103.620766
3.84,7.287693
11.99,15.406947
14.95,17.981943
149.99,147.34627
600.0,595.96063
11.5199995,7.287693
400.0,418.23386
379.99,376.40332
2.99,6.32743
11.95,15.004449
11.99,15.406947
389.99,386.43832
99.99,103.835464
11.95,15.004449
11.99,15.23622
11.99,15.429671
11.95,15.004449
600.0,595.8439
700.0,697.3461
99.99,103.65856
2.99,6.32743
150.0,148.82901
149.99,147.0903
389.99,386.36197
300.0,296.38327
2.99,6.32743
3.84,7.287693
23.98,15.374248
219.98,116.192635
150.0,148.48424
600.0,585.26215
3.84,7.287693
389.99,386.43832
14.95,18.004467
999.99,994.7814
149.99,147.15523
150.0,148.88298
11.95,15.004449
3.84,7.287693
99.99,103.46622
150.0,148.82901
150.0,148.82901
99.99,103.703476
379.99,375.89178
14.95,17.981943
149.99,147.09781
300.0,297.7482
14.95,17.933777
11.95,15.012214
29.9,17.981943
11.99,15.406947
7.68,7.287693
600.0,596.109
149.99,147.15523
11.95,15.004449
600.0,596.15265
14.95,17.981943
11.95,15.023435
999.99,994.7814
400.0,392.40265
149.99,147.19774
99.99,103.424286
5.98,6.506794
14.95,17.981943
35.85,15.004449
23.98,15.376216
700.0,696.62866
14.95,18.004467
11.99,15.406947
14.95,17.981943
7.68,7.287693
14.95,17.933777
99.99,103.620766
14.95,18.030027
300.0,297.28616
1700.0,1695.6675
389.99,386.17462
7.68,7.287693
150.0,148.69675
5.98,6.32743
3.84,7.287693
11.95,15.004449
11.99,15.376216
14.95,17.981943
99.99,103.620766
150.0,148.82901
150.0,148.88298
11.95,14.963883
35.97,15.330659
14.95,18.030027
7.68,7.287693
11.99,15.406947
2.99,6.32743
2.99,6.32743
999.99,994.5261
2.99,6.32743
149.99,147.11284
11.95,15.012214
11.95,15.004449
2.99,6.32743
700.0,696.70764
149.99,147.15535
400.0,392.3747
379.99,376.6002
150.0,148.82901
11.95,15.012214
2.99,6.32743
23.9,15.004449
29.9,17.981943
11.95,15.023435
600.0,597.2137
999.99,994.7814
2.99,6.32743
600.0,596.709
14.95,17.933777
23.9,15.004449
150.0,148.88298
11.95,15.012214
2.99,6.3160267
99.99,103.8157
3.84,7.287693
11.95,15.012214
3.84,7.287693
999.99,994.7814
14.95,17.981943
3.84,7.287693
14.95,17.981943
150.0,148.82901
29.9,17.933777
5.98,6.32743
300.0,297.28616
149.99,147.21011
150.0,148.67563
14.95,17.981943
2.99,6.32743
3.84,7.287693
7.68,7.3099394
11.99,15.26867
11.99,15.429671
2.99,6.32743
389.99,386.07935
109.99,116.13541
2.99,6.32743
11.99,15.406947
150.0,148.82901
150.0,148.53821
3.84,7.287693
5.98,6.3160267
99.99,103.92633
7.68,7.287693
5.98,6.506794
23.9,15.004449
149.99,147.05344
11.95,15.004449
11.99,15.406947
2.99,6.32743
5.98,6.3160267
3.84,7.3099394
149.99,147.15535
150.0,148.82901
11.99,15.406947
11.99,15.406947
109.99,116.34036
3.84,7.287693
109.99,116.19889
11.99,15.406947
11.95,15.004449
23.9,14.970684
150.0,148.89484
11.95,15.004449
8.97,6.32743
99.99,103.50367
2.99,6.32743
300.0,295.91846
3.84,7.287693
11.95,15.012214
2.99,6.3160267
11.95,15.004449
150.0,148.89484
3.84,7.3099394
379.99,376.09906
2.99,6.32743
5.98,6.32743
2.99,6.32743
14.95,17.981943
11.95,15.012214
2.99,6.32743
7.68,7.2700386
150.0,148.89484
2.99,6.32743
2.99,6.32743
11.99,15.374248
149.99,147.34627
99.99,103.9268
109.99,116.01489
11.99,15.488538
150.0,148.82901
150.0,148.67563
2.99,6.32743
14.95,18.055319
11.99,15.374248
1700.0,1695.3292
1700.0,1695.6414
8.97,6.32743
1700.0,1695.6522
400.0,392.40265
11.95,15.012214
150.0,148.82901
2.99,6.32743
109.99,116.84453
1700.0,1695.6401
11.95,15.004449
11.95,15.012214
7.68,7.282076
7.68,7.2700386
600.0,586.73315
11.95,15.004449
3.84,7.287693
149.99,147.15535
11.99,15.376216
150.0,148.82901
11.95,15.004449
389.99,386.43832
150.0,148.82901
11.95,15.004449
700.0,696.45917
3.84,7.287693
11.95,15.004449
3.84,7.287693
3.84,7.287693
11.95,15.012214
109.99,115.880714
11.99,15.376216
150.0,148.88298
2.99,6.3160267
99.99,103.527
149.99,146.82
3.84,7.287693
11.95,15.004449
14.95,17.933777
11.99,15.406947
150.0,148.88298
700.0,696.70764
11.95,14.963883
389.99,386.07935
999.99,994.7814
11.5199995,7.287693
2.99,6.32743
2.99,6.32743
11.99,15.406947
600.0,595.8439
150.0,148.82901
3.84,7.3099394
11.99,15.307935
150.0,148.88298
2.99,6.32743
3.84,7.287693
600.0,595.9819
11.95,15.031199
11.99,15.406947
379.99,376.40332
379.99,378.80988
99.99,103.43608
300.0,296.713
11.95,15.004449
389.99,386.00906
150.0,148.82901
3.84,7.3181686
99.99,103.637634
11.95,15.004449
3.84,7.287693
3.84,7.287693
3.84,7.3181686
1700.0,1695.6414
3.84,7.3181686
99.99,104.0632
1700.0,1697.985
11.95,15.004449
5.98,6.32743
14.95,17.981943
3.84,7.287693
14.95,17.981943
109.99,115.90097
700.0,696.70764
99.99,104.23364
11.95,15.012214
14.95,17.981943
150.0,148.82901
5.98,6.3160267
99.99,103.99217
999.99,994.7814
11.99,15.376216
600.0,596.0359
150.0,148.82901
700.0,696.45917
11.95,14.963883
11.95,15.004449
14.95,17.933777
150.0,148.7296
2.99,6.32743
389.99,386.43832
150.0,148.82901
2.99,6.32743
11.95,14.970684
149.99,147.21011
11.99,15.393273
11.95,15.004449
1700.0,1698.9241
14.95,17.981943
99.99,103.99736
379.99,376.44208
2.99,6.32743
379.99,376.18167
11.95,15.012214
600.0,596.709
11.99,15.406947
389.99,386.24042
99.99,103.57149
14.95,18.004467
11.99,15.406947
23.9,15.023435
11.99,15.406947
149.99,147.11284
23.9,14.963883
5.98,6.32743
149.99,147.15535
150.0,148.82901
149.99,147.28122
389.99,386.43832
3.84,7.287693
99.99,103.65087
300.0,295.91846
23.9,15.012214
11.99,15.374248
389.99,386.2449
14.95,17.981943
600.0,596.5406
99.99,105.21419
14.95,17.981943
7.68,7.2700386
11.95,15.004449
2.99,6.32743
11.95,15.012214
700.0,697.3461
14.95,17.981943
11.95,15.004449
109.99,116.34036
11.99,15.376216
150.0,148.69675
11.99,15.376216
99.99,103.9268
14.95,17.981943
14.95,17.981943
11.96,6.32743
14.95,17.981943
379.99,376.6002
11.95,15.004449
600.0,586.73315
5.98,6.32743
3.84,7.287693
11.95,15.012214
99.99,103.424286
14.95,17.981943
300.0,296.0217
109.99,116.34036
2.99,6.32743
11.99,15.376216
379.99,380.46082
11.95,15.004449
99.99,104.032646
99.99,103.79724
11.99,15.376216
379.99,376.44208
14.95,17.981943
150.0,148.9488
3.84,7.287693
3.84,7.287693
300.0,296.713
149.99,147.11284
99.99,103.88673
109.99,116.34036
35.85,15.004449
2.99,6.32743
379.99,376.8746
379.99,376.41882
150.0,148.82901
2.99,6.32743
14.95,17.981943
300.0,296.46152
99.99,103.85617
600.0,595.8439
379.99,376.09906
149.99,147.19774
999.99,994.7814
5.98,6.32743
5.98,6.3160267
99.99,103.694984
2.99,6.32743
3.84,7.287693
2.99,6.32743
14.95,17.981943
11.99,15.376216
389.99,386.4957
11.99,15.23622
109.99,115.880714
379.99,377.73404
109.99,116.04317
379.99,376.44208
11.96,6.32743
300.0,296.24402
11.99,15.406947
999.99,994.7814
2.99,6.32743
600.0,586.73315
29.9,17.933777
7.68,7.287693
2.99,6.32743
999.99,994.7814
400.0,393.22757
2.99,6.32743
11.95,15.012214
99.99,103.82241
379.99,376.09906
99.99,104.064125
150.0,148.67563
700.0,696.45917
379.99,376.09906
389.99,386.67395
379.99,376.11343
1700.0,1695.5743
389.99,386.43832
1700.0,1696.1173
14.95,17.981943
11.5199995,7.3181686
5.98,6.32743
14.95,17.981943
99.99,103.35191
23.98,15.406947
3.84,7.287693
700.0,696.8847
3.84,7.2700386
2.99,6.32743
14.95,17.981943
1700.0,1697.985
11.95,15.004449
109.99,116.462135
1700.0,1699.7996
14.95,17.981943
99.99,103.424286
1700.0,1695.6401
3.84,7.287693
2.99,6.32743
11.99,15.423194
600.0,596.1739
3.84,7.287693
600.0,585.26215
150.0,148.82901
99.99,103.527
5.98,6.32743
109.99,116.660164
150.0,148.82901
14.95,17.933777
99.99,103.98473
11.95,15.004449
109.99,116.34036
11.95,15.012214
14.95,17.981943
11.95,15.004449
5.98,6.32743
3.84,7.3099394
99.99,104.032646
99.99,103.89625
23.9,15.012214
14.95,17.981943
1200.0,595.96063
149.99,146.9049
600.0,595.8439
14.95,17.981943
389.99,388.29498
99.99,103.86602
3.84,7.287693
8.97,6.32743
14.95,17.981943
5.98,6.32743
11.95,14.962919
150.0,148.69675
379.99,376.40332
150.0,148.7296
700.0,696.70764
14.95,18.030027
109.99,115.82846
600.0,596.0359
5.98,6.32743
109.99,116.34036
1700.0,1695.6127
14.95,17.981943
14.95,17.981943
14.95,17.981943
11.99,15.26867
300.0,296.22922
7.68,7.287693
700.0,697.1036
11.95,14.963883
3.84,7.287693
11.95,15.004449
23.9,15.012214
11.99,15.376216
11.99,15.374248
11.99,15.376216
109.99,115.97744
600.0,596.0359
400.0,392.40265
379.99,376.09906
14.95,17.981943
999.99,994.7814
3.84,7.287693
14.95,17.981943
14.95,17.981943
14.95,17.933777
379.99,383.14032
14.95,17.981943
600.0,596.0359
1700.0,1695.5613
109.99,117.27889
11.99,15.376216
2.99,6.32743
14.95,17.981943
14.95,17.981943
389.99,386.17462
14.95,17.981943
700.0,696.70764
2.99,6.32743
7.68,7.287693
5.98,6.32743
999.99,994.7814
2.99,6.32743
999.99,994.8964
11.95,15.01465
11.99,15.406947
149.99,147.0903
99.99,103.86602
149.99,147.30376
389.99,386.31033
389.99,386.8105
99.99,103.83741
11.95,15.012214
99.99,103.76638
3.84,7.3099394
149.99,147.15535
11.95,15.004449
11.95,15.004449
11.95,15.004449
11.99,15.376216
14.95,17.981943
389.99,386.4957
1700.0,1696.1173
2.99,6.32743
700.0,696.45917
5.98,6.32743
700.0,696.70764
150.0,148.82901
379.99,379.57837
150.0,148.82901
14.95,17.981943
3.84,7.287693
11.99,15.39894
700.0,696.70764
379.99,376.4174
379.99,376.5651
99.99,103.566826
600.0,596.0359
1700.0,1695.0902
2.99,6.32743
11.95,15.023435
11.99,15.374248
7.68,7.3181686
150.0,148.89484
99.99,103.55998
11.99,15.393273
11.95,15.012214
11.99,15.519269
150.0,148.82901
11.99,15.374248
11.5199995,7.287693
99.99,104.0632
14.95,18.030027
109.99,116.84453
109.99,116.192635
1700.0,1696.0317
150.0,148.82901
150.0,148.82901
999.99,994.7814
389.99,386.43832
11.95,15.004449
11.99,15.406947
99.99,103.8157
5.98,6.32743
600.0,586.73315
11.99,15.374248
1700.0,1696.0317
44.85,17.981943
400.0,391.7063
3.84,7.287693
11.95,15.012214
2.99,6.32743
149.99,147.21011
600.0,596.109
600.0,596.0359
99.99,103.8157
379.99,376.18167
11.95,14.963883
11.99,15.376216
150.0,148.82901
300.0,296.72626
11.99,15.406947
99.99,103.97473
999.99,994.7814
14.95,17.981943
14.95,17.981943
11.99,15.406947
300.0,296.13287
5.98,6.32743
11.95,15.012214
14.95,17.981943
11.5199995,7.2700386
2.99,6.32743
14.95,17.981943
600.0,586.73315
3.84,7.287693
150.0,148.54337
14.95,17.981943
14.95,17.981943
99.99,103.28905
150.0,148.69675
1700.0,1698.5653
3.84,7.287693
700.0,696.45917
150.0,148.82901
11.96,6.8192496
11.99,15.376216
150.0,148.88298
99.99,103.28905
389.99,385.92
99.99,103.65856
150.0,148.82901
379.99,376.09906
14.95,17.933777
700.0,696.45917
150.0,148.82901
11.95,15.004449
999.99,994.7814
99.99,103.99736
23.98,15.376216
99.99,103.88673
3.84,7.287693
3.84,7.287693
150.0,148.82901
3.84,7.287693
11.95,15.031199
149.99,147.05344
11.99,15.376216
3.84,7.3181686
2.99,6.32743
149.99,147.15535
600.0,596.0359
109.99,115.82846
11.95,15.004449
3.84,7.287693
700.0,697.6562
150.0,148.82901
150.0,148.82901
14.95,17.981943
11.95,15.012214
300.0,295.68372
3.84,7.287693
150.0,148.88298
600.0,595.8439
149.99,147.11284
99.99,103.85617
389.99,386.2449
99.99,103.75491
1700.0,1695.6522
23.9,15.004449
2.99,6.32743
14.95,17.981943
11.95,15.004449
11.95,15.004449
2.99,6.32743
11.5199995,7.287693
3.84,7.3181686
14.95,17.981943
700.0,696.70764
600.0,595.8439
5.98,6.32743
99.99,103.620766
389.99,386.10904
11.95,15.004449
5.98,6.32743
3.84,7.287693
2.99,6.32743
99.99,103.527
3.84,7.287693
149.99,147.34627
14.95,17.981943
11.99,15.376216
3.84,7.287693
99.99,103.9268
700.0,696.45917
2.99,6.3160267
11.99,15.374248
999.99,994.7814
2.99,6.32743
15.36,7.287693
3.84,7.3181686
14.95,17.981943
99.99,104.081215
400.0,392.40265
99.99,103.33066
3.84,7.3099394
11.95,15.004449
11.95,14.9966135
11.5199995,7.3099394
14.95,17.981943
2.99,6.32743
11.99,15.374248
29.9,17.981943
23.9,15.012214
150.0,148.82901
11.99,15.307935
300.0,297.28616
999.99,994.7814
99.99,103.83741
389.99,386.24042
14.95,17.981943
11.99,15.406947
99.99,104.04793
700.0,696.45917
999.99,994.5261
29.9,17.981943
5.98,6.3160267
389.99,386.43832
3.84,7.2700386
150.0,148.69675
11.95,15.012214
11.95,14.963883
11.99,15.26867
389.99,387.01276
14.95,17.981943
23.9,15.004449
3.84,7.287693
2.99,6.32743
300.0,296.35812
149.99,147.15535
3.84,7.3181686
11.99,15.26867
3.84,7.3181686
2.99,6.32743
149.99,147.11284
400.0,392.5175
3.84,7.287693
11.99,15.406947
149.99,147.15523
3.84,7.287693
3.84,7.287693
999.99,994.7814
379.99,376.403
23.98,15.376216
149.99,146.93521
2.99,6.32743
389.99,386.2449
2.99,6.32743
7.68,7.3181686
5.98,6.32743
300.0,296.32608
11.95,15.004449
99.99,103.806854
150.0,148.82901
300.0,297.27567
11.95,15.004449
11.95,15.004449
149.99,146.93521
150.0,148.75072
2.99,6.32743
2.99,6.32743
300.0,296.6731
400.0,392.40265
600.0,596.15265
1700.0,1695.6127
2.99,6.3160267
150.0,148.69675
99.99,103.76638
11.95,15.004449
600.0,596.19214
11.95,14.962919
14.95,17.933777
2.99,6.32743
11.99,15.406947
300.0,296.72626
11.95,15.006886
99.99,103.83741
149.99,147.30376
2.99,6.32743
11.95,15.004449
14.95,17.981943
11.95,14.963883
11.95,14.962919
3.84,7.287693
109.99,116.388
600.0,596.5406
600.0,596.0359
11.5199995,7.287693
5.98,6.3160267
999.99,994.7814
2.99,6.3160267
2.99,6.506794
389.99,385.92
2.99,6.32743
600.0,595.9819
11.99,15.406947
5.98,6.32743
11.99,15.376216
11.95,15.012214
99.99,103.99736
379.99,376.44208
3.84,7.287693
400.0,392.40265
700.0,696.45917
3.84,7.287693
149.99,147.15535
999.99,994.7814
600.0,595.8439
11.95,15.004449
99.99,103.7314
150.0,148.82901
219.98,116.411575
14.95,18.034414
150.0,148.89484
14.95,17.981943
11.95,15.004449
11.95,15.012214
14.95,17.981943
3.84,7.287693
150.0,148.88298
150.0,148.82901
600.0,596.19214
99.99,103.982765
600.0,585.26215
5.98,6.32743
8.97,6.32743
389.99,386.09482
600.0,596.15265
2.99,6.32743
11.95,15.004449
600.0,596.19214
150.0,148.82901
700.0,696.70764
700.0,697.3461
7.68,7.287693
1700.0,1698.9346
99.99,103.424286
2.99,6.32743
379.99,376.8746
700.0,696.62866
379.99,376.09906
11.99,15.376216
150.0,148.82901
23.9,14.962919
389.99,386.23508
8.97,6.32743
7.68,7.3181686
109.99,115.97744
11.99,15.376216
1700.0,1695.6522
3.84,7.287693
11.99,15.393273
300.0,296.2497
150.0,148.82901
999.99,994.7814
150.0,148.82901
2.99,6.32743
7.68,7.3181686
389.99,386.43832
99.99,103.88673
11.99,15.406947
11.99,15.429671
14.95,17.981943
11.95,15.004449
11.5199995,7.287693
150.0,148.89484
700.0,696.6241
150.0,148.82901
5.98,6.506794
1700.0,1695.6127
2.99,6.32743
600.0,596.19214
3.84,7.287693
300.0,296.24402
14.95,17.981943
700.0,696.70764
109.99,115.880714
11.95,15.031746
11.99,15.376216
11.95,14.963883
150.0,148.69675
3.84,7.287693
14.95,6.32743
3.84,7.287693
11.99,15.376216
2.99,6.32743
14.95,17.981943
17.94,6.32743
11.99,15.374248
14.95,17.933777
1700.0,1698.3942
3.84,7.3181686
150.0,148.82901
700.0,696.70764
11.95,15.004449
14.95,18.004467
2.99,6.32743
199.98,103.55503
300.0,296.2397
600.0,586.73315
3.84,7.287693
150.0,148.82901
11.95,14.970684
150.0,148.69675
14.95,17.981943
14.95,17.933777
23.98,15.429671
99.99,103.527
3.84,7.287693
3.84,7.287693
2.99,6.32743
3.84,7.287693
2.99,6.32743
149.99,146.86252
3.84,7.3181686
109.99,115.79502
99.99,103.34855
2.99,6.8192496
11.99,15.376216
11.95,15.012214
47.96,15.307935
23.98,15.26867
1700.0,1696.1173
389.99,386.17462
14.95,17.981943
149.99,147.15535
14.95,17.981943
150.0,148.82901
11.95,15.004449
300.0,298.32
389.99,385.92
150.0,148.82901
300.0,296.32608
14.95,17.981943
14.95,18.004467
11.99,15.374248
11.95,15.004449
14.95,18.030027
99.99,104.047066
99.99,104.82013
11.95,15.004449
2.99,6.32743
150.0,148.82901
379.99,376.40332
11.95,15.004449
3.84,7.287693
3.84,7.287693
150.0,148.82901
99.99,103.966805
5.98,6.32743
11.95,15.004449
11.96,6.32743
14.95,17.981943
11.99,15.374248
11.99,15.376216
600.0,596.15265
11.99,15.376216
150.0,148.89484
389.99,386.43832
11.99,15.406947
700.0,696.62866
379.99,376.40332
14.95,17.981943
99.99,103.83741
11.99,15.406947
11.99,15.39894
11.99,15.376216
11.95,15.012214
5.98,6.32743
11.95,14.963883
3.84,7.287693
150.0,148.82901
14.95,18.030027
150.0,148.82901
1700.0,1695.5743
379.99,376.11343
3.84,7.287693
14.95,17.981943
11.95,15.004449
700.0,697.6562
700.0,696.70764
150.0,148.89484
99.99,103.50367
3.84,7.287693
14.95,17.981943
11.95,15.004449
379.99,376.6002
3.84,7.287693
99.99,103.32522
3.84,7.287693
11.95,15.004449
99.99,103.9268
149.99,147.11284
3.84,7.287693
149.99,147.19774
11.95,15.004449
14.95,17.981943
999.99,994.7814
14.95,18.085264
11.99,15.374248
11.99,15.376216
379.99,376.44208
99.99,104.032646
11.95,14.963883
11.95,15.012214
14.95,17.981943
700.0,696.45917
11.95,15.012214
1700.0,1695.6414
600.0,596.5406
3.84,7.287693
99.99,103.566826
3.84,7.287693
14.95,17.933777
11.95,14.963883
11.99,15.307935
11.99,15.330659
11.95,15.004449
11.95,14.9966135
149.99,147.34627
99.99,103.67036
23.9,14.970684
99.99,103.5217
99.99,103.33066
3.84,7.3099394
2.99,6.32743
150.0,148.88298
150.0,148.82901
3.84,7.287693
150.0,148.82901
149.99,147.13269
5.98,6.32743
700.0,696.70764
389.99,386.43832
99.99,103.41523
1700.0,1695.3777
11.95,15.012214
999.99,994.7814
14.95,17.981943
379.99,376.44208
14.95,17.981943
2.99,6.32743
149.99,147.0903
3.84,7.287693
11.99,15.23622
11.95,15.023435
11.95,15.01465
150.0,148.82901
150.0,148.82901
14.95,17.981943
14.95,17.981943
150.0,148.82901
150.0,148.82901
11.95,14.9966135
1700.0,1695.6522
2.99,6.506794
2.99,6.32743
11.95,15.012214
2.99,6.3160267
14.95,17.981943
999.99,994.7814
1700.0,1695.6492
700.0,696.70764
379.99,376.403
149.99,147.11284
5.98,6.32743
150.0,148.88298
150.0,148.82901
19.199999,7.287693
11.95,15.012214
400.0,392.40265
300.0,296.38327
14.95,17.981943
400.0,392.3747
11.99,15.376216
150.0,148.82901
11.99,15.376216
11.99,15.26867
3.84,7.287693
29.9,17.933777
3.84,7.287693
999.99,994.80945
300.0,296.39377
1700.0,1695.473
3.84,7.3099394
150.0,148.82901
109.99,116.34036
11.95,15.031199
379.99,376.40332
700.0,696.8847
11.95,15.004449
99.99,104.024155
99.99,103.7056
14.95,17.981943
389.99,386.09482
5.98,6.32743
600.0,585.26215
11.95,15.004449
1700.0,1695.6401
3.84,7.287693
11.99,15.376216
11.99,15.376216
389.99,386.17462
11.95,14.962919
999.99,994.7814
149.99,146.82
11.95,15.012214
109.99,115.90097
109.99,115.71908
389.99,386.11353
300.0,148.82901
11.95,15.012214
700.0,696.6241
2.99,6.32743
11.99,15.519269
2.99,6.32743
2.99,6.32743
11.95,15.023435
7.68,7.287693
150.0,148.82901
14.95,17.981943
11.95,14.963883
14.95,6.32743
300.0,296.9128
150.0,148.82901
11.95,15.004449
8.97,6.3160267
29.9,18.004467
11.99,15.376216
2.99,6.32743
14.95,17.981943
11.99,15.374248
11.99,15.307935
11.95,15.004449
99.99,103.76638
14.95,17.981943
1700.0,1695.6401
109.99,116.34036
11.95,15.004449
300.0,296.22922
700.0,696.62866
400.0,400.14594
150.0,148.48424
99.99,103.8157
11.95,15.004449
150.0,148.69675
700.0,696.45917
99.99,103.50367
150.0,148.88298
150.0,148.82901
3.84,7.2700386
11.99,15.376216
14.95,6.32743
11.95,15.012214
700.0,696.70764
150.0,148.89484
400.0,392.40265
3.84,7.287693
149.99,147.34627
11.99,15.374248
1700.0,1709.7152
3.84,7.3181686
600.0,585.26215
150.0,148.82901
14.95,17.981943
11.99,15.453925
3.84,7.287693
2.99,6.32743
14.95,17.981943
3.84,7.287693
14.95,17.981943
29.9,17.981943
99.99,103.83741
759.98,376.09906
11.99,15.376216
150.0,148.82901
99.99,103.99736
600.0,595.8439
3.84,7.3099394
11.95,15.004449
2.99,6.32743
1700.0,1696.0317
11.95,15.012214
99.99,103.620766
700.0,696.62866
2.99,6.32743
2.99,6.32743
700.0,696.45917
379.99,376.44208
11.95,14.962919
5.98,6.32743
23.98,15.26867
15.36,7.2700386
2.99,6.32743
389.99,386.35245
11.95,14.970684
11.99,15.406947
379.99,376.44208
3.84,7.287693
99.99,103.806854
150.0,148.6165
11.99,15.307935
2.99,6.32743
379.99,376.40332
2.99,6.506794
2.99,6.3160267
3.84,7.3181686
11.95,14.963883
11.96,6.3160267
300.0,295.80002
11.5199995,7.287693
600.0,596.5406
1700.0,1697.0292
149.99,147.19774
300.0,296.35812
99.99,103.92633
14.95,17.981943
3.84,7.3099394
389.99,387.1554
150.0,148.82901
2.99,6.32743
2.99,6.32743
700.0,696.45917
5.98,6.32743
14.95,17.981943
379.99,376.4174
149.99,147.30376
99.99,103.87749
400.0,392.40265
5.98,6.32743
700.0,696.70764
389.99,387.0941
11.99,15.26867
2.99,6.32743
150.0,148.88298
379.99,376.09906
150.0,148.82901
109.99,116.031624
8.97,6.32743
11.99,15.406947
700.0,696.70764
11.99,15.376216
1700.0,1695.6522
14.95,17.981943
99.99,103.806854
150.0,148.82901
11.99,15.376216
3.84,7.287693
11.99,15.423194
999.99,994.7814
11.99,15.374248
3.84,7.287693
3.84,7.287693
14.95,18.030027
3.84,7.287693
2.99,6.32743
3.84,7.3181686
379.99,376.40332
11.95,15.012214
600.0,596.0359
14.95,17.981943
11.95,15.004449
999.99,994.7814
300.0,297.54474
389.99,386.43832
379.99,376.09906
2.99,6.32743
700.0,696.70764
149.99,147.19774
23.9,15.012214
2.99,6.32743
300.0,296.09308
999.99,994.7814
11.95,15.031746
23.9,15.004449
11.99,15.374248
99.99,103.393036
5.98,6.32743
3.84,7.287693
2.99,6.32743
14.95,17.981943
389.99,386.67395
2.99,6.32743
11.95,15.012214
11.99,15.376216
11.99,15.376216
7.68,7.3181686
1700.0,1695.6401
109.99,116.18341
600.0,595.8439
150.0,148.82901
199.98,103.83741
1700.0,1696.0354
14.95,17.981943
11.99,15.307935
3.84,7.287693
14.95,17.933777
29.9,17.981943
300.0,296.24402
11.95,15.004449
11.95,15.004449
109.99,116.26111
300.0,297.13208
2.99,6.32743
99.99,103.9533
149.99,147.15535
11.95,15.004449
150.0,148.69675
5.98,6.32743
149.99,146.86252
150.0,148.67563
2.99,6.32743
3.84,7.287693
1700.0,1695.5743
999.99,994.7814
11.99,15.376216
23.9,15.004449
3.84,7.287693
99.99,103.83741
11.95,15.012214
14.95,17.981943
389.99,386.02106
3.84,7.3099394
11.95,14.962919
149.99,147.15523
14.95,17.933777
14.95,17.981943
99.99,104.0632
11.5199995,7.3181686
700.0,697.1036
99.99,104.82013
11.95,15.004449
11.95,15.004449
999.99,994.7814
5.98,6.32743
2.99,6.32743
11.95,14.963883
600.0,596.1739
11.95,15.004449
11.95,14.970684
2.99,6.506794
14.95,17.981943
5.98,6.32743
3.84,7.287693
2.99,6.32743
3.84,7.287693
14.95,17.981943
11.99,15.307935
300.0,296.0082
600.0,595.8439
11.95,15.004449
29.9,17.981943
3.84,7.287693
99.99,103.708275
3.84,7.282076
2.99,6.32743
389.99,386.67395
14.95,18.030027
14.95,17.933777
600.0,596.19214
14.95,17.933777
99.99,103.99736
14.95,17.933777
1700.0,1696.0317
14.95,17.981943
99.99,103.83741
11.99,15.406947
11.99,15.376216
11.99,15.374248
99.99,103.424286
150.0,148.82901
5.98,6.32743
11.99,15.406947
379.99,376.1029
99.99,103.28905
109.99,116.79018
7.68,7.287693
11.95,15.012214
11.99,15.406947
14.95,17.933777
150.0,148.82901
2.99,6.32743
149.99,147.15535
1700.0,1697.8785
11.99,15.376216
700.0,697.1036
14.95,17.981943
5.98,6.32743
11.99,15.23622
5.98,6.32743
150.0,148.82901
3.84,7.287693
379.99,380.46082
5.98,6.32743
300.0,296.68903
23.9,15.004449
11.95,15.004449
379.99,376.91418
3.84,7.2700386
700.0,696.45917
700.0,696.4546
600.0,595.96063
2.99,6.32743
600.0,597.2137
14.95,17.981943
11.99,15.376216
2.99,6.3160267
99.99,103.83741
1700.0,1695.5743
23.9,14.963883
14.95,17.933777
150.0,148.82901
999.99,994.7814
99.99,103.79539
379.99,376.09906
109.99,115.82846
149.99,147.15535
14.95,17.981943
11.95,15.004449
14.95,17.981943
300.0,296.3207
149.99,147.34627
11.99,15.376216
3.84,7.287693
11.99,15.376216
14.95,17.981943
11.95,15.004449
11.99,15.406947
14.95,18.030027
2.99,6.32743
150.0,148.82901
2.99,6.32743
389.99,386.56204
700.0,696.70764
14.95,17.981943
99.99,103.33066
14.95,18.055319
11.99,15.307935
150.0,148.82901
2.99,6.32743
150.0,148.82901
11.99,15.374248
150.0,148.9488
389.99,386.67395
389.99,386.11353
99.99,103.7314
14.95,17.933777
11.95,15.004449
2.99,6.32743
14.95,17.981943
3.84,7.3181686
14.95,17.933777
379.99,375.89178
379.99,376.40332
11.99,15.374248
11.95,14.962919
150.0,148.82901
11.95,15.012214
2.99,6.32743
7.68,7.287693
300.0,295.56528
23.98,15.376216
14.95,18.030027
3.84,7.287693
99.99,103.68212
14.95,17.981943
29.9,18.055319
300.0,295.80002
11.99,15.376216
2.99,6.32743
99.99,103.85617
2.99,6.32743
11.99,15.26867
11.99,15.39894
14.95,17.981943
14.95,17.981943
14.95,17.981943
5.98,6.32743
149.99,146.86252
11.99,15.406947
149.99,146.82
700.0,696.62866
14.95,17.933777
14.95,17.981943
14.95,17.981943
11.95,14.970684
3.84,7.287693
3.84,7.287693
7.68,7.3099394
14.95,17.981943
999.99,994.7814
3.84,7.287693
3.84,7.3181686
11.95,15.004449
11.95,14.963883
99.99,104.0632
5.98,6.32743
700.0,696.45917
300.0,297.4086
11.99,15.307935
2.99,6.506794
11.99,15.39894
14.95,18.055319
300.0,297.27124
1700.0,1695.473
999.99,994.8366
999.99,994.7814
389.99,386.36197
14.95,17.981943
14.95,17.933777
23.98,15.376216
3.84,7.287693
600.0,595.9819
99.99,103.9268
2.99,6.32743
700.0,696.4546
11.99,15.376216
11.99,15.406947
600.0,596.709
5.98,6.32743
47.8,15.004449
23.9,15.004449
3.84,7.287693
11.99,15.406947
600.0,596.5406
14.95,17.981943
99.99,103.637245
999.99,994.7814
11.99,15.374248
2.99,6.32743
11.95,15.004449
11.95,15.004449
11.95,15.004449
11.99,15.376216
11.95,15.004449
400.0,392.40265
11.99,15.374248
14.95,17.981943
2.99,6.32743
7.68,7.287693
14.95,17.981943
379.99,376.40332
150.0,148.89484
389.99,386.2449
11.99,15.374248
150.0,148.82901
150.0,148.82901
389.99,386.35245
3.84,7.287693
389.99,386.42328
14.95,17.933777
23.9,15.012214
149.99,146.86252
11.95,14.963883
3.84,7.287693
600.0,585.26215
999.99,994.7814
600.0,596.5406
11.95,15.004449
11.95,15.004449
99.99,103.83741
3.84,7.287693
150.0,148.82901
2.99,6.32743
3.84,7.3181686
99.99,103.8309
14.95,17.981943
150.0,148.82901
3.84,7.287693
11.99,15.374248
99.99,104.005394
3.84,7.287693
11.99,15.307935
3.84,7.287693
3.84,7.3181686
5.98,6.32743
3.84,7.287693
14.95,17.981943
149.99,147.0903
11.99,15.374248
2.99,6.32743
14.95,17.981943
149.99,147.34627
11.99,15.376216
11.99,15.429671
11.95,15.004449
300.0,295.80002
300.0,296.713
14.95,17.981943
11.99,15.376216
3.84,7.3181686
149.99,147.15523
600.0,596.1739
14.95,17.981943
150.0,148.89484
2.99,6.32743
700.0,696.6241
99.99,103.424286
11.99,15.374248
150.0,148.82901
14.95,17.981943
3.84,7.287693
11.99,15.376216
14.95,17.981943
150.0,148.82901
23.9,15.004449
11.99,15.376216
7.68,7.287693
2.99,6.32743
11.99,15.519269
11.99,15.376216
379.99,376.5651
150.0,148.82901
700.0,696.70764
14.95,17.981943
3.84,7.287693
1700.0,1695.0902
11.95,14.9488125
11.99,15.406947
29.9,18.030027
999.99,994.7814
5.98,6.32743
7.68,7.3181686
3.84,7.287693
11.95,15.004449
379.99,376.40332
600.0,586.73315
150.0,148.82901
5.98,6.32743
11.95,14.963883
11.95,15.004449
14.95,17.981943
99.99,103.78875
600.0,596.0359
389.99,386.75058
2.99,6.32743
109.99,116.192635
300.0,296.39377
14.95,17.933777
99.99,103.57149
150.0,148.82901
379.99,377.73404
5.98,6.32743
99.99,103.89625
300.0,296.2397
7.68,7.3181686
3.84,7.287693
11.95,15.004449
109.99,116.9255
11.99,15.376216
150.0,148.69675
2.99,6.32743
99.99,103.637634
15.36,7.287693
14.95,17.981943
14.95,17.933777
3.84,7.2700386
3.84,7.287693
11.95,14.962919
149.99,147.34627
389.99,386.67395
389.99,386.23508
11.99,15.406947
700.0,696.45917
99.99,103.82594
14.95,17.933777
150.0,148.89484
99.99,104.20309
600.0,595.96063
150.0,148.89484
11.95,15.004449
389.99,387.12982
700.0,696.45917
150.0,148.82901
150.0,148.69675
11.96,6.32743
11.95,15.004449
389.99,386.35214
99.99,103.424286
11.95,15.004449
999.99,994.80945
11.99,15.406947
11.95,15.004449
3.84,7.3181686
700.0,696.62866
14.95,17.981943
1700.0,1696.0354
700.0,696.70764
2.99,6.506794
150.0,148.82901
150.0,148.82901
5.98,6.32743
11.95,15.004449
3.84,7.287693
3.84,7.287693
14.95,17.981943
14.95,17.981943
23.9,14.970684
379.99,376.09906
3.84,7.287693
11.95,15.004449
109.99,115.82846
14.95,17.981943
2.99,6.32743
109.99,116.26111
14.95,18.004467
3.84,7.287693
3.84,7.287693
109.99,116.192635
14.95,17.981943
11.99,15.26867
3.84,7.287693
150.0,148.82901
14.95,17.981943
3.84,7.3181686
11.95,15.004449
11.95,14.963883
11.99,15.26867
400.0,392.40265
2.99,6.32743
14.95,17.981943
999.99,994.7814
379.99,377.243
14.95,17.981943
150.0,148.67563
600.0,596.15265
99.99,103.79724
999.99,994.7814
389.99,386.67395
400.0,392.40265
3.84,7.3181686
600.0,595.96063
11.95,15.006886
999.99,994.7814
999.99,994.7814
3.84,7.287693
11.95,15.012214
11.95,15.004449
150.0,148.82901
11.95,15.004449
2.99,6.3160267
999.99,994.7814
3.84,7.287693
5.98,6.32743
600.0,595.8439
600.0,596.1739
150.0,148.69675
5.98,6.32743
600.0,596.109
1700.0,1696.1064
8.97,6.32743
99.99,104.032646
3.84,7.3181686
14.95,17.981943
99.99,103.97484
3.84,7.287693
389.99,386.67395
2.99,6.32743
3.84,7.287693
14.95,18.004467
300.0,296.35812
999.99,994.7814
11.99,15.374248
5.98,6.32743
3.84,7.287693
14.95,17.981943
14.95,17.981943
3.84,7.287693
3.84,7.287693
11.99,15.374248
11.95,15.004449
999.99,994.7814
11.99,15.406947
150.0,148.67563
379.99,376.4174
600.0,595.8439
2.99,6.32743
11.99,15.374248
14.95,17.981943
11.95,15.012214
3.84,7.287693
11.95,15.012214
11.95,15.004449
1700.0,1696.1173
150.0,148.82901
99.99,103.424286
14.95,17.981943
5.98,6.32743
150.0,148.82901
149.99,146.82
1700.0,1695.6522
149.99,147.15535
150.0,148.67563
11.99,15.26867
2.99,6.32743
1700.0,1695.6492
389.99,386.23508
2.99,6.32743
150.0,148.88298
379.99,376.40332
700.0,696.45917
3.84,7.3181686
23.98,15.453925
11.99,15.376216
700.0,696.62866
379.99,376.44208
3.84,7.287693
150.0,148.69675
99.99,103.28905
11.99,15.374248
5.98,6.32743
14.95,17.981943
2.99,6.32743
23.98,15.26867
109.99,116.20249
3.84,7.287693
149.99,147.11284
14.95,17.981943
99.99,103.79724
150.0,148.88298
150.0,148.67563
3.84,7.3181686
2.99,6.32743
3.84,7.287693
3.84,7.3181686
149.99,147.0903
11.95,15.004449
700.0,696.45917
11.99,15.376216
11.99,15.374248
389.99,386.00906
14.95,17.981943
389.99,386.35645
14.95,18.004467
14.95,17.981943
14.95,17.981943
11.95,15.004449
14.95,17.981943
11.95,15.004449
150.0,148.82901
3.84,7.287693
14.95,17.981943
389.99,386.25772
14.95,17.981943
99.99,103.85617
3.84,7.3181686
1700.0,1695.6127
389.99,386.2449
14.95,17.981943
1700.0,1697.8785
99.99,103.424286
999.99,994.7814
99.99,103.668335
7.68,7.287693
99.99,103.67772
379.99,376.4174
2.99,6.32743
3.84,7.287693
600.0,596.0359
389.99,386.07486
3.84,7.287693
1700.0,1695.6522
2.99,6.32743
5.98,6.32743
14.95,18.030027
14.95,17.981943
2.99,6.8192496
14.95,17.981943
29.9,17.981943
379.99,376.4174
99.99,103.35191
109.99,115.82846
149.99,147.19774
14.95,17.981943
14.95,18.030027
5.98,6.32743
11.99,15.376216
11.95,15.031199
14.95,18.004467
389.99,386.05524
149.99,147.34627
11.99,15.406947
150.0,148.69675
600.0,595.8439
1700.0,1695.6401
99.99,104.85381
11.95,15.004449
3.84,7.287693
600.0,596.5406
14.95,17.981943
379.99,376.37854
3.84,7.3181686
3.84,7.287693
99.99,103.99736
14.95,17.981943
3.84,7.287693
11.99,15.406947
700.0,696.62866
14.95,18.030027
2.99,6.32743
11.99,15.26867
150.0,148.89484
5.98,6.32743
11.99,15.519269
389.99,386.43832
11.99,15.406947
99.99,103.7314
11.95,15.004449
389.99,386.36197
11.99,15.376216
300.0,296.3207
149.99,147.15535
23.9,15.004449
400.0,392.5175
389.99,387.12982
2.99,6.32743
7.68,7.287693
11.95,15.004449
11.99,15.376216
379.99,376.09906
999.99,994.7814
99.99,103.99217
11.99,15.374248
2.99,6.32743
149.99,147.28122
5.98,6.32743
14.95,18.004467
1700.0,1695.6401
150.0,148.82901
600.0,596.0359
379.99,376.2752
379.99,376.09906
7.68,7.287693
2.99,6.3160267
700.0,696.6241
389.99,386.1648
11.99,15.376216
700.0,696.70764
7.68,7.287693
14.95,17.981943
600.0,596.0359
3.84,7.287693
3.84,7.287693
99.99,103.78875
14.95,18.030027
1700.0,1697.8785
14.95,17.981943
2.99,6.32743
379.99,376.09906
1700.0,1695.6522
14.95,17.981943
11.99,15.376216
999.99,994.80945
389.99,386.43832
11.95,15.004449
11.95,15.004449
14.95,17.933777
2.99,6.32743
2.99,6.32743
999.99,994.7814
300.0,296.34396
11.95,15.004449
400.0,392.40265
3.84,7.287693
11.95,15.004449
2.99,6.32743
2.99,6.3160267
11.95,15.004449
149.99,147.11284
150.0,148.69675
3.84,7.287693
14.95,17.933777
99.99,103.76638
700.0,696.45917
5.98,6.32743
99.99,103.79724
999.99,994.7814
109.99,115.90097
11.95,14.963883
109.99,116.34036
11.5199995,7.287693
700.0,696.45917
3.84,7.287693
400.0,392.40265
700.0,696.70764
99.99,103.424286
2.99,6.506794
11.95,15.004449
700.0,696.45917
11.99,15.376216
11.99,15.374248
2.99,6.32743
150.0,148.82901
999.99,994.7814
600.0,585.26215
999.99,994.7814
3.84,7.287693
150.0,148.69675
99.99,104.23364
11.99,15.376216
999.99,994.7814
99.99,104.82013
5.98,6.32743
3.84,7.3181686
300.0,296.2397
150.0,148.69675
150.0,148.82901
150.0,148.88298
389.99,386.2449
11.99,15.406947
389.99,386.31033
149.99,147.15535
389.99,386.28217
150.0,148.88298
150.0,148.67563
11.95,15.004449
14.95,17.981943
3.84,7.3099394
14.95,17.981943
150.0,148.69675
3.84,7.287693
14.95,17.933777
1700.0,1695.3777
700.0,697.3461
600.0,596.15265
11.99,15.393273
109.99,116.26111
11.99,15.376216
999.99,994.7814
3.84,7.287693
150.0,148.82901
11.95,15.031746
99.99,103.83741
600.0,595.8439
379.99,376.09906
11.95,15.004449
99.99,105.21419
3.84,7.3099394
14.95,17.981943
5.98,6.32743
7.68,7.287693
600.0,596.19214
999.99,994.7814
300.0,296.33118
8.97,6.32743
11.99,15.26867
11.95,15.004449
99.99,103.28905
5.98,6.32743
14.95,17.981943
99.99,103.83741
1700.0,1695.6522
11.95,14.9966135
11.99,15.393273
8.97,6.32743
11.95,15.012214
14.95,17.933777
1700.0,1695.6401
150.0,148.69675
300.0,295.80002
700.0,696.45917
11.5199995,7.287693
11.99,15.376216
150.0,148.82901
149.99,147.15523
14.95,18.004467
300.0,296.32608
1700.0,1695.6401
999.99,994.7814
3.84,7.2700386
11.99,15.406947
11.99,15.376216
11.95,15.012214
99.99,103.806854
3.84,7.2700386
109.99,116.14038
700.0,696.45917
150.0,148.82901
23.9,15.004449
99.99,103.3635
600.0,595.96063
11.99,15.26867
300.0,296.67282
2.99,6.32743
3.84,7.287693
11.99,15.23622
600.0,596.19214
14.95,18.004467
14.95,17.981943
700.0,696.70764
14.95,17.933777
389.99,386.4695
99.99,103.668335
300.0,296.4379
150.0,148.82901
11.95,15.004449
7.68,7.287693
11.95,15.012214
149.99,147.34627
11.95,15.004449
999.99,994.7814
999.99,994.7814
3.84,7.287693
3.84,7.287693
11.99,15.26867
3.84,7.287693
2.99,6.32743
999.99,994.7814
600.0,596.0359
5.98,6.32743
600.0,585.26215
11.99,15.374248
999.99,994.7814
2.99,6.32743
14.95,17.933777
999.99,994.7814
14.95,18.055319
8.97,6.32743
99.99,103.515465
150.0,148.69675
149.99,147.11284
11.95,15.012214
99.99,103.83741
99.99,103.28018
11.99,15.26867
600.0,596.0359
400.0,392.40265
2.99,6.32743
14.95,17.981943
2.99,6.32743
379.99,376.44208
3.84,7.287693
149.99,146.93521
999.99,994.7814
14.95,17.981943
23.9,15.012214
14.95,18.386488
600.0,595.8439
389.99,386.43832
3.84,7.287693
3.84,7.3099394
11.99,15.376216
11.95,15.004449
150.0,148.9488
3.84,7.3099394
11.95,15.012214
11.96,6.32743
700.0,696.45917
11.99,15.376216
389.99,386.42328
379.99,376.40332
11.95,15.004449
150.0,148.7363
3.84,7.287693
14.95,17.933777
11.95,15.004449
379.99,376.44208
999.99,994.7814
389.99,386.43832
3.84,7.287693
7.68,7.287693
14.95,17.981943
150.0,148.82901
700.0,696.70764
3.84,7.287693
11.99,15.453925
2.99,6.32743
999.99,994.7814
700.0,696.45917
600.0,595.8439
150.0,148.88298
2.99,6.506794
11.99,15.406947
11.99,15.374248
99.99,104.047066
400.0,392.40265
29.9,17.981943
379.99,376.18167
389.99,386.35245
11.99,15.376216
11.99,15.406947
999.99,994.80945
3.84,7.287693
1700.0,1695.6401
5.98,6.32743
999.99,1002.48895
2.99,6.506794
150.0,148.82901
149.99,147.30376
11.95,15.012214
14.95,17.933777
99.99,103.88673
700.0,696.62866
1700.0,1695.6127
3.84,7.3099394
14.95,17.981943
3.84,7.3181686
150.0,148.82901
14.95,17.981943
11.99,15.376216
150.0,148.82901
2.99,6.32743
999.99,994.7814
2.99,6.32743
700.0,696.8801
379.99,377.40094
11.95,15.031199
11.99,15.406947
150.0,148.67047
300.0,297.28616
14.95,17.981943
3.84,7.287693
400.0,392.40265
109.99,116.40544
2.99,6.32743
14.95,17.981943
11.95,15.004449
109.99,115.880714
7.68,7.287693
400.0,392.40265
389.99,386.17462
99.99,103.8157
379.99,376.403
389.99,386.31033
2.99,6.32743
149.99,147.15535
3.84,7.287693
23.9,15.004449
389.99,386.43832
1700.0,1695.3292
3.84,7.287693
149.99,147.69244
99.99,103.83741
11.95,15.004449
3.84,7.287693
11.99,15.376216
150.0,148.82901
11.99,15.376216
14.95,17.933777
11.99,15.406947
389.99,388.3563
300.0,295.56528
99.99,103.35191
1700.0,1695.6414
700.0,696.45917
600.0,596.19214
11.5199995,7.287693
999.99,994.7814
14.95,17.981943
99.99,103.668335
700.0,696.45917
11.99,15.374248
600.0,595.8439
999.99,994.7814
2.99,6.32743
2.99,6.32743
389.99,386.24042
11.99,15.406947
14.95,17.981943
11.95,15.012214
149.99,147.19774
3.84,7.287693
150.0,148.82901
7.68,7.2700386
29.9,17.981943
1700.0,1703.9797
11.99,15.376216
149.99,147.0903
2.99,6.32743
11.95,15.004449
11.95,15.012214
11.5199995,7.287693
2.99,6.32743
14.95,17.981943
11.95,15.012214
150.0,148.82901
11.95,15.004449
150.0,148.88298
1700.0,1696.0317
11.95,15.012214
14.95,17.933777
14.95,17.981943
11.95,15.004449
11.95,15.004449
600.0,586.73315
3.84,7.287693
400.0,392.40265
99.99,105.21419
600.0,596.5406
109.99,115.93441
11.95,15.004449
3.84,7.287693
2.99,6.32743
150.0,148.82901
11.95,15.004449
14.95,17.981943
150.0,148.82901
700.0,696.45917
23.98,15.376216
14.95,17.981943
23.9,15.023435
11.95,15.012214
109.99,116.18341
7.68,7.287693
5.98,6.32743
29.9,17.981943
2.99,6.32743
2.99,6.3160267
11.99,15.376216
14.95,17.933777
11.95,15.004449
149.99,147.11284
19.199999,7.2700386
999.99,994.7814
14.95,17.981943
3.84,7.287693
99.99,103.88673
2.99,6.32743
149.99,147.11284
2.99,6.32743
3.84,7.287693
14.95,17.981943
379.99,376.09906
2.99,6.32743
150.0,148.69675
700.0,696.45917
23.98,15.376216
14.95,17.981943
700.0,696.70764
5.98,6.32743
2.99,6.32743
150.0,148.82901
11.95,15.004449
14.95,17.981943
11.95,15.004449
600.0,596.109
99.99,103.78875
14.95,18.004467
11.95,15.004449
7.68,7.287693
3.84,7.287693
11.95,15.023435
2.99,6.32743
14.95,17.981943
14.95,17.981943
389.99,386.36197
99.99,103.626045
150.0,148.67563
11.99,15.376216
2.99,6.32743
14.95,18.004467
300.0,296.1356
11.99,15.26867
150.0,148.69675
1700.0,1696.9395
150.0,148.6165
14.95,18.030027
14.95,17.981943
11.99,15.374248
379.99,376.40332
2.99,6.32743
389.99,386.43832
700.0,696.45917
99.99,104.23364
2.99,6.32743
11.95,14.962919
700.0,696.6241
11.95,15.004449
2.99,6.3160267
150.0,148.82901
150.0,148.88298
379.99,376.09906
700.0,696.45917
11.99,15.26867
14.95,17.981943
2.99,6.32743
149.99,147.0903
3.84,7.287693
2.99,6.32743
11.95,15.012214
400.0,392.40265
1700.0,1696.0354
3.84,7.2700386
14.95,17.981943
5.98,6.32743
14.95,17.981943
14.95,17.981943
109.99,116.34036
99.99,103.3635
11.99,15.519269
29.9,17.981943
11.99,15.374248
11.99,15.376216
379.99,375.89178
3.84,7.287693
29.9,17.981943
1700.0,1695.6675
109.99,116.14038
1700.0,1698.0223
999.99,994.7814
14.95,17.981943
99.99,103.527
11.99,15.374248
150.0,148.75072
700.0,696.45917
700.0,696.70764
389.99,386.43832
14.95,17.981943
11.99,15.406947
11.99,15.376216
1700.0,1698.0223
11.95,15.012214
11.95,15.004449
14.95,18.004467
700.0,696.45917
14.95,18.030027
999.99,994.5261
379.99,376.8746
700.0,696.70764
11.95,14.962919
14.95,17.981943
11.5199995,7.2700386
379.99,376.6002
11.99,15.374248
14.95,17.981943
35.85,15.004449
11.99,15.406947
14.95,17.981943
389.99,386.09482
99.99,104.05001
5.98,6.32743
11.99,15.406947
2.99,6.32743
14.95,17.981943
11.99,15.376216
150.0,148.82901
149.99,146.76997
5.98,6.32743
5.98,6.32743
14.95,17.981943
2.99,6.32743
149.99,147.15523
99.99,103.442314
389.99,386.67395
149.99,147.15535
300.0,295.80435
5.98,6.32743
2.99,6.32743
999.99,994.7814
11.96,6.32743
11.95,15.004449
11.95,15.012214
3.84,7.287693
5.98,6.32743
150.0,148.89484
700.0,696.45917
14.95,17.981943
3.84,7.287693
150.0,148.82901
99.99,104.0632
149.99,147.34627
600.0,596.0359
99.99,103.8157
600.0,585.26215
150.0,148.88298
150.0,148.67563
1700.0,1695.6522
7.68,7.3181686
11.95,15.004449
3.84,7.287693
23.98,15.376216
11.99,15.374248
14.95,17.981943
700.0,696.70764
11.95,14.963883
109.99,116.02116
14.95,17.981943
150.0,148.88298
3.84,7.287693
109.99,115.82349
379.99,376.44208
300.0,297.13953
2.99,6.32743
11.95,15.004449
14.95,17.981943
99.99,103.97484
14.95,17.981943
3.84,7.3181686
379.99,376.40332
11.99,15.26867
389.99,387.94623
2.99,6.32743
11.95,15.004449
5.98,6.32743
11.95,15.012214
3.84,7.287693
99.99,104.0632
2.99,6.3160267
11.99,15.26867
150.0,148.82901
14.95,18.030027
99.99,103.934364
11.95,15.004449
389.99,386.07935
3.84,7.287693
99.99,104.0632
389.99,387.12982
379.99,376.09906
2.99,6.32743
109.99,116.14038
14.95,17.981943
300.0,297.76996
14.95,17.981943
14.95,17.981943
2.99,6.32743
14.95,17.981943
3.84,7.3099394
400.0,392.40265
149.99,147.30376
11.99,15.307935
7.68,7.287693
999.99,994.7814
379.99,376.09906
11.99,15.39894
300.0,295.91846
600.0,586.73315
379.99,376.44208
14.95,18.030027
14.95,17.981943
400.0,392.5175
14.95,17.981943
14.95,17.933777
99.99,103.44131
3.84,7.2700386
11.99,15.376216
150.0,148.82901
23.98,15.374248
3.84,7.287693
379.99,376.1029
3.84,7.287693
109.99,116.14038
2.99,6.32743
11.99,15.374248
600.0,596.109
99.99,103.97473
700.0,696.62866
400.0,392.5175
300.0,148.68233
150.0,148.82901
11.99,15.23622
14.95,17.933777
149.99,147.11284
11.95,15.004449
149.99,147.05542
389.99,386.43832
11.95,14.963883
99.99,104.0632
2.99,6.32743
14.95,17.981943
1700.0,1695.6401
150.0,148.88298
999.99,994.7814
150.0,148.82901
1700.0,1695.5743
2.99,6.32743
389.99,386.17462
300.0,297.28616
2.99,6.32743
600.0,595.9819
379.99,376.18167
300.0,297.07736
3.84,7.282076
2.99,6.32743
149.99,146.9776
3.84,7.2700386
3.84,7.3181686
14.95,17.981943
23.98,15.374248
14.95,17.981943
8.97,6.32743
7.68,7.287693
3.84,7.287693
11.95,15.004449
11.95,15.031199
379.99,376.5651
5.98,6.32743
700.0,697.1036
700.0,697.3461
2.99,6.3160267
14.95,17.933777
5.98,6.32743
700.0,696.45917
150.0,148.67563
11.95,15.004449
11.99,15.376216
389.99,387.01276
150.0,148.82901
99.99,103.12848
1700.0,1697.8785
379.99,376.403
11.95,15.004449
1700.0,1695.6401
150.0,148.82901
3.84,7.3181686
11.99,15.453925
150.0,148.68233
7.68,7.287693
300.0,297.22357
11.95,15.012214
2.99,6.32743
14.95,17.981943
29.9,17.981943
3.84,7.287693
8.97,6.32743
2.99,6.32743
700.0,696.6241
600.0,596.19214
600.0,585.26215
150.0,148.82901
11.99,15.26867
149.99,147.21011
3.84,7.287693
11.99,15.374248
11.95,15.012214
99.99,104.081215
14.95,17.981943
23.9,15.004449
11.95,15.004449
600.0,596.15265
150.0,148.82901
1700.0,1695.6522
379.99,376.44208
2.99,6.32743
8.97,6.32743
389.99,386.2449
379.99,376.44208
3.84,7.287693
700.0,696.70764
3.84,7.287693
1700.0,1696.1173
999.99,994.7814
1700.0,1695.6522
700.0,697.1036
11.95,14.963883
11.95,15.012214
3.84,7.287693
99.99,103.78875
400.0,392.40265
150.0,148.82901
11.99,15.406947
109.99,115.82846
150.0,148.82901
300.0,296.67743
3.84,7.287693
3.84,7.287693
14.95,17.981943
7.68,7.287693
11.95,15.012214
99.99,103.82966
11.95,15.004449
150.0,148.82901
600.0,595.8439
11.99,15.406947
11.95,14.962919
379.99,380.46082
99.99,103.424286
149.99,147.0903
600.0,595.96063
14.95,18.055319
150.0,148.69675
99.99,104.005394
11.95,15.004449
7.68,7.3181686
11.95,14.963883
1700.0,1695.3777
5.98,6.32743
150.0,148.67563
23.98,15.374248
11.99,15.1750145
99.99,103.12848
23.9,15.004449
11.99,15.406947
14.95,17.981943
3.84,7.287693
400.0,392.40265
389.99,386.09482
3.84,7.287693
11.95,15.006886
389.99,386.65384
2.99,6.32743
400.0,392.40265
700.0,696.70764
149.99,147.13269
14.95,17.981943
99.99,103.88673
150.0,148.82901
1700.0,1696.1173
14.95,18.030027
400.0,392.5175
999.99,1010.1679
600.0,596.5406
2.99,6.32743
600.0,596.19214
14.95,18.030027
3.84,7.287693
400.0,392.40265
150.0,148.82901
2.99,6.32743
3.84,7.287693
219.98,116.09542
3.84,7.287693
400.0,393.22757
29.9,17.981943
1700.0,1695.6414
14.95,17.981943
11.95,15.012214
14.95,17.981943
11.99,15.307935
379.99,376.09906
999.99,994.7814
149.99,146.9049
11.99,15.376216
379.99,376.18167
300.0,297.28616
150.0,148.88298
300.0,297.54474
700.0,696.45917
2.99,6.32743
11.95,15.004449
7.68,7.3181686
99.99,104.032646
700.0,696.62866
3.84,7.287693
14.95,17.981943
149.99,147.15523
2.99,6.32743
109.99,115.880714
11.99,15.376216
150.0,148.82901
11.99,15.374248
379.99,376.40332
389.99,386.22107
99.99,103.3635
2.99,6.3160267
300.0,296.6016
700.0,697.1036
300.0,296.22922
149.99,146.86252
11.99,15.406947
8.97,6.32743
11.99,15.374248
400.0,392.3747
99.99,103.7056
5.98,6.32743
1700.0,1695.6127
600.0,595.96063
14.95,17.981943
11.95,15.004449
14.95,17.981943
5.98,6.32743
99.99,103.83741
1700.0,1695.6522
3.84,7.287693
11.99,15.307935
11.95,15.004449
11.95,15.004449
3.84,7.287693
99.99,103.76638
11.99,15.307935
99.99,104.032646
300.0,296.46152
14.95,17.981943
2.99,6.32743
389.99,386.2449
2.99,6.32743
300.0,296.2397
2.99,6.32743
389.99,386.42328
150.0,148.88298
379.99,376.8746
11.99,15.26867
11.99,15.429671
23.9,15.004449
14.95,17.933777
3.84,7.287693
11.99,15.374248
11.99,15.376216
99.99,103.88673
14.95,17.981943
150.0,148.69675
11.95,15.004449
3.84,7.287693
149.99,146.9776
11.99,15.393273
14.95,17.981943
999.99,994.7814
14.95,17.981943
700.0,696.45917
5.98,6.32743
11.99,15.406947
109.99,116.031624
2.99,6.32743
3.84,7.3181686
5.98,6.32743
2.99,6.506794
3.84,7.287693
14.95,18.030027
3.84,7.287693
11.96,6.32743
1700.0,1695.6414
5.98,6.32743
2.99,6.32743
389.99,386.02106
109.99,115.75252
700.0,696.45917
11.95,15.004449
3.84,7.2700386
11.95,15.004449
11.99,15.307935
5.98,6.32743
600.0,596.109
11.95,15.012214
400.0,392.40265
99.99,104.0632
14.95,17.981943
379.99,376.4174
14.95,17.981943
1700.0,1695.6401
11.99,15.374248
7.68,7.287693
379.99,376.44208
600.0,596.0359
14.95,17.981943
14.95,17.981943
14.95,17.981943
11.99,15.374248
14.95,17.981943
3.84,7.287693
11.99,15.376216
7.68,7.3181686
11.99,15.376216
700.0,696.8847
11.95,14.9966135
23.98,15.374248
99.99,103.7314
3.84,7.287693
11.95,15.004449
99.99,103.259224
3.84,7.287693
14.95,17.933777
700.0,696.70764
2.99,6.32743
11.95,14.963883
150.0,148.67563
150.0,148.69675
11.99,15.374248
400.0,392.40265
150.0,148.82901
11.99,15.406947
11.99,15.26867
5.98,6.32743
150.0,148.82901
150.0,148.82901
3.84,7.3099394
3.84,7.3181686
11.99,15.1750145
150.0,148.82901
700.0,697.1036
11.95,15.004449
700.0,696.45917
14.95,17.981943
150.0,148.69675
3.84,7.287693
99.99,103.37658
23.9,15.004449
2.99,6.32743
14.95,17.933777
11.95,15.031199
11.95,15.004449
1700.0,1695.6401
150.0,148.82901
150.0,148.88298
300.0,296.59753
11.95,15.004449
11.99,15.376216
150.0,148.69675
14.95,18.030027
11.95,15.004449
11.95,15.004449
1700.0,1696.1173
389.99,386.43832
300.0,297.54474
14.95,17.981943
109.99,116.031624
11.95,15.004449
2.99,6.32743
150.0,148.82901
109.99,115.79502
11.99,15.374248
11.99,15.374248
2.99,6.32743
389.99,386.43832
150.0,148.67563
14.95,17.981943
3.84,7.3099394
389.99,386.26007
600.0,586.73315
3.84,7.3099394
600.0,596.1739
2.99,6.32743
11.99,15.376216
11.95,15.004449
149.99,147.34627
11.99,15.406947
14.95,17.981943
300.0,296.2397
11.95,15.004449
2.99,6.32743
149.99,147.15535
99.99,103.703476
14.95,17.981943
99.99,104.58104
14.95,17.981943
1700.0,1695.6127
11.99,15.376216
14.95,18.004467
2.99,6.32743
11.95,15.004449
5.98,6.32743
3.84,7.287693
11.99,15.374248
389.99,386.17462
11.96,6.32743
14.95,17.933777
300.0,295.5696
99.99,104.047066
11.99,15.453925
2.99,6.32743
1700.0,1695.6522
150.0,148.82901
389.99,386.23508
14.95,17.981943
5.98,6.32743
11.95,15.004449
150.0,148.82901
14.95,17.981943
2.99,6.32743
11.95,15.012214
149.99,147.34627
99.99,103.694984
11.95,15.012214
99.99,104.005394
999.99,994.7814
600.0,596.15265
99.99,103.85617
999.99,994.7814
389.99,386.4957
11.99,15.26867
600.0,596.709
389.99,386.17014
99.99,103.966805
700.0,696.8847
14.95,17.981943
999.99,994.7814
14.95,17.933777
14.95,17.981943
14.95,17.981943
999.99,994.7814
3.84,7.287693
3.84,7.287693
99.99,103.8309
2.99,6.32743
2.99,6.32743
149.99,147.15535
7.68,7.2700386
2.99,6.32743
11.95,15.004449
23.98,15.376216
300.0,296.10355
11.99,15.406947
14.95,17.933777
149.99,147.11284
11.99,15.26867
2.99,6.32743
11.95,15.004449
379.99,376.18167
999.99,994.8964
600.0,595.9819
2.99,6.32743
999.99,994.5261
11.5199995,7.287693
1700.0,1695.6401
389.99,386.02106
149.99,146.9776
11.95,15.004449
700.0,696.70764
11.99,15.374248
109.99,116.192635
3.84,7.287693
14.95,17.981943
600.0,596.0359
2.99,6.32743
2.99,6.32743
11.99,15.376216
150.0,148.82901
149.99,147.30376
400.0,392.40265
99.99,103.28905
11.95,15.004449
700.0,696.45917
150.0,148.82901
14.95,17.981943
700.0,696.70764
999.99,994.7814
150.0,148.82901
109.99,115.79502
149.99,147.15535
23.9,15.148256
11.95,15.004449
149.99,147.15535
14.95,17.981943
300.0,296.22922
150.0,148.88298
2.99,6.32743
400.0,393.6818
600.0,585.26215
2.99,6.32743
11.99,15.406947
11.99,15.406947
29.9,17.981943
11.95,15.031746
14.95,17.981943
300.0,297.22357
149.99,146.9049
7.68,7.287693
600.0,596.0359
14.95,17.981943
2.99,6.32743
2.99,6.32743
109.99,115.880714
600.0,596.109
11.99,15.406947
14.95,17.981943
3.84,7.3181686
7.68,7.287693
400.0,392.40265
2.99,6.3160267
14.95,17.981943
11.95,15.012214
389.99,386.43832
11.95,15.004449
14.95,18.030027
14.95,18.030027
150.0,148.59734
11.99,15.376216
14.95,17.981943
99.99,103.8309
389.99,386.11353
11.99,15.376216
2.99,6.32743
1700.0,1695.6522
149.99,146.86252
14.95,17.981943
3.84,7.287693
379.99,376.44208
149.99,147.28122
700.0,696.8847
2.99,6.32743
3.84,7.287693
11.95,15.012214
600.0,602.9915
11.99,15.406947
300.0,297.76996
400.0,392.40265
109.99,116.192635
149.99,147.30376
150.0,148.88298
11.95,15.006886
700.0,696.62866
600.0,596.0359
29.9,17.981943
700.0,696.70764
700.0,696.45917
11.95,15.004449
149.99,146.8624
700.0,696.70764
700.0,696.45917
11.99,15.26867
3.84,7.287693
23.98,15.376216
11.95,15.004449
11.95,15.004449
5.98,6.32743
150.0,148.82901
14.95,17.981943
149.99,147.21011
150.0,148.82901
150.0,148.82901
3.84,7.287693
5.98,6.32743
11.99,15.396972
999.99,994.7814
3.84,7.287693
11.95,15.004449
2.99,6.3160267
11.95,15.012214
150.0,148.82901
150.0,148.89484
2.99,6.32743
14.95,17.981943
2.99,6.32743
5.98,6.32743
150.0,148.82901
11.95,15.004449
2.99,6.32743
11.99,15.396972
149.99,147.05344
11.99,15.376216
150.0,148.7296
14.95,17.981943
389.99,386.35748
11.95,15.023435
150.0,148.69675
11.99,15.376216
150.0,148.67563
999.99,994.7814
5.98,6.32743
700.0,696.70764
2.99,6.32743
14.95,17.981943
99.99,103.92633
7.68,7.287693
11.99,15.26867
11.95,14.962919
5.98,6.32743
11.99,15.307935
8.97,6.32743
11.95,15.012214
99.99,103.703476
11.99,15.376216
44.85,18.004467
23.9,15.012214
5.98,6.3160267
14.95,17.933777
23.9,15.004449
150.0,148.82901
5.98,6.32743
400.0,392.40265
14.95,17.981943
14.95,17.981943
150.0,148.82901
14.95,17.981943
5.98,6.32743
3.84,7.287693
149.99,146.9185
11.95,15.004449
14.95,17.981943
14.95,17.981943
11.99,15.406947
11.95,15.012214
14.95,17.981943
14.95,17.981943
600.0,586.73315
3.84,7.287693
150.0,148.82901
3.84,7.287693
11.99,15.423194
99.99,103.99736
11.95,15.004449
700.0,696.70764
700.0,696.4546
14.95,17.981943
700.0,696.70764
379.99,376.18167
3.84,7.3181686
389.99,386.35245
389.99,398.4344
11.99,15.376216
14.95,17.981943
23.9,15.004449
14.95,17.981943
700.0,696.45917
23.98,15.376216
389.99,386.35245
150.0,148.69675
14.95,17.981943
11.95,15.012214
11.99,15.376216
999.99,994.7814
3.84,7.282076
1700.0,1695.5743
99.99,103.35191
600.0,595.8439
700.0,696.45917
11.99,15.429671
11.95,15.004449
11.95,15.004449
23.98,15.26867
11.99,15.26867
99.99,103.99217
3.84,7.287693
11.5199995,7.3181686
5.98,6.32743
11.95,15.004449
14.95,17.981943
150.0,148.82901
3.84,7.287693
2.99,6.32743
14.95,17.981943
149.99,147.34627
3.84,7.287693
149.99,147.09781
14.95,17.933777
150.0,148.82901
23.9,15.012214
700.0,696.70764
11.99,15.406947
109.99,116.20249
150.0,148.82901
389.99,385.92233
150.0,148.82901
99.99,103.99736
2.99,6.32743
700.0,696.45917
3.84,7.3099394
5.98,6.32743
109.99,115.97744
3.84,7.2700386
389.99,386.43832
5.98,6.32743
2.99,6.32743
600.0,595.8439
5.98,6.32743
11.95,15.004449
150.0,148.69675
99.99,103.46622
11.95,15.012214
2.99,6.32743
109.99,116.192635
3.84,7.287693
2.99,6.32743
150.0,148.82901
999.99,994.7814
700.0,696.62866
389.99,386.23508
109.99,116.03735
99.99,103.806854
14.95,17.981943
700.0,696.70764
150.0,148.9488
14.95,17.981943
11.99,15.376216
999.99,994.7814
2.99,6.32743
11.95,14.9966135
109.99,116.388
3.84,7.292285
389.99,386.36197
14.95,17.981943
379.99,376.37854
2.99,6.32743
389.99,386.43832
2.99,6.32743
11.95,15.004449
150.0,148.82901
11.99,15.376216
8.97,6.32743
11.95,15.004449
11.99,15.376216
11.95,15.023435
3.84,7.3181686
11.95,15.004449
149.99,147.15523
23.9,15.004449
2.99,6.32743
11.5199995,7.287693
400.0,392.40265
3.84,7.3099394
600.0,596.15265
99.99,103.8157
149.99,147.34627
2.99,6.32743
149.99,147.15535
11.95,14.9966135
149.99,147.15535
11.99,15.376216
2.99,6.32743
11.99,15.376216
3.84,7.287693
379.99,376.41882
14.95,17.981943
14.95,17.981943
11.99,15.376216
150.0,148.82901
389.99,386.26007
99.99,103.43608
300.0,296.22922
150.0,148.89484
600.0,596.1739
14.95,17.981943
2.99,6.32743
300.0,296.83633
11.99,15.374248
389.99,386.09387
23.98,15.376216
150.0,148.82901
3.84,7.287693
109.99,116.01489
1700.0,1695.6401
109.99,116.34036
700.0,697.1036
99.99,104.23364
14.95,17.981943
14.95,17.981943
14.95,17.981943
99.99,103.76638
14.95,17.981943
5.98,6.32743
11.95,15.023435
150.0,148.6165
11.95,15.004449
99.99,103.88673
11.99,15.393273
99.99,103.76638
7.68,7.287693
14.95,17.981943
5.98,6.32743
14.95,18.030027
99.99,103.527
150.0,148.82901
700.0,696.70764
150.0,148.75072
3.84,7.287693
11.95,15.004449
389.99,386.02106
2.99,6.32743
14.95,17.981943
700.0,696.4546
99.99,103.424286
14.95,17.981943
389.99,386.2449
99.99,103.393036
11.99,15.406947
11.5199995,7.287693
99.99,103.09601
3.84,7.3181686
2.99,6.32743
11.99,15.374248
11.95,15.004449
149.99,147.15535
5.98,6.32743
99.99,103.12848
150.0,149.19907
2.99,6.32743
150.0,148.82901
389.99,386.8105
150.0,148.82901
150.0,148.82901
150.0,148.89484
14.95,17.981943
23.9,15.004449
11.95,15.004449
14.95,17.981943
109.99,116.26232
11.99,15.376216
700.0,696.70764
11.99,15.376216
2.99,6.32743
150.0,148.88298
11.95,14.962919
99.99,103.65856
150.0,148.82901
2.99,6.32743
3.84,7.287693
3.84,7.2700386
2.99,6.32743
2.99,6.32743
14.95,17.981943
11.95,14.963883
2.99,6.32743
11.95,15.006886
3.84,7.287693
5.98,6.32743
379.99,376.44208
700.0,696.45917
11.95,15.004449
23.9,14.970684
8.97,6.32743
1700.0,1695.3777
14.95,17.981943
389.99,386.07486
600.0,596.0359
99.99,104.82013
99.99,103.527
150.0,148.82901
999.99,994.7814
2.99,6.32743
11.95,15.012214
14.95,18.034414
149.99,147.19774
5.98,6.32743
11.95,15.012214
7.68,7.287693
3.84,7.287693
389.99,386.31033
99.99,103.22943
150.0,148.89484
14.95,17.933777
11.95,15.012214
11.99,15.376216
700.0,696.70764
3.84,7.2700386
11.99,15.26867
99.99,103.57149
5.98,6.32743
14.95,17.981943
3.84,7.287693
14.95,17.981943
2.99,6.32743
379.99,376.403
5.98,6.32743
11.95,14.963883
3.84,7.287693
11.99,15.406947
149.99,147.15523
2.99,6.32743
99.99,103.99736
1700.0,1698.754
11.95,15.012214
2.99,6.32743
389.99,386.26007
400.0,417.28836
700.0,696.70764
11.95,15.004449
3.84,7.3181686
2.99,6.32743
11.95,14.963883
99.99,103.99736
2.99,6.32743
150.0,148.82901
149.99,147.15535
14.95,17.981943
99.99,103.57149
1700.0,1697.985
400.0,392.40265
999.99,994.8964
2.99,6.32743
300.0,297.28616
23.9,15.031199
149.99,147.13269
8.97,6.32743
14.95,17.981943
2.99,6.32743
14.95,17.933777
11.99,15.406947
99.99,103.57149
3.84,7.287693
109.99,116.192635
14.95,17.981943
23.9,15.004449
11.99,15.374248
3.84,7.287693
5.98,6.32743
150.0,148.82901
99.99,103.92633
1700.0,1695.6522
1700.0,1695.6414
150.0,148.88298
11.5199995,7.287693
3.84,7.287693
11.99,15.26867
3.84,7.287693
300.0,297.19553
3.84,7.287693
3.84,7.287693
99.99,104.04793
14.95,17.981943
11.95,15.004449
11.95,15.004449
600.0,596.19214
2.99,6.32743
99.99,103.3635
23.98,15.406947
14.95,17.933777
7.68,7.287693
150.0,148.82901
149.99,147.11284
150.0,148.82901
999.99,994.5261
11.95,14.962919
11.99,15.453925
3.84,7.287693
11.99,15.374248
150.0,148.82901
11.95,15.004449
150.0,148.82901
3.84,7.287693
11.95,15.004449
11.95,15.004449
150.0,148.89484
23.9,15.004449
389.99,386.07935
109.99,116.23186
14.95,17.981943
29.9,18.030027
1700.0,1695.6401
11.95,15.004449
149.99,147.13269
14.95,17.981943
150.0,148.82901
400.0,392.5175
300.0,296.713
300.0,296.67743
99.99,104.032646
150.0,148.88298
11.99,15.406947
700.0,696.45917
11.95,15.004449
11.95,14.963883
3.84,7.3099394
5.98,6.32743
3.84,7.287693
3.84,7.287693
11.95,15.004449
8.97,6.32743
150.0,148.88298
11.99,15.406947
109.99,116.283134
3.84,7.287693
150.0,148.89484
7.68,7.287693
99.99,103.8157
14.95,17.933777
700.0,696.4546
400.0,392.40265
99.99,104.01529
600.0,595.9819
11.95,14.963883
1700.0,1695.6401
600.0,586.73315
99.99,103.99217
3.84,7.287693
7.68,7.287693
1700.0,1695.6522
23.98,15.406947
14.95,17.981943
2.99,6.32743
1700.0,1695.6522
149.99,147.15535
999.99,994.7814
389.99,386.17462
11.99,15.406947
1700.0,1695.3777
14.95,17.981943
109.99,115.82846
11.99,15.453925
600.0,596.19214
700.0,697.3461
150.0,148.82901
149.99,147.15535
99.99,103.88673
2.99,6.32743
700.0,696.45917
3.84,7.287693
11.95,15.004449
3.84,7.287693
300.0,296.713
150.0,148.82901
150.0,148.82901
149.99,147.15535
7.68,7.2700386
700.0,696.45917
99.99,105.21419
99.99,104.0632
5.98,6.32743
3.84,7.287693
14.95,17.981943
700.0,696.45917
2.99,6.506794
5.98,6.32743
14.95,17.981943
7.68,7.287693
14.95,18.034414
11.95,15.006886
11.95,14.970684
1700.0,1695.6522
389.99,386.2449
11.99,15.406947
5.98,6.32743
700.0,696.70764
109.99,116.34036
3.84,7.287693
11.99,15.393273
14.95,17.981943
389.99,387.12247
379.99,376.40332
389.99,386.2449
99.99,103.42793
600.0,596.82574
2.99,6.32743
11.99,15.374248
600.0,596.0359
149.99,147.11284
11.95,15.004449
11.95,15.004449
700.0,696.45917
11.99,15.376216
999.99,994.80945
2.99,6.32743
700.0,696.70764
150.0,148.82901
400.0,392.40265
11.95,15.004449
14.95,17.981943
14.95,17.933777
11.95,15.004449
3.84,7.3099394
11.95,15.004449
379.99,376.40332
99.99,103.33066
11.95,15.004449
150.0,148.89484
300.0,296.0411
700.0,697.3461
300.0,296.6731
3.84,7.287693
99.99,103.7314
700.0,696.45917
11.99,15.376216
14.95,17.981943
11.95,14.962919
999.99,994.7814
99.99,103.83741
11.99,15.374248
700.0,696.70764
379.99,376.44208
389.99,386.43832
14.95,17.981943
150.0,148.82901
3.84,7.287693
99.99,103.424286
14.95,17.981943
11.95,15.004449
7.68,7.2700386
14.95,17.981943
2.99,6.32743
2.99,6.32743
14.95,17.981943
11.95,15.004449
999.99,994.7814
150.0,148.82901
150.0,148.82901
150.0,148.6165
2.99,6.32743
11.99,15.406947
700.0,696.70764
150.0,148.82901
99.99,103.74607
5.98,6.32743
300.0,297.27124
14.95,17.981943
300.0,296.6731
2.99,6.32743
150.0,148.82901
5.98,6.32743
11.99,15.376216
389.99,386.35748
3.84,7.287693
5.98,6.32743
14.95,17.981943
2.99,6.32743
11.95,15.004449
99.99,103.620766
14.95,17.933777
149.99,147.15535
700.0,696.45917
11.95,15.004449
600.0,586.73315
99.99,104.23364
389.99,385.92
600.0,596.1739
11.99,15.406947
11.95,15.004449
150.0,148.68233
7.68,7.287693
11.95,14.963883
11.95,15.004449
379.99,376.5651
14.95,17.981943
14.95,17.933777
1700.0,1695.3777
150.0,148.82901
149.99,147.11284
1700.0,1696.0354
389.99,386.17462
300.0,296.46152
2.99,6.32743
149.99,147.15535
11.95,15.012214
14.95,17.981943
99.99,103.78875
150.0,148.82901
2.99,6.32743
14.95,17.981943
2.99,6.32743
99.99,103.67772
1700.0,1697.985
1700.0,1697.3486
99.99,103.97473
99.99,103.527
1700.0,1698.3942
14.95,17.981943
2.99,6.3160267
14.95,17.981943
2.99,6.32743
700.0,696.62866
1700.0,1695.6127
11.95,15.012214
11.95,15.004449
14.95,17.981943
149.99,147.2525
14.95,18.055319
3.84,7.287693
2.99,6.32743
23.9,15.012214
99.99,103.88673
1700.0,1695.5743
389.99,386.65384
11.99,15.376216
11.95,15.004449
300.0,296.2397
11.99,15.406947
7.68,7.287693
2.99,6.32743
14.95,18.004467
150.0,148.82901
600.0,596.5406
14.95,17.981943
11.99,15.376216
99.99,104.01529
11.95,15.012214
7.68,7.287693
5.98,6.32743
11.95,14.9966135
14.95,17.933777
2.99,6.32743
3.84,7.287693
389.99,386.02106
389.99,386.09482
379.99,376.09906
14.95,17.981943
600.0,585.26215
150.0,148.82901
150.0,148.82901
2.99,6.32743
23.98,15.376216
11.95,14.963883
14.95,17.981943
99.99,103.87749
11.95,15.023435
389.99,386.2449
14.95,17.981943
5.98,6.32743
11.99,15.429671
149.99,147.15535
2.99,6.32743
2.99,6.32743
11.95,15.004449
600.0,585.26215
2.99,6.32743
3.84,7.2700386
150.0,148.67563
11.99,15.376216
11.5199995,7.2700386
2.99,6.32743
3.84,7.287693
149.99,147.0903
11.95,15.012214
389.99,386.2449
2.99,6.32743
99.99,103.8157
400.0,392.40265
14.95,17.981943
14.95,17.981943
23.98,15.376216
389.99,386.23508
11.95,15.004449
389.99,386.02106
99.99,104.0632
150.0,148.82901
700.0,696.45917
150.0,148.67563
389.99,386.108
11.95,15.004449
99.99,103.620766
11.5199995,7.287693
99.99,104.032646
600.0,586.73315
11.95,15.006886
99.99,103.88673
5.98,6.32743
11.95,15.006886
150.0,148.69675
1700.0,1695.3292
600.0,596.109
700.0,696.45917
14.95,17.933777
19.199999,7.287693
14.95,17.933777
600.0,596.19214
14.95,17.981943
999.99,994.7814
150.0,148.89484
379.99,376.09906
149.99,147.01093
149.99,147.30376
379.99,376.09906
700.0,696.70764
23.9,15.004449
11.99,15.396972
11.95,15.004449
389.99,386.35645
14.95,17.981943
999.99,994.7814
14.95,17.981943
2.99,6.32743
14.95,17.981943
149.99,147.11284
700.0,696.45917
11.95,15.004449
2.99,6.32743
150.0,148.89484
150.0,148.67563
150.0,148.67563
700.0,696.45917
150.0,148.67563
3.84,7.287693
11.95,15.004449
109.99,116.032906
2.99,6.32743
14.95,17.981943
149.99,148.04651
3.84,7.287693
2.99,6.32743
99.99,103.50367
300.0,297.76996
1700.0,1699.0679
3.84,7.2700386
300.0,296.32608
29.9,17.933777
150.0,148.82901
14.95,17.933777
1700.0,1696.016
11.99,15.406947
389.99,386.43832
11.95,15.004449
11.95,15.012214
11.95,15.012214
3.84,7.287693
2.99,6.3160267
999.99,994.7814
2.99,6.32743
3.84,7.2700386
11.96,6.32743
11.99,15.307935
109.99,115.97744
14.95,17.981943
11.95,15.004449
14.95,17.981943
11.95,15.004449
3.84,7.2700386
150.0,148.88298
14.95,17.981943
5.98,6.3160267
11.5199995,7.287693
11.95,15.004449
11.95,15.004449
5.98,6.3160267
99.99,103.620766
2.99,6.32743
300.0,297.4086
389.99,386.2449
700.0,696.70764
99.99,103.8157
999.99,994.7814
11.95,14.963883
11.95,15.012214
2.99,6.32743
11.99,15.406947
11.99,15.374248
2.99,6.32743
11.95,15.004449
99.99,103.56226
109.99,116.34036
11.95,15.004449
99.99,103.3635
109.99,115.84374
11.95,15.023435
300.0,296.6731
149.99,147.13269
11.96,6.32743
14.95,17.933777
11.95,15.004449
11.95,15.004449
389.99,386.09482
700.0,697.1036
14.95,17.981943
5.98,6.32743
2.99,6.32743
23.9,15.004449
29.9,17.981943
2.99,6.32743
2.99,6.32743
150.0,148.82901
3.84,7.2700386
99.99,103.835464
14.95,17.981943
11.99,15.307935
5.98,6.32743
150.0,148.82901
11.96,6.32743
2.99,6.32743
150.0,148.82901
11.5199995,7.287693
389.99,386.23508
99.99,103.9268
11.99,15.376216
149.99,147.0903
11.99,15.39894
300.0,297.76996
600.0,596.19214
11.99,15.376216
11.99,15.376216
3.84,7.3181686
99.99,103.9268
2.99,6.32743
14.95,17.933777
11.99,15.374248
600.0,596.1739
150.0,148.82901
11.95,14.962919
5.98,6.32743
700.0,696.45917
999.99,994.7814
99.99,103.80431
7.68,7.287693
11.99,15.374248
99.99,103.28905
7.68,7.3099394
2.99,6.32743
11.95,15.012214
109.99,115.95189
389.99,386.23508
7.68,7.3181686
389.99,386.3053
150.0,148.69675
14.95,17.981943
11.99,15.26867
999.99,994.7814
389.99,386.1166
7.68,7.287693
11.95,15.004449
700.0,696.62866
700.0,696.45917
8.97,6.32743
99.99,103.88673
149.99,147.30376
149.99,147.0903
5.98,6.32743
150.0,148.82901
379.99,376.40332
1700.0,1695.422
600.0,596.19214
14.95,17.981943
700.0,696.45917
700.0,696.45917
99.99,103.527
109.99,115.95189
11.99,15.374248
99.99,103.12848
99.99,103.35191
14.95,17.933777
23.9,15.004449
3.84,7.2700386
14.95,17.981943
11.99,15.374248
5.98,6.32743
11.95,15.004449
11.99,15.406947
15.36,7.2700386
14.95,18.004467
999.99,994.7814
2.99,6.32743
99.99,103.97484
109.99,116.01489
99.99,103.43608
5.98,6.32743
14.95,17.981943
150.0,148.48424
2.99,6.32743
150.0,148.89484
14.95,17.981943
11.99,15.374248
149.99,147.69244
600.0,597.2137
600.0,599.99005
11.95,15.004449
11.95,15.004449
8.97,6.32743
400.0,392.40265
379.99,376.4174
14.95,17.981943
150.0,148.82901
11.99,15.374248
600.0,596.1739
11.95,15.004449
11.95,15.012214
379.99,376.09906
14.95,17.981943
150.0,148.82901
11.95,15.004449
99.99,103.85617
2.99,6.32743
150.0,148.67563
300.0,295.80002
600.0,596.5406
150.0,148.89484
29.9,17.981943
2.99,6.32743
5.98,6.3160267
14.95,17.981943
1700.0,1696.016
999.99,994.7814
1700.0,1695.473
14.95,17.981943
14.95,17.981943
600.0,596.19214
400.0,392.5175
99.99,103.28905
300.0,296.72626
150.0,148.82901
150.0,148.82901
15.36,7.3181686
389.99,386.17462
149.99,147.34627
14.95,18.004467
99.99,103.78875
3.84,7.287693
379.99,376.8746
149.99,146.82
7.68,7.287693
11.99,15.406947
3.84,7.3181686
109.99,115.95189
14.95,17.981943
109.99,116.283134
11.95,15.012214
14.95,18.030027
2.99,6.32743
600.0,596.5406
11.95,15.004449
150.0,148.82901
14.95,18.004467
99.99,103.67772
14.95,17.981943
1700.0,1695.0902
14.95,17.981943
999.99,994.7814
14.95,17.981943
700.0,696.70764
400.0,392.40265
3.84,7.282076
300.0,295.80002
99.99,103.83741
14.95,17.981943
150.0,148.82901
389.99,385.92233
11.99,15.374248
700.0,696.70764
29.9,18.055319
14.95,17.933777
600.0,595.8439
600.0,596.0359
99.99,103.515465
109.99,116.490395
11.99,15.453925
2.99,6.32743
99.99,103.82966
5.98,6.32743
11.95,15.004449
11.95,15.023435
3.84,7.287693
11.95,15.004449
14.95,18.030027
149.99,147.11284
23.98,15.406947
150.0,148.82901
400.0,392.40265
700.0,696.70764
149.99,147.12613
99.99,103.22943
379.99,376.40332
3.84,7.287693
99.99,103.76638
379.99,383.14032
14.95,17.933777
99.99,104.23364
389.99,386.43832
14.95,17.981943
700.0,696.6241
5.98,6.32743
11.99,15.374248
700.0,697.3461
14.95,17.933777
149.99,147.15535
14.95,18.055319
11.95,15.004449
1700.0,1695.6522
11.99,15.406947
700.0,696.45917
99.99,103.88673
11.99,15.374248
300.0,296.83633
11.99,15.39894
379.99,376.09906
7.68,7.287693
3.84,7.287693
149.99,147.34627
5.98,6.32743
150.0,148.82901
99.99,103.99736
149.99,147.19774
700.0,696.70764
23.98,15.406947
700.0,696.62866
23.98,15.519269
600.0,596.0359
7.68,7.3099394
11.5199995,7.282076
2.99,6.32743
600.0,596.0359
7.68,7.287693
11.99,15.406947
14.95,17.981943
3.84,7.3181686
1700.0,1696.1173
300.0,295.56308
389.99,386.15256
2.99,6.32743
99.99,103.76638
11.99,15.26867
11.95,15.004449
99.99,103.7056
3.84,7.3099394
11.99,15.376216
14.95,17.981943
11.99,15.374248
11.95,15.004449
11.99,15.26867
35.97,15.406947
11.95,15.004449
11.95,14.963883
150.0,148.82901
11.95,15.012214
11.95,15.004449
11.99,15.374248
3.84,7.287693
23.9,15.004449
109.99,116.14038
999.99,994.7814
150.0,148.82901
3.84,7.287693
11.95,15.012214
7.68,7.287693
11.95,14.970684
2.99,6.32743
3.84,7.287693
3.84,7.287693
600.0,596.19214
14.95,17.981943
11.95,15.004449
11.95,15.004449
149.99,147.11284
700.0,696.45917
600.0,595.8439
150.0,148.6165
14.95,18.004467
379.99,376.44208
600.0,596.19214
999.99,994.7814
7.68,7.287693
400.0,392.40265
150.0,148.82901
1700.0,1695.6492
2.99,6.32743
14.95,17.981943
3.84,7.287693
149.99,147.30376
14.95,18.004467
14.95,17.981943
23.98,15.39894
11.99,15.406947
2.99,6.32743
2.99,6.3160267
600.0,599.99005
23.98,15.406947
11.99,15.406947
389.99,387.12247
14.95,17.933777
99.99,103.3635
7.68,7.287693
3.84,7.287693
2.99,6.32743
150.0,148.89484
11.95,15.004449
3.84,7.287693
14.95,17.981943
14.95,17.933777
7.68,7.287693
14.95,17.981943
3.84,7.3181686
99.99,103.88673
11.99,15.376216
11.95,15.006886
11.99,15.406947
149.99,147.13269
11.5199995,7.287693
109.99,116.15235
5.98,6.32743
1700.0,1695.5743
2.99,6.32743
11.95,15.004449
3.84,7.287693
99.99,103.78875
99.99,104.0632
11.99,15.406947
150.0,148.82901
7.68,7.287693
14.95,17.933777
99.99,103.83741
300.0,296.84015
999.99,994.7814
700.0,696.62866
3.84,7.287693
14.95,17.933777
11.99,15.376216
149.99,147.11284
2.99,6.32743
150.0,148.82901
99.99,103.76638
3.84,7.3181686
11.99,15.429671
11.95,15.012214
600.0,585.26215
389.99,386.00906
389.99,386.67395
8.97,6.32743
11.95,15.004449
11.99,15.26867
11.99,15.376216
8.97,6.32743
14.95,17.981943
109.99,116.23186
14.95,17.981943
2.99,6.32743
3.84,7.3099394
14.95,17.981943
400.0,392.40265
150.0,148.82901
600.0,596.0359
14.95,17.981943
379.99,376.8746
14.95,17.981943
99.99,106.30069
99.99,104.081215
11.95,15.012214
14.95,17.981943
23.9,14.963883
109.99,115.95189
2.99,6.32743
700.0,696.70764
14.95,17.933777
14.95,17.981943
11.99,15.26867
300.0,295.9436
11.99,15.396972
11.95,15.004449
600.0,596.109
3.84,7.287693
11.99,15.1750145
99.99,104.85381
3.84,7.287693
149.99,147.69244
389.99,386.00906
389.99,386.35245
150.0,148.82901
14.95,17.933777
379.99,376.09906
3.84,7.287693
999.99,994.7814
11.95,14.992779
379.99,376.09906
11.95,14.962919
149.99,147.28122
600.0,595.8439
99.99,103.92633
2.99,6.32743
11.99,15.376216
11.95,15.012214
2.99,6.32743
11.99,15.406947
600.0,596.5406
14.95,17.981943
11.95,15.004449
11.95,15.004449
1700.0,1695.6522
11.99,15.374248
999.99,994.7814
150.0,148.69675
11.95,15.012214
14.95,17.981943
150.0,148.82901
11.99,15.420968
149.99,147.15535
11.99,15.406947
150.0,148.82901
11.99,15.406947
389.99,386.23508
14.95,18.055319
11.95,14.9488125
400.0,393.22757
11.99,15.374248
2.99,6.3160267
14.95,17.981943
3.84,7.287693
14.95,18.004467
14.95,17.981943
11.95,14.963883
99.99,103.85617
15.36,7.287693
600.0,596.1739
300.0,295.9541
29.9,18.030027
300.0,296.713
11.99,15.453925
149.99,147.15535
150.0,148.6165
3.84,7.3099394
999.99,994.7814
1700.0,1695.6522
7.68,7.287693
11.95,15.004449
5.98,6.32743
2.99,6.32743
300.0,296.2497
14.95,18.055319
700.0,696.45917
14.95,17.981943
3.84,7.287693
389.99,386.17462
7.68,7.287693
99.99,103.79724
109.99,116.196396
3.84,7.287693
379.99,376.40332
700.0,696.70764
300.0,297.76996
149.99,147.34627
3.84,7.3099394
150.0,148.82901
150.0,148.82901
23.98,15.406947
150.0,148.82901
11.95,15.004449
150.0,148.6165
3.84,7.287693
23.98,15.376216
14.95,18.004467
99.99,103.424286
14.95,17.981943
999.99,994.7814
2.99,6.32743
11.99,15.406947
149.99,147.15535
389.99,386.56204
149.99,147.15535
35.97,15.406947
700.0,696.70764
2.99,6.32743
379.99,376.09906
150.0,148.88298
3.84,7.287693
99.99,103.620766
11.95,15.004449
600.0,596.15265
14.95,17.981943
379.99,376.09906
99.99,103.41523
389.99,386.26007
700.0,696.45917
11.5199995,7.287693
109.99,116.34036
7.68,7.287693
14.95,17.981943
11.95,15.004449
400.0,392.40265
600.0,586.73315
150.0,148.82901
2.99,6.32743
3.84,7.287693
150.0,148.82901
109.99,116.15235
11.95,15.004449
14.95,17.981943
99.99,103.52332
11.95,15.004449
11.95,15.004449
2.99,6.32743
999.99,994.7814
149.99,147.11284
14.95,17.981943
999.99,994.7814
2.99,6.32743
11.95,14.963883
2.99,6.32743
400.0,391.08582
109.99,116.15235
149.99,147.56418
8.97,6.32743
11.95,14.9966135
11.95,15.004449
14.95,17.981943
23.9,15.012214
11.95,15.023435
99.99,103.75491
14.95,18.004467
5.98,6.32743
99.99,103.9268
2.99,6.32743
11.95,15.004449
379.99,376.6002
11.95,15.012214
7.68,7.3181686
11.99,15.376216
109.99,115.880714
149.99,147.34627
14.95,17.981943
3.84,7.287693
11.95,15.004449
11.95,15.012214
150.0,148.7363
2.99,6.32743
11.95,15.004449
11.95,15.012214
300.0,296.0217
11.5199995,7.287693
11.99,15.393273
109.99,115.95189
2.99,6.32743
150.0,148.67563
300.0,296.35812
14.95,18.030027
3.84,7.3181686
150.0,148.82901
300.0,296.32608
109.99,116.274666
14.95,17.981943
11.95,15.012214
11.95,15.012214
149.99,147.30376
5.98,6.32743
150.0,148.82901
2.99,6.8192496
11.99,15.406947
149.99,147.15535
3.84,7.287693
109.99,115.90097
11.99,15.307935
700.0,696.45917
150.0,148.88298
2.99,6.32743
999.99,994.7814
379.99,376.4174
600.0,596.109
11.99,15.406947
3.84,7.287693
999.99,994.7814
3.84,7.287693
300.0,295.91846
300.0,148.82901
999.99,994.7814
109.99,116.192635
19.199999,7.3099394
11.95,15.004449
2.99,6.32743
3.84,7.3181686
11.99,15.307935
400.0,392.40265
14.95,18.034414
1700.0,1696.9395
11.99,15.406947
3.84,7.287693
3.84,7.287693
14.95,17.933777
7.68,7.287693
11.95,15.012214
150.0,148.89484
150.0,148.69675
3.84,7.287693
14.95,17.933777
389.99,388.3563
3.84,7.287693
600.0,596.109
14.95,17.981943
11.99,15.376216
14.95,17.981943
3.84,7.287693
11.95,15.012214
14.95,17.933777
389.99,386.09387
300.0,296.0411
400.0,392.3747
3.84,7.287693
700.0,696.70764
700.0,696.45917
11.99,15.374248
99.99,104.02405
14.95,18.030027
149.99,147.21011
700.0,696.70764
700.0,696.45917
389.99,386.23508
700.0,696.70764
109.99,116.490395
3.84,7.287693
11.99,15.429671
3.84,7.287693
23.9,15.004449
3.84,7.287693
11.95,15.004449
150.0,148.89484
23.9,15.004449
99.99,104.23364
14.95,18.055319
1700.0,1695.6522
11.99,15.406947
11.99,15.376216
11.95,15.004449
379.99,376.40332
99.99,103.95768
389.99,387.01276
14.95,17.981943
389.99,386.3053
11.99,15.374248
700.0,696.45917
14.95,17.933777
99.99,103.424286
11.99,15.406947
150.0,148.82901
379.99,376.09906
14.95,17.981943
2.99,6.32743
109.99,116.84453
14.95,17.981943
99.99,103.88673
3.84,7.287693
700.0,696.70764
150.0,148.82901
14.95,17.981943
11.99,15.406947
379.99,376.09906
11.99,15.406947
11.99,15.374248
14.95,17.981943
379.99,376.40332
3.84,7.287693
11.95,15.004449
3.84,7.287693
3.84,7.287693
389.99,386.67395
19.199999,7.287693
14.95,17.933777
1700.0,1697.0292
3.84,7.287693
99.99,103.9268
3.84,7.287693
2.99,6.32743
7.68,7.287693
109.99,116.540596
2.99,6.32743
3.84,7.287693
5.98,6.3160267
99.99,103.87749
35.85,15.004449
14.95,18.030027
600.0,595.96063
3.84,7.2700386
149.99,147.28122
11.95,15.012214
3.84,7.287693
600.0,596.19214
149.99,147.05542
1700.0,1695.6401
11.99,15.406947
99.99,103.99217
11.95,15.004449
14.95,17.933777
11.99,15.406947
11.95,15.004449
999.99,994.7814
3.84,7.3181686
8.97,6.32743
150.0,148.69675
2.99,6.32743
14.95,17.933777
99.99,103.22943
150.0,148.82901
3.84,7.3099394
600.0,596.19214
5.98,6.32743
150.0,148.82901
400.0,391.7063
150.0,148.67563
23.9,15.004449
11.95,15.004449
11.99,15.374248
99.99,103.79724
14.95,17.933777
999.99,994.5261
3.84,7.287693
11.95,15.004449
700.0,696.45917
14.95,17.981943
14.95,17.981943
11.99,15.376216
99.99,103.28905
109.99,115.95189
3.84,7.287693
600.0,596.109
99.99,103.68212
5.98,6.32743
300.0,295.56528
149.99,147.0903
14.95,17.981943
999.99,994.7814
5.98,6.32743
3.84,7.2700386
700.0,696.70764
2.99,6.32743
999.99,994.7814
17.94,6.32743
11.99,15.374248
11.99,15.374248
700.0,696.45917
379.99,378.0339
11.5199995,7.287693
389.99,386.67395
99.99,103.83741
150.0,148.82901
11.99,15.453925
7.68,7.287693
150.0,148.82901
99.99,103.637634
5.98,6.32743
379.99,376.18167
2.99,6.32743
2.99,6.32743
11.99,15.374248
99.99,103.99456
11.99,15.406947
600.0,596.0359
14.95,17.981943
3.84,7.287693
11.5199995,7.3099394
3.84,7.287693
600.0,595.8439
2.99,6.32743
2.99,6.32743
29.9,18.030027
99.99,103.55998
999.99,994.7814
11.99,15.406947
14.95,17.981943
7.68,7.287693
389.99,386.1869
14.95,17.981943
11.95,15.004449
44.85,17.981943
7.68,7.287693
11.99,15.393273
2.99,6.32743
300.0,296.72018
14.95,17.981943
11.99,15.376216
700.0,696.45917
14.95,17.981943
11.99,15.376216
11.99,15.376216
300.0,295.70886
14.95,18.030027
11.95,15.004449
11.99,15.26867
379.99,376.40332
2.99,6.32743
14.95,17.981943
5.98,6.32743
11.95,15.004449
389.99,386.2449
11.99,15.374248
3.84,7.3181686
600.0,596.19214
150.0,148.82901
23.9,15.004449
1700.0,1695.4037
11.99,15.406947
99.99,103.424286
29.9,17.981943
389.99,386.1648
150.0,148.82901
379.99,376.44208
3.84,7.287693
11.99,15.406947
149.99,147.19774
99.99,103.28905
3.84,7.287693
99.99,103.44131
23.98,15.26867
700.0,696.62866
150.0,148.89484
300.0,296.72626
11.99,15.26867
11.95,14.963883
149.99,147.21011
11.95,14.962919
1700.0,1695.6522
379.99,376.5651
11.99,15.307935
5.98,6.32743
14.95,17.981943
23.9,15.004449
11.99,15.374248
99.99,103.527
150.0,148.82901
2.99,6.32743
149.99,147.19774
3.84,7.3181686
11.95,15.012214
3.84,7.2700386
400.0,392.3747
14.95,17.981943
300.0,295.80002
11.95,14.9966135
700.0,696.45917
11.99,15.26867
2.99,6.32743
11.95,15.004449
99.99,103.65087
700.0,696.70764
3.84,7.3099394
3.84,7.2700386
2.99,6.32743
109.99,116.540596
3.84,7.287693
11.99,15.26867
14.95,17.981943
999.99,994.7814
700.0,696.70764
700.0,696.45917
14.95,17.981943
379.99,376.4174
11.5199995,7.3181686
5.98,6.32743
7.68,7.2700386
149.99,146.82
150.0,148.82901
14.95,17.981943
150.0,148.82901
149.99,147.0903
2.99,6.32743
150.0,148.82901
11.99,15.406947
99.99,103.424286
999.99,994.7814
150.0,148.82901
2.99,6.32743
11.95,14.963883
8.97,6.32743
2.99,6.32743
14.95,17.981943
150.0,148.88298
109.99,115.974396
2.99,6.3160267
3.84,7.287693
600.0,596.0359
2.99,6.32743
379.99,376.09906
14.95,17.981943
3.84,7.287693
11.95,15.004449
14.95,17.981943
109.99,116.34036
2.99,6.32743
14.95,17.981943
109.99,116.24315
389.99,386.65384
300.0,296.22922
1700.0,1695.6522
999.99,994.7814
14.95,18.004467
3.84,7.287693
3.84,7.287693
14.95,17.981943
3.84,7.287693
14.95,17.981943
11.99,15.376216
300.0,296.38327
11.95,15.012214
150.0,148.82901
14.95,17.981943
150.0,148.69675
14.95,17.981943
14.95,17.981943
11.95,15.004449
99.99,103.620766
1700.0,1695.6522
600.0,595.8439
600.0,595.8439
5.98,6.32743
11.99,15.429671
14.95,18.030027
5.98,6.32743
999.99,994.7814
700.0,696.70764
7.68,7.287693
11.95,15.004449
11.95,15.004449
7.68,7.287693
7.68,7.287693
11.95,15.004449
149.99,147.15535
5.98,6.32743
99.99,103.50367
14.95,17.981943
23.98,15.26867
150.0,148.75072
11.95,15.012214
14.95,17.981943
11.95,15.012214
99.99,103.620766
150.0,148.82901
600.0,585.26215
11.95,15.004449
300.0,296.24402
11.95,15.004449
300.0,295.80435
14.95,17.981943
600.0,596.5406
11.95,15.004449
14.95,17.981943
999.99,994.8366
5.98,6.32743
3.84,7.287693
999.99,994.7814
999.99,994.7814
1700.0,1696.9395
389.99,386.36197
11.95,15.004449
1700.0,1696.0317
99.99,104.005394
3.84,7.287693
11.95,15.004449
23.9,15.012214
14.95,17.981943
700.0,696.45917
1700.0,1696.2998
11.95,15.004449
5.98,6.32743
1700.0,1697.985
14.95,17.981943
11.99,15.26867
11.99,15.374248
11.99,15.374248
11.95,15.004449
11.95,15.004449
149.99,147.15523
99.99,103.83741
14.95,17.981943
99.99,103.28905
14.95,17.981943
29.9,18.004467
3.84,7.287693
14.95,18.030027
3.84,7.287693
379.99,376.44208
11.99,15.376216
150.0,148.82901
389.99,386.2449
3.84,7.3099394
150.0,148.82901
150.0,148.82901
7.68,7.287693
2.99,6.32743
14.95,17.981943
14.95,17.933777
8.97,6.32743
300.0,296.22922
11.95,15.004449
11.5199995,7.3181686
3.84,7.287693
600.0,596.109
700.0,696.70764
7.68,7.287693
11.95,14.963883
11.95,15.004449
14.95,17.981943
150.0,148.82901
109.99,115.95189
3.84,7.287693
11.95,14.963883
109.99,115.82349
7.68,7.287693
149.99,147.15523
11.99,15.26867
11.99,15.376216
400.0,392.5175
11.95,14.9966135
14.95,17.981943
23.9,15.012214
700.0,696.8847
14.95,17.981943
11.95,15.006886
149.99,147.15535
2.99,6.32743
11.99,15.376216
14.95,17.981943
99.99,103.89625
14.95,18.004467
109.99,116.26575
600.0,596.19214
11.95,15.004449
14.95,17.981943
11.95,15.012214
14.95,17.981943
149.99,147.19774
99.99,103.55503
3.84,7.287693
99.99,104.0632
14.95,17.981943
11.99,15.406947
7.68,7.287693
109.99,115.73779
14.95,17.981943
600.0,596.0359
379.99,376.91418
11.95,15.004449
14.95,17.981943
600.0,596.5406
300.0,296.3207
99.99,104.69115
1700.0,1695.629
1700.0,1696.2998
11.99,15.26867
11.95,14.962919
29.9,17.981943
14.95,17.981943
14.95,17.981943
149.99,147.15535
150.0,148.89484
700.0,696.45917
14.95,17.981943
11.95,15.004449
150.0,148.82901
389.99,386.35245
11.99,15.423194
11.99,15.376216
300.0,296.6731
11.99,15.406947
14.95,17.981943
5.98,6.3160267
14.95,18.030027
11.5199995,7.287693
150.0,148.69675
3.84,7.287693
999.99,994.7814
23.9,15.012214
11.95,15.004449
150.0,148.75072
11.99,15.406947
11.99,15.376216
150.0,148.82901
700.0,696.45917
150.0,148.82901
150.0,148.88298
389.99,386.108
149.99,147.34627
149.99,146.9776
11.95,15.004449
11.95,15.012214
2.99,6.32743
11.95,15.004449
150.0,148.82901
2.99,6.3160267
11.99,15.406947
11.95,15.012214
2.99,6.32743
300.0,295.71936
11.95,15.012214
3.84,7.287693
14.95,17.981943
150.0,148.82901
14.95,17.981943
400.0,392.40265
11.95,14.963883
3.84,7.287693
300.0,297.27567
14.95,17.981943
3.84,7.287693
2.99,6.32743
11.95,15.004449
3.84,7.287693
379.99,376.09906
14.95,17.981943
11.95,15.012214
11.95,15.004449
99.99,104.0632
11.95,15.012214
149.99,147.0903
379.99,376.11343
11.95,15.031199
14.95,18.004467
379.99,376.44208
11.99,15.23622
11.95,15.004449
300.0,296.22922
389.99,386.67395
14.95,18.004467
999.99,994.7814
99.99,103.761986
700.0,696.70764
3.84,7.287693
2.99,6.32743
3.84,7.287693
400.0,392.40265
11.95,15.004449
11.95,15.004449
11.96,6.32743
150.0,148.67047
11.95,15.012214
300.0,295.90268
11.99,15.406947
109.99,116.192635
2.99,6.32743
11.95,14.9966135
11.99,15.376216
999.99,994.7814
150.0,148.82901
300.0,296.39377
14.95,17.981943
11.99,15.26867
14.95,17.981943
99.99,103.44131
3.84,7.287693
109.99,116.192635
14.95,17.981943
389.99,386.11353
11.99,15.393273
14.95,17.981943
600.0,596.15265
700.0,696.45917
2.99,6.32743
3.84,7.2700386
149.99,147.11284
14.95,18.030027
11.99,15.26867
700.0,697.1036
5.98,6.32743
3.84,7.3099394
14.95,17.933777
3.84,7.287693
3.84,7.287693
150.0,148.67563
14.95,17.981943
7.68,7.287693
3.84,7.287693
149.99,147.15523
150.0,148.82901
1700.0,1695.6401
14.95,17.981943
11.95,15.004449
3.84,7.287693
3.84,7.2700386
700.0,696.70764
600.0,595.8439
11.95,15.004449
700.0,696.8847
11.5199995,7.287693
14.95,17.981943
14.95,17.981943
999.99,994.7814
389.99,386.33044
3.84,7.3181686
379.99,376.09906
300.0,295.80002
99.99,104.0632
3.84,7.287693
11.99,15.376216
400.0,392.40265
1700.0,1695.5743
600.0,596.5406
99.99,103.28905
11.99,15.376216
2.99,6.32743
700.0,696.6241
11.95,15.012214
3.84,7.2700386
11.95,15.004449
2.99,6.3160267
99.99,103.83741
150.0,148.82901
14.95,17.981943
389.99,387.0941
11.95,15.004449
3.84,7.2700386
14.95,17.981943
999.99,994.7814
8.97,6.32743
379.99,375.89178
11.99,15.23622
14.95,18.055319
14.95,17.933777
150.0,148.69675
11.95,14.963883
11.95,15.012214
14.95,18.004467
149.99,147.34627
8.97,6.32743
999.99,994.7814
700.0,696.45917
109.99,116.34036
379.99,376.5651
99.99,103.83741
2.99,6.32743
3.84,7.287693
11.95,15.004449
11.95,14.962919
700.0,696.70764
999.99,994.7814
99.99,104.0632
3.84,7.3099394
149.99,147.15535
150.0,148.82901
11.95,15.004449
150.0,148.89484
99.99,103.620766
150.0,148.82901
1700.0,1696.0317
11.99,15.376216
14.95,17.981943
11.95,15.012214
700.0,696.45917
11.95,15.004449
11.95,15.004449
3.84,7.287693
29.9,17.981943
11.99,15.376216
600.0,586.73315
389.99,386.4695
11.99,15.420968
389.99,386.28217
14.95,17.981943
150.0,148.82901
14.95,17.981943
999.99,994.7814
11.95,15.031746
11.95,15.004449
14.95,17.981943
11.95,15.012214
5.98,6.32743
300.0,295.8915
3.84,7.287693
14.95,17.981943
149.99,147.21011
11.96,6.32743
2.99,6.32743
11.95,15.012214
14.95,17.981943
2.99,6.32743
11.95,15.031199
99.99,103.3635
11.95,15.004449
11.95,15.004449
150.0,148.82901
2.99,6.8192496
700.0,696.45917
700.0,696.62866
11.95,14.963883
150.0,148.6165
99.99,103.76638
2.99,6.32743
2.99,6.32743
600.0,596.0359
14.95,17.981943
700.0,696.45917
149.99,147.30376
11.95,15.012214
2.99,6.32743
700.0,696.70764
11.95,15.004449
109.99,115.974396
600.0,596.15265
14.95,17.981943
150.0,148.6165
2.99,6.32743
3.84,7.287693
149.99,147.11284
700.0,696.8847
379.99,376.403
300.0,296.87756
11.99,15.376216
11.95,15.023435
3.84,7.3181686
999.99,994.5261
5.98,6.3160267
149.99,147.15535
35.85,15.004449
14.95,17.981943
99.99,103.527
2.99,6.32743
600.0,586.73315
2.99,6.32743
11.95,15.004449
14.95,17.981943
150.0,148.6165
11.99,15.376216
600.0,596.15265
11.99,15.376216
1700.0,1695.3777
14.95,17.981943
5.98,6.32743
14.95,17.981943
14.95,17.981943
11.95,15.004449
150.0,148.82901
99.99,103.424286
11.95,15.004449
14.95,17.981943
14.95,17.981943
99.99,103.527
14.95,17.981943
11.99,15.374248
389.99,386.35214
23.9,15.004449
379.99,376.74603
11.95,15.004449
300.0,296.22922
11.95,15.004449
149.99,147.03249
14.95,17.981943
14.95,17.981943
11.95,15.004449
109.99,115.82349
3.84,7.3181686
99.99,103.79724
14.95,17.981943
150.0,148.82901
3.84,7.3181686
379.99,376.09906
1700.0,1695.3777
2.99,6.32743
7.68,7.287693
11.99,15.376216
2.99,6.3160267
2.99,6.32743
379.99,376.18167
2.99,6.506794
5.98,6.32743
99.99,103.52332
2.99,6.32743
11.99,15.376216
109.99,116.283134
11.95,14.963883
11.95,15.004449
11.99,15.374248
150.0,148.82901
2.99,6.32743
5.98,6.32743
999.99,994.7814
999.99,994.7814
11.95,15.004449
700.0,696.70764
99.99,103.55503
99.99,104.047066
99.99,103.88673
11.95,14.970684
2.99,6.32743
11.99,15.376216
2.99,6.32743
379.99,376.09906
11.95,14.963883
14.95,17.933777
150.0,148.82901
700.0,696.8847
11.95,15.012214
11.95,15.004449
2.99,6.32743
11.99,15.374248
99.99,103.65087
99.99,103.424286
14.95,17.981943
300.0,295.78232
999.99,994.7814
11.99,15.307935
11.99,15.376216
2.99,6.32743
99.99,103.934364
999.99,994.7814
700.0,696.6241
1700.0,1696.0317
11.99,15.406947
2.99,6.32743
3.84,7.287693
2.99,6.32743
700.0,696.6241
14.95,6.32743
14.95,17.981943
150.0,148.75072
150.0,148.89484
150.0,148.82901
600.0,596.5406
14.95,17.981943
14.95,17.981943
300.0,297.41205
2.99,6.32743
5.98,6.32743
149.99,147.24634
11.95,15.004449
109.99,116.79018
8.97,6.32743
3.84,7.287693
14.95,17.981943
14.95,18.004467
300.0,297.28616
11.99,15.374248
99.99,103.9268
379.99,376.44208
11.99,15.39894
11.99,15.307935
3.84,7.287693
99.99,103.424286
700.0,696.8847
400.0,392.40265
700.0,696.62866
99.99,103.510704
5.98,6.32743
11.95,15.004449
300.0,296.24402
14.95,17.981943
14.95,17.981943
389.99,386.65384
7.68,7.2700386
35.97,15.519269
23.9,15.012214
999.99,994.7814
600.0,586.73315
600.0,596.19214
1700.0,1695.6522
7.68,7.3099394
99.99,104.032646
14.95,17.981943
3.84,7.287693
300.0,296.9128
389.99,386.2449
3.84,7.3181686
14.95,17.981943
14.95,17.981943
11.95,14.962919
11.95,15.012214
99.99,103.5217
3.84,7.287693
7.68,7.287693
300.0,296.713
11.99,15.376216
400.0,392.40265
300.0,295.56528
149.99,147.30376
11.95,15.031199
11.95,15.012214
3.84,7.287693
149.99,147.15523
14.95,17.981943
11.99,15.307935
389.99,388.36035
11.95,14.9966135
1700.0,1698.9241
600.0,596.15265
389.99,386.15256
300.0,295.9541
149.99,147.15523
149.99,147.34627
1700.0,1695.4037
2.99,6.506794
700.0,696.70764
2.99,6.32743
1700.0,1720.0847
14.95,17.981943
1700.0,1695.4037
700.0,696.45917
14.95,17.981943
5.98,6.32743
14.95,17.981943
400.0,392.40265
7.68,7.287693
109.99,116.26232
150.0,148.82901
600.0,596.5406
150.0,148.69675
11.99,15.26867
11.99,15.307935
150.0,148.69675
5.98,6.32743
5.98,6.32743
14.95,17.981943
150.0,148.67563
5.98,6.32743
3.84,7.287693
3.84,7.287693
11.95,15.004449
11.95,15.004449
14.95,17.981943
150.0,148.82901
2.99,6.32743
11.95,15.012214
700.0,696.45917
389.99,386.43832
11.99,15.406947
29.9,17.981943
11.95,15.004449
14.95,17.981943
700.0,696.70764
2.99,6.32743
11.95,15.012214
150.0,148.75072
14.95,17.981943
2.99,6.3160267
2.99,6.32743
11.95,15.031199
150.0,148.89484
29.9,17.981943
11.95,15.004449
7.68,7.287693
3.84,7.287693
700.0,696.70764
14.95,17.981943
3.84,7.287693
11.99,15.519269
14.95,17.981943
700.0,696.62866
149.99,147.0903
149.99,147.30376
11.95,14.9966135
3.84,7.287693
149.99,147.34627
99.99,103.33066
99.99,104.081215
389.99,386.43832
11.95,15.004449
99.99,104.0632
99.99,103.637245
600.0,596.19214
11.99,15.406947
11.95,14.963883
150.0,148.67563
29.9,18.055319
1700.0,1695.6401
99.99,103.57149
150.0,148.69675
300.0,298.32
149.99,147.05344
700.0,696.45917
379.99,376.09906
1700.0,1695.6127
29.9,17.933777
999.99,994.80945
600.0,596.0359
109.99,116.283134
3.84,7.287693
3.84,7.287693
11.95,15.004449
149.99,146.86252
150.0,148.67563
300.0,295.9541
11.95,15.031199
389.99,386.2449
99.99,103.28905
14.95,17.981943
600.0,596.19214
11.99,15.376216
2.99,6.3160267
14.95,17.933777
2.99,6.32743
14.95,17.981943
14.95,17.981943
11.99,15.374248
150.0,148.82901
2.99,6.32743
8.97,6.32743
149.99,147.34627
14.95,17.981943
11.99,15.376216
5.98,6.32743
14.95,17.981943
5.98,6.32743
3.84,7.287693
600.0,596.0359
700.0,696.62866
300.0,296.22922
14.95,17.981943
2.99,6.32743
109.99,116.26111
149.99,146.86252
149.99,147.11284
14.95,17.981943
3.84,7.3181686
11.95,15.012214
2.99,6.32743
8.97,6.32743
99.99,103.566826
35.85,15.004449
11.99,15.26867
3.84,7.287693
600.0,596.19214
23.9,15.004449
14.95,17.981943
700.0,696.45917
600.0,586.73315
7.68,7.287693
3.84,7.282076
23.9,15.004449
150.0,148.82901
29.9,17.981943
149.99,147.11284
11.96,6.32743
300.0,296.67743
1700.0,1695.5743
150.0,148.82901
11.99,15.406947
11.95,15.023435
389.99,386.15256
109.99,116.34036
11.99,15.26867
150.0,148.82901
149.99,147.2525
150.0,148.88298
23.98,15.376216
2.99,6.32743
14.95,17.981943
300.0,296.2397
3.84,7.287693
3.84,7.3181686
11.99,15.376216
600.0,585.26215
150.0,148.82901
600.0,586.73315
600.0,585.26215
400.0,392.5175
99.99,104.04793
3.84,7.287693
149.99,147.15535
11.99,15.406947
2.99,6.32743
11.95,15.004449
700.0,697.1036
150.0,148.88298
3.84,7.287693
99.99,103.83741
2.99,6.32743
3.84,7.287693
2.99,6.32743
999.99,994.7814
14.95,18.055319
150.0,148.69675
109.99,116.36848
2.99,6.32743
150.0,148.82901
109.99,115.880714
150.0,148.7296
11.95,15.004449
99.99,103.50367
11.95,15.004449
600.0,595.8439
389.99,386.02106
400.0,392.40265
600.0,586.73315
11.99,15.376216
379.99,376.09906
3.84,7.3181686
14.95,17.981943
2.99,6.32743
2.99,6.32743
150.0,148.6165
700.0,696.70764
14.95,18.055319
379.99,376.40332
23.98,15.26867
600.0,596.0359
3.84,7.287693
150.0,148.82901
379.99,376.11343
7.68,7.287693
14.95,18.030027
3.84,7.287693
150.0,148.82901
379.99,377.00977
3.84,7.287693
3.84,7.287693
14.95,17.981943
150.0,148.89484
99.99,103.424286
149.99,147.15535
11.95,15.012214
23.9,15.012214
150.0,148.89484
11.95,15.004449
7.68,7.3181686
99.99,103.79724
35.97,15.376216
389.99,386.35245
14.95,17.981943
150.0,148.88298
3.84,7.3181686
2.99,6.32743
11.95,15.004449
600.0,596.19214
700.0,696.70764
3.84,7.287693
11.95,15.004449
14.95,17.981943
600.0,596.109
149.99,146.9049
600.0,595.8439
11.95,15.004449
389.99,385.9542
1700.0,1695.4037
14.95,17.981943
150.0,148.82901
99.99,103.32522
11.95,15.012214
149.99,146.9049
2.99,6.32743
11.95,15.012214
5.98,6.32743
1700.0,1696.0317
2.99,6.32743
300.0,295.9541
3.84,7.287693
14.95,17.981943
379.99,376.74603
150.0,148.88298
14.95,17.981943
8.97,6.32743
11.99,15.376216
149.99,147.15535
149.99,147.13269
400.0,393.6818
11.95,15.012214
150.0,148.82901
23.9,15.004449
150.0,148.82901
14.95,17.933777
99.99,103.393036
3.84,7.287693
14.95,17.981943
14.95,17.981943
2.99,6.32743
150.0,148.69675
5.98,6.32743
5.98,6.32743
150.0,148.89484
3.84,7.287693
14.95,17.981943
400.0,392.40265
99.99,103.806854
2.99,6.32743
3.84,7.287693
8.97,6.32743
11.95,15.004449
3.84,7.2700386
7.68,7.287693
150.0,148.82901
14.95,17.981943
99.99,103.8157
999.99,994.7814
11.95,15.012214
150.0,148.54337
8.97,6.32743
14.95,17.981943
5.98,6.32743
389.99,386.09482
14.95,17.981943
14.95,17.981943
150.0,148.82901
11.99,15.406947
11.99,15.374248
11.95,15.012214
150.0,148.69675
3.84,7.2700386
14.95,17.981943
2.99,6.32743
3.84,7.287693
379.99,376.44208
999.99,994.7814
150.0,148.82901
11.95,15.012214
700.0,697.3461
11.99,15.519269
5.98,6.32743
149.99,147.11284
150.0,148.82901
389.99,386.3053
300.0,297.15002
3.84,7.3181686
11.99,15.374248
150.0,148.88298
999.99,994.7814
150.0,148.82901
3.84,7.287693
150.0,148.82901
11.95,15.004449
700.0,696.45917
389.99,388.36035
389.99,386.43832
109.99,116.21159
150.0,148.69675
11.95,15.004449
11.95,15.004449
99.99,103.36843
14.95,17.981943
11.99,15.376216
2.99,6.32743
11.99,15.406947
1700.0,1698.5653
14.95,17.981943
14.95,18.030027
300.0,296.1356
109.99,116.2413
2.99,6.32743
11.99,15.376216
3.84,7.287693
109.99,116.19889
379.99,376.40332
14.95,17.981943
700.0,696.70764
29.9,17.981943
3.84,7.287693
150.0,148.69675
150.0,148.82901
14.95,17.981943
11.99,15.519269
600.0,596.0359
14.95,17.933777
3.84,7.287693
700.0,696.45917
11.99,15.376216
3.84,7.287693
2.99,6.32743
14.95,17.981943
11.5199995,7.287693
3.84,7.287693
3.84,7.287693
3.84,7.3181686
389.99,386.3053
1700.0,1695.5743
300.0,297.22357
14.95,18.004467
150.0,148.69675
8.97,6.32743
14.95,18.030027
3.84,7.3099394
11.95,15.012214
29.9,17.981943
99.99,103.424286
11.99,15.39894
14.95,17.981943
389.99,386.11353
99.99,103.50367
150.0,148.69675
7.68,7.287693
150.0,148.82901
150.0,148.82901
11.99,15.376216
149.99,147.19774
14.95,17.981943
23.9,15.004449
3.84,7.287693
3.84,7.287693
7.68,7.2700386
14.95,6.3160267
149.99,147.15535
11.99,15.374248
99.99,104.05471
2.99,6.32743
150.0,148.82901
149.99,147.34627
2.99,6.32743
150.0,148.82901
14.95,17.981943
99.99,103.9268
11.95,15.004449
150.0,148.89484
700.0,696.45917
149.99,147.0903
700.0,696.45917
11.95,14.963883
11.96,6.32743
2.99,6.32743
2.99,6.32743
99.99,103.76638
389.99,386.15256
149.99,147.05344
11.95,15.004449
3.84,7.287693
379.99,376.6002
14.95,17.981943
7.68,7.287693
11.95,15.004449
11.99,15.406947
11.99,15.374248
1700.0,1695.6522
14.95,18.004467
149.99,147.30376
389.99,386.0497
23.98,15.406947
14.95,17.981943
11.99,15.406947
379.99,377.73404
19.199999,7.287693
700.0,696.45917
600.0,595.96063
23.039999,7.3181686
14.95,17.981943
14.95,17.933777
11.99,15.376216
14.95,17.981943
2.99,6.3160267
11.95,15.004449
150.0,148.82901
109.99,116.031624
11.95,15.012214
389.99,386.23508
700.0,696.70764
3.84,7.287693
5.98,6.32743
379.99,376.40332
389.99,385.92233
11.95,15.004449
700.0,696.45917
11.99,15.406947
99.99,103.9268
2.99,6.32743
109.99,116.3065
11.95,15.004449
149.99,147.19774
3.84,7.287693
150.0,148.82901
14.95,17.981943
14.95,17.981943
14.95,17.981943
11.5199995,7.287693
23.9,15.004449
149.99,147.12613
14.95,17.981943
11.95,15.004449
11.95,15.023435
2.99,6.32743
99.99,103.50367
600.0,596.19214
5.98,6.32743
5.98,6.32743
11.95,15.004449
14.95,17.981943
379.99,377.1137
1700.0,1696.9395
29.9,18.030027
11.95,15.004449
389.99,386.2449
3.84,7.287693
11.95,15.004449
99.99,103.982765
11.99,15.396972
99.99,103.65856
3.84,7.287693
14.95,17.981943
14.95,18.030027
11.99,15.376216
11.95,15.004449
7.68,7.287693
11.99,15.26867
14.95,17.981943
5.98,6.32743
150.0,148.69675
11.99,15.26867
600.0,595.8439
11.99,15.374248
5.98,6.32743
15.36,7.287693
999.99,994.7814
3.84,7.287693
150.0,148.88298
11.99,15.374248
300.0,296.81497
600.0,596.109
3.84,7.3099394
2.99,6.32743
14.95,17.981943
109.99,116.2413
379.99,376.6002
379.99,379.73654
600.0,586.73315
389.99,386.35645
11.99,15.1750145
3.84,7.3099394
150.0,148.88298
7.68,7.287693
700.0,697.1036
600.0,596.0359
5.98,6.32743
999.99,994.7814
11.95,15.004449
2.99,6.32743
14.95,17.981943
3.84,7.3181686
2.99,6.32743
150.0,148.82901
7.68,7.287693
2.99,6.3160267
149.99,147.11284
3.84,7.2700386
2.99,6.32743
300.0,295.5696
149.99,147.15535
11.99,15.26867
149.99,146.86252
99.99,103.85617
600.0,586.73315
11.99,15.26867
2.99,6.32743
1700.0,1695.6522
11.95,15.023435
14.95,17.981943
14.95,17.981943
150.0,148.82901
3.84,7.3181686
11.99,15.374248
3.84,7.2700386
99.99,103.22943
11.95,15.004449
23.9,15.012214
149.99,147.11284
5.98,6.32743
379.99,376.44208
149.99,147.15535
3.84,7.287693
99.99,103.527
150.0,148.89484
150.0,148.82901
389.99,386.23508
3.84,7.3099394
3.84,7.287693
109.99,116.37561
3.84,7.287693
2.99,6.32743
149.99,147.15535
2.99,6.32743
109.99,115.84374
150.0,148.82901
14.95,18.055319
389.99,386.43832
99.99,103.8157
11.95,15.004449
150.0,148.82901
600.0,596.0359
150.0,148.82901
7.68,7.287693
29.9,17.981943
11.95,15.004449
379.99,376.40332
389.99,386.09482
14.95,17.981943
99.99,103.806854
11.99,15.376216
600.0,595.8439
2.99,6.32743
14.95,17.981943
2.99,6.32743
2.99,6.32743
300.0,296.3062
150.0,148.88298
14.95,18.034414
150.0,148.82901
379.99,376.6002
14.95,17.981943
149.99,147.19774
149.99,147.15523
150.0,148.82901
23.98,15.376216
11.95,14.963883
400.0,392.40265
300.0,296.2397
5.98,6.32743
99.99,104.032646
99.99,103.76638
300.0,296.713
3.84,7.3181686
29.9,17.981943
5.98,6.32743
11.95,14.963883
11.99,15.307935
14.95,17.981943
1700.0,1696.1173
14.95,17.981943
3.84,7.287693
11.96,6.32743
11.95,15.012214
999.99,994.7814
150.0,148.6165
149.99,147.0903
14.95,18.030027
150.0,148.69675
700.0,696.70764
99.99,103.82594
11.95,15.004449
14.95,17.981943
3.84,7.287693
11.95,15.004449
400.0,392.40265
2.99,6.32743
11.95,15.004449
11.99,15.26867
3.84,7.287693
14.95,17.981943
2.99,6.32743
99.99,103.245834
150.0,148.82901
1700.0,1695.5743
3.84,7.287693
300.0,296.72626
150.0,148.82901
150.0,148.69675
99.99,104.024155
11.99,15.307935
300.0,295.8463
7.68,7.287693
1700.0,1698.9241
149.99,147.11284
999.99,994.7814
3.84,7.287693
23.9,15.004449
14.95,17.981943
11.99,15.406947
11.95,15.023435
999.99,994.7814
14.95,17.981943
2.99,6.32743
150.0,148.82901
11.99,15.406947
11.95,15.004449
700.0,696.70764
11.95,15.023435
11.95,15.004449
109.99,116.26111
11.95,15.004449
99.99,103.83741
14.95,17.981943
700.0,696.45917
14.95,17.981943
999.99,994.7814
7.68,7.287693
2.99,6.32743
3.84,7.287693
149.99,146.9185
11.95,15.012214
2.99,6.32743
700.0,696.70764
149.99,147.05344
150.0,148.82901
11.99,15.406947
149.99,147.15535
23.98,15.307935
14.95,17.981943
109.99,115.97744
5.98,6.32743
379.99,376.18167
300.0,295.4771
11.99,15.376216
11.95,15.004449
389.99,386.67395
999.99,994.7814
3.84,7.3181686
109.99,115.880714
3.84,7.287693
99.99,107.52595
1700.0,1695.6522
14.95,17.981943
1700.0,1695.6492
109.99,116.10168
700.0,696.70764
11.99,15.429671
389.99,386.26007
1700.0,1698.9241
150.0,148.82901
150.0,148.82901
109.99,116.34036
3.84,7.287693
600.0,596.847
700.0,696.70764
99.99,104.0632
99.99,103.83741
300.0,296.6054
300.0,296.72626
5.98,6.32743
14.95,17.933777
2.99,6.32743
99.99,103.708275
150.0,148.82901
14.95,17.981943
1700.0,1695.3292
2.99,6.32743
29.9,17.981943
3.84,7.287693
150.0,148.82901
14.95,17.933777
11.95,15.004449
11.95,15.004449
3.84,7.287693
14.95,18.004467
14.95,17.981943
14.95,18.030027
11.99,15.376216
7.68,7.2700386
5.98,6.3160267
700.0,696.70764
5.98,6.32743
7.68,7.287693
300.0,296.22922
1700.0,1696.2998
99.99,103.85617
11.95,15.004449
2.99,6.32743
11.99,15.376216
99.99,104.047066
2.99,6.32743
379.99,376.44208
300.0,295.9436
2.99,6.32743
150.0,148.89484
99.99,103.694984
109.99,116.031624
11.95,15.023435
999.99,994.7814
14.95,17.933777
11.99,15.376216
379.99,376.1029
11.99,15.376216
11.96,6.32743
149.99,147.15535
3.84,7.287693
150.0,148.88298
150.0,148.82901
150.0,148.82901
150.0,148.69675
11.99,15.376216
150.0,148.82901
700.0,696.70764
23.98,15.376216
11.99,15.406947
29.9,17.981943
14.95,17.933777
11.99,15.376216
1700.0,1695.6414
14.95,17.981943
2.99,6.32743
14.95,17.981943
300.0,296.81497
2.99,6.3160267
2.99,6.32743
14.95,17.981943
11.99,15.376216
99.99,103.50367
11.95,14.962919
3.84,7.287693
700.0,697.3461
150.0,148.82901
3.84,7.287693
379.99,376.09906
14.95,17.981943
2.99,6.3160267
300.0,296.35812
11.99,15.376216
700.0,696.70764
99.99,103.50367
11.99,15.376216
11.95,15.004449
99.99,103.28905
150.0,148.82901
150.0,148.88298
11.99,15.406947
23.9,15.01465
23.9,15.004449
150.0,148.82901
7.68,7.3181686
2.99,6.32743
389.99,386.353
2.99,6.32743
99.99,103.85617
150.0,148.82901
11.99,15.307935
14.95,17.981943
3.84,7.287693
700.0,696.45917
2.99,6.32743
149.99,147.15535
11.99,15.23622
11.99,15.393273
150.0,148.68233
11.99,15.406947
389.99,386.36197
3.84,7.3181686
700.0,696.45917
3.84,7.287693
11.99,15.376216
2.99,6.32743
14.95,17.981943
600.0,595.8439
389.99,386.2449
11.99,15.374248
99.99,103.83741
14.95,18.030027
14.95,18.004467
109.99,115.95189
150.0,148.88298
2.99,6.32743
23.98,15.376216
11.99,15.374248
5.98,6.32743
11.95,15.023435
14.95,18.004467
2.99,6.32743
150.0,148.82901
1700.0,1695.3777
11.99,15.26867
11.99,15.406947
14.95,17.981943
99.99,104.09479
150.0,148.6165
23.98,15.374248
2.99,6.32743
11.99,15.307935
11.95,15.004449
14.95,18.030027
99.99,103.424286
99.99,103.620766
99.99,103.33066
14.95,17.981943
109.99,116.19889
150.0,148.82901
1700.0,1696.1173
2.99,6.32743
389.99,386.67395
99.99,103.637245
400.0,392.40265
2.99,6.3160267
300.0,296.2397
379.99,376.18167
1700.0,1698.9241
11.99,15.429671
2.99,6.32743
99.99,103.88673
99.99,103.92633
99.99,103.620766
11.99,15.429671
11.99,15.406947
999.99,994.7814
11.99,15.406947
23.98,15.429671
14.95,18.030027
11.99,15.376216
11.95,15.012214
600.0,596.0359
11.99,15.23622
14.95,17.933777
23.98,15.376216
11.95,15.012214
149.99,147.21011
3.84,7.287693
109.99,116.192635
11.95,15.004449
150.0,148.82901
11.99,15.1750145
600.0,596.15265
3.84,7.287693
389.99,386.23508
14.95,18.034414
14.95,17.981943
149.99,147.11284
11.99,15.519269
5.98,6.32743
150.0,148.6165
14.95,17.981943
400.0,392.40265
99.99,103.82594
99.99,103.620766
11.95,15.004449
14.95,17.981943
2.99,6.32743
11.95,15.012214
11.99,15.406947
700.0,697.1036
3.84,7.287693
11.99,15.406947
11.95,15.004449
149.99,147.34627
109.99,116.84453
5.98,6.32743
2.99,6.3160267
14.95,17.981943
14.95,18.030027
300.0,296.1356
150.0,148.89484
11.99,15.374248
11.99,15.393273
11.5199995,7.3181686
379.99,375.89178
14.95,17.933777
149.99,147.11284
150.0,148.82901
150.0,148.75072
99.99,103.626045
11.99,15.406947
150.0,148.82901
150.0,148.6165
11.99,15.1750145
600.0,595.8439
11.99,15.376216
149.99,147.62923
379.99,376.40332
150.0,148.82901
5.98,6.32743
150.0,148.82901
379.99,376.5651
11.95,15.012214
11.95,15.004449
99.99,103.12848
2.99,6.32743
150.0,148.82901
11.95,15.023435
150.0,148.82901
5.98,6.32743
300.0,296.6731
389.99,386.15256
11.95,15.031746
14.95,17.933777
7.68,7.287693
11.95,15.004449
379.99,376.09906
2.99,6.32743
14.95,17.981943
149.99,147.19774
11.95,15.004449
99.99,103.83741
14.95,17.981943
700.0,697.3461
99.99,103.527
11.99,15.406947
11.95,15.004449
999.99,994.7814
11.99,15.23622
999.99,994.7814
11.95,15.012214
11.95,15.031199
14.95,17.981943
700.0,696.4546
2.99,6.32743
23.9,14.970684
3.84,7.287693
11.95,15.012214
3.84,7.282076
999.99,994.7814
23.9,15.004449
99.99,103.708275
23.9,15.004449
14.95,17.981943
99.99,103.85617
2.99,6.32743
11.99,15.374248
11.95,15.012214
23.9,15.004449
11.99,15.26867
11.99,15.1750145
11.95,15.004449
389.99,386.23508
150.0,148.82901
14.95,17.933777
14.95,17.981943
11.95,15.004449
11.95,15.012214
14.95,18.055319
600.0,596.0359
149.99,147.0903
400.0,392.40265
99.99,103.78875
14.95,17.981943
11.99,15.406947
700.0,696.70764
11.99,15.453925
3.84,7.287693
99.99,103.76638
600.0,596.19214
11.95,15.004449
11.99,15.376216
7.68,7.287693
99.99,103.708275
379.99,376.44208
150.0,148.82901
149.99,147.11284
600.0,595.96063
99.99,103.424286
1700.0,1695.6401
14.95,18.055319
3.84,7.287693
149.99,147.11284
14.95,17.981943
14.95,17.981943
99.99,103.620766
1700.0,1695.6401
8.97,6.32743
23.9,14.963883
379.99,376.11343
300.0,297.28616
11.95,15.004449
14.95,17.981943
11.95,15.004449
150.0,148.82901
2.99,6.32743
149.99,147.15535
300.0,297.28616
150.0,148.82901
300.0,297.7482
149.99,147.15523
700.0,696.45917
1700.0,1695.3777
3.84,7.3099394
11.95,15.004449
300.0,296.53696
11.95,15.004449
2.99,6.3160267
11.99,15.330659
99.99,103.50367
150.0,148.82901
11.99,15.406947
11.95,15.004449
7.68,7.287693
14.95,17.981943
7.68,7.2700386
14.95,17.981943
1700.0,1699.0679
150.0,148.82901
11.99,15.406947
99.99,103.85617
11.99,15.406947
5.98,6.32743
14.95,17.981943
3.84,7.287693
11.99,15.376216
5.98,6.32743
379.99,380.46082
29.9,17.981943
14.95,17.981943
600.0,596.0359
23.98,15.519269
2.99,6.32743
11.96,6.32743
999.99,994.7814
379.99,376.11343
14.95,17.981943
999.99,994.7814
99.99,103.82594
11.95,15.004449
99.99,103.424286
3.84,7.287693
3.84,7.287693
2.99,6.32743
3.84,7.287693
150.0,148.68233
600.0,585.26215
600.0,595.96063
11.95,15.004449
3.84,7.2700386
300.0,296.46152
389.99,386.35245
1700.0,1695.3292
11.99,15.376216
99.99,103.74772
11.99,15.374248
379.99,376.11343
11.95,15.004449
14.95,17.981943
14.95,17.981943
5.98,6.32743
999.99,994.7814
11.95,15.004449
11.99,15.423194
149.99,147.15535
379.99,377.6057
3.84,7.3099394
11.99,15.26867
150.0,148.69675
2.99,6.32743
11.99,15.453925
149.99,147.34627
11.99,15.374248
14.95,17.933777
14.95,17.981943
600.0,595.8439
99.99,103.50367
11.95,15.012214
14.95,17.981943
11.95,14.963883
11.99,15.376216
109.99,116.14038
389.99,386.2449
1700.0,1695.5743
999.99,994.7814
14.95,17.981943
14.95,17.981943
5.98,6.32743
7.68,7.287693
11.95,15.004449
389.99,386.2449
700.0,696.70764
99.99,103.527
99.99,104.91246
700.0,696.45917
150.0,148.67563
23.9,15.004449
14.95,18.055319
2.99,6.32743
14.95,17.981943
3.84,7.3181686
999.99,994.7814
379.99,376.91418
11.95,15.004449
29.9,17.981943
14.95,17.933777
14.95,17.981943
3.84,7.287693
11.99,15.374248
11.99,15.376216
2.99,6.3160267
150.0,148.75072
11.95,14.962919
400.0,392.40265
99.99,103.57149
11.95,15.012214
2.99,6.32743
1700.0,1696.0317
11.95,15.004449
99.99,103.98368
999.99,994.7814
999.99,994.7814
700.0,696.70764
14.95,17.981943
11.95,15.004449
150.0,148.82901
11.99,15.374248
600.0,596.5406
11.95,15.004449
700.0,696.4546
600.0,596.19214
99.99,104.032646
150.0,148.9488
11.99,15.26867
5.98,6.32743
3.84,7.287693
150.0,148.82901
11.99,15.374248
150.0,148.82901
14.95,18.004467
109.99,116.36848
379.99,376.09906
389.99,386.07486
14.95,17.981943
2.99,6.3160267
3.84,7.287693
600.0,596.5406
109.99,115.79502
109.99,116.34036
149.99,147.30376
99.99,104.0632
11.99,15.374248
14.95,17.981943
149.99,146.9776
149.99,147.15535
2.99,6.32743
3.84,7.287693
11.95,15.012214
2.99,6.32743
1700.0,1698.9241
11.95,15.012214
999.99,994.7814
2.99,6.32743
14.95,18.004467
11.95,14.9966135
23.98,15.406947
3.84,7.2700386
700.0,696.70764
3.84,7.287693
379.99,376.5651
14.95,17.981943
11.95,15.004449
150.0,148.69675
14.95,17.933777
29.9,17.981943
2.99,6.32743
600.0,596.1739
11.99,15.376216
3.84,7.287693
99.99,103.95302
3.84,7.287693
11.95,15.004449
389.99,386.17462
23.98,15.453925
2.99,6.32743
14.95,17.981943
8.97,6.32743
14.95,17.981943
600.0,585.26215
379.99,376.40332
3.84,7.287693
109.99,115.82846
14.95,18.030027
29.9,17.981943
600.0,596.0359
700.0,696.45917
99.99,104.07091
389.99,385.84973
5.98,6.32743
11.95,15.004449
1700.0,1695.6522
11.99,15.374248
11.95,15.004449
2.99,6.3160267
2.99,6.32743
11.99,15.307935
3.84,7.287693
14.95,17.933777
3.84,7.287693
600.0,596.19214
11.95,15.004449
99.99,103.76638
99.99,103.3635
11.99,15.376216
14.95,17.981943
2.99,6.32743
99.99,103.88673
7.68,7.287693
999.99,994.7814
379.99,376.09906
11.95,15.004449
150.0,148.88298
150.0,148.89484
389.99,386.35245
14.95,17.981943
600.0,599.99005
700.0,696.45917
11.99,15.406947
389.99,386.67395
150.0,148.7296
999.99,994.7814
11.95,15.012214
11.95,15.004449
11.99,15.376216
14.95,17.981943
3.84,7.287693
149.99,147.15523
300.0,296.3207
1700.0,1695.5743
3.84,7.287693
14.95,17.981943
150.0,148.82901
3.84,7.287693
150.0,148.82901
600.0,596.1739
11.95,15.012214
2.99,6.32743
150.0,148.82901
14.95,17.981943
11.99,15.406947
2.99,6.32743
11.99,15.406947
1700.0,1696.1173
11.95,15.012214
1700.0,1696.016
150.0,148.82901
2.99,6.32743
2.99,6.506794
99.99,104.0632
109.99,115.92021
11.99,15.406947
11.95,14.962919
389.99,388.3563
14.95,17.981943
2.99,6.32743
3.84,7.287693
11.99,15.406947
379.99,376.09906
600.0,595.8439
3.84,7.3099394
400.0,392.40265
3.84,7.287693
149.99,147.30376
7.68,7.287693
11.99,15.374248
150.0,148.69675
29.9,17.981943
1700.0,1695.6401
379.99,376.34326
7.68,7.282076
11.95,15.004449
23.9,15.012214
99.99,103.79724
1700.0,1697.0934
700.0,697.1036
11.99,15.26867
150.0,148.82901
300.0,296.3335
11.95,15.012214
150.0,148.6165
99.99,103.708275
3.84,7.287693
3.84,7.287693
1700.0,1697.8785
3.84,7.287693
5.98,6.32743
2.99,6.32743
150.0,148.89484
149.99,147.05344
3.84,7.287693
23.9,15.012214
2.99,6.32743
149.99,147.15535
11.95,15.012214
11.99,15.406947
149.99,147.11284
11.95,15.004449
11.95,14.962919
11.95,15.023435
11.99,15.406947
14.95,17.981943
14.95,18.004467
99.99,103.566826
11.95,15.004449
11.99,15.374248
700.0,696.45917
3.84,7.287693
99.99,103.8157
11.99,15.23622
11.99,15.26867
11.99,15.376216
14.95,17.981943
389.99,386.3053
11.95,15.004449
2.99,6.32743
29.9,17.933777
3.84,7.287693
14.95,17.981943
99.99,105.21419
11.99,15.374248
109.99,115.92021
379.99,376.40332
5.98,6.32743
14.95,18.030027
11.99,15.1750145
150.0,148.82901
14.95,17.981943
150.0,148.88298
2.99,6.32743
14.95,17.981943
1700.0,1695.6401
2.99,6.32743
7.68,7.287693
150.0,148.82901
3.84,7.287693
11.95,15.004449
150.0,148.82901
150.0,148.67563
1700.0,1695.6127
11.95,15.004449
11.99,15.26867
1700.0,1695.6522
600.0,596.0359
150.0,148.67563
150.0,148.82901
1700.0,1695.6401
11.95,15.023435
14.95,17.981943
2.99,6.32743
2.99,6.32743
5.98,6.32743
11.99,15.26867
1700.0,1695.6522
600.0,596.5406
14.95,17.981943
99.99,103.41523
14.95,17.981943
600.0,596.19214
600.0,595.8439
11.99,15.406947
11.95,15.006886
149.99,147.15535
11.99,15.429671
300.0,296.2397
150.0,148.82901
150.0,148.67563
299.98,147.19774
11.99,15.393273
2.99,6.32743
2.99,6.32743
150.0,148.89484
99.99,104.23364
99.99,103.87749
3.84,7.287693
14.95,17.933777
149.99,147.34627
11.95,14.9966135
1700.0,1696.0317
1700.0,1696.1173
2.99,6.32743
2.99,6.32743
99.99,103.82966
400.0,392.3747
1700.0,1695.5743
11.99,15.23622
14.95,17.933777
149.99,147.15523
11.95,14.963883
700.0,696.70764
11.95,15.012214
2.99,6.32743
700.0,696.70764
14.95,17.981943
11.96,6.32743
150.0,148.82901
11.95,15.004449
999.99,994.7814
11.99,15.374248
99.99,103.28905
7.68,7.287693
3.84,7.287693
14.95,17.981943
389.99,386.43832
109.99,115.82846
150.0,148.82901
300.0,296.2497
11.95,15.012214
11.99,15.376216
3.84,7.2700386
2.99,6.32743
379.99,376.44208
11.95,15.012214
99.99,103.527
14.95,17.981943
389.99,386.02106
150.0,148.82901
11.95,15.004449
300.0,297.01477
150.0,148.88298
150.0,148.82901
11.99,15.396972
150.0,148.82901
600.0,596.0359
11.99,15.396972
14.95,17.981943
379.99,376.403
2.99,6.32743
5.98,6.32743
11.95,15.012214
700.0,697.6562
149.99,146.93521
149.99,147.15535
11.95,15.004449
11.95,15.004449
3.84,7.3099394
3.84,7.287693
14.95,17.981943
99.99,104.82013
2.99,6.32743
149.99,147.21011
14.95,17.933777
379.99,376.09906
2.99,6.32743
2.99,6.32743
999.99,994.7814
5.98,6.32743
8.97,6.32743
99.99,103.620766
11.95,15.012214
14.95,17.981943
11.95,15.012214
149.99,147.15535
11.95,14.963883
1700.0,1695.629
99.99,103.78875
2.99,6.32743
149.99,147.0903
2.99,6.32743
99.99,103.83741
11.95,14.963883
11.95,15.031199
2.99,6.3160267
11.99,15.393273
11.99,15.374248
3.84,7.287693
1700.0,1695.6492
150.0,148.82901
11.95,15.012214
2.99,6.32743
150.0,148.67563
14.95,17.981943
14.95,17.981943
99.99,103.83741
14.95,17.981943
11.99,15.26867
2.99,6.32743
14.95,17.981943
2.99,6.32743
2.99,6.32743
11.95,15.031199
7.68,7.287693
1700.0,1695.0902
600.0,595.8439
389.99,386.43832
600.0,596.5406
1700.0,1695.6401
14.95,18.030027
2.99,6.32743
400.0,392.40265
14.95,18.004467
14.95,18.030027
2.99,6.32743
300.0,297.28616
389.99,386.09482
2.99,6.32743
14.95,17.933777
11.95,15.004449
3.84,7.287693
600.0,585.26215
14.95,17.933777
14.95,17.981943
11.95,15.031199
23.98,15.307935
99.99,104.9685
109.99,116.34036
14.95,17.981943
14.95,17.981943
2.99,6.32743
99.99,103.078
149.99,147.21011
23.9,15.004449
7.68,7.3181686
11.99,15.374248
700.0,696.70764
11.95,15.004449
99.99,103.99217
3.84,7.2700386
14.95,17.981943
150.0,148.82901
11.99,15.374248
150.0,148.89484
150.0,148.68233
2.99,6.32743
11.99,15.406947
5.98,6.32743
99.99,104.047066
11.95,15.012214
2.99,6.32743
11.99,15.406947
150.0,148.82901
300.0,296.6731
11.99,15.376216
379.99,376.18167
389.99,386.43832
11.99,15.374248
3.84,7.287693
149.99,147.15535
149.99,147.11284
3.84,7.287693
109.99,115.974396
3.84,7.287693
999.99,994.7814
11.99,15.376216
3.84,7.287693
999.99,994.7814
150.0,148.82901
3.84,7.287693
14.95,17.981943
999.99,994.7814
99.99,103.982765
11.99,15.26867
2.99,6.32743
14.95,17.933777
999.99,994.7814
150.0,148.82901
14.95,17.933777
149.99,147.19774
149.99,147.19774
300.0,296.0217
149.99,147.19774
389.99,387.12247
109.99,116.490395
11.95,15.004449
149.99,146.82
23.9,14.962919
11.95,15.012214
14.95,17.981943
11.99,15.374248
14.95,17.981943
999.99,994.7814
150.0,148.82901
3.84,7.3181686
99.99,103.424286
99.99,103.82594
999.99,994.7814
109.99,115.880714
150.0,148.67563
3.84,7.287693
300.0,296.22922
14.95,17.981943
600.0,596.1739
99.99,103.88673
1700.0,1695.6401
99.99,103.9707
99.99,104.02405
11.99,15.406947
99.99,103.566826
14.95,17.981943
2.99,6.32743
700.0,696.8847
1700.0,1698.3942
700.0,696.45917
3.84,7.287693
149.99,147.15523
999.99,994.7814
2.99,6.32743
1700.0,1695.5743
700.0,696.70764
109.99,116.192635
379.99,376.37854
3.84,7.287693
150.0,148.89484
11.99,15.374248
29.9,17.981943
149.99,146.93521
11.95,15.004449
109.99,116.462135
7.68,7.287693
150.0,148.82901
11.99,15.406947
379.99,376.40332
11.99,15.374248
14.95,17.981943
999.99,994.7814
1700.0,1695.6401
379.99,376.4716
11.95,15.012214
11.99,15.376216
3.84,7.287693
600.0,596.5406
1700.0,1695.6522
150.0,148.67563
700.0,696.62866
11.95,14.9966135
11.99,15.376216
300.0,295.9541
150.0,148.82901
109.99,116.19889
14.95,17.981943
14.95,18.034414
389.99,387.1554
300.0,297.28616
11.95,15.004449
1700.0,1695.6401
11.99,15.376216
2.99,6.32743
999.99,994.7814
11.99,15.307935
300.0,296.10355
2.99,6.32743
29.9,17.933777
23.9,15.004449
11.99,15.519269
150.0,148.88298
99.99,103.620766
14.95,17.981943
150.0,148.82901
11.99,15.23622
14.95,18.004467
14.95,17.981943
600.0,595.8439
7.68,7.287693
11.95,15.004449
14.95,17.981943
389.99,386.43832
150.0,148.69675
300.0,296.6731
389.99,386.00906
99.99,103.92633
3.84,7.287693
149.99,147.34627
5.98,6.32743
1700.0,1695.3959
600.0,599.99005
99.99,103.22943
389.99,386.17462
700.0,696.45917
14.95,18.085264
11.99,15.420968
150.0,148.82901
23.9,15.004449
99.99,103.83741
7.68,7.287693
14.95,17.981943
99.99,103.99736
11.99,15.406947
1700.0,1696.0317
1700.0,1695.6414
14.95,17.981943
379.99,376.05338
11.99,15.429671
11.99,15.376216
11.95,15.012214
1700.0,1695.5743
1700.0,1695.4037
400.0,392.40265
99.99,103.55503
5.98,6.32743
3.84,7.287693
11.95,15.004449
2.99,6.32743
600.0,596.15265
11.99,15.406947
11.5199995,7.3181686
300.0,295.80002
150.0,148.67047
3.84,7.287693
11.95,15.012214
1700.0,1696.9395
99.99,103.7314
5.98,6.32743
11.99,15.406947
999.99,994.7814
149.99,147.69244
11.99,15.406947
11.99,15.374248
389.99,386.35214
600.0,596.19214
150.0,148.54337
600.0,596.0359
389.99,386.35645
199.98,104.032646
11.99,15.374248
700.0,696.4546
300.0,297.28616
99.99,103.620766
2.99,6.32743
11.99,15.519269
2.99,6.32743
700.0,696.70764
11.95,15.012214
99.99,103.23119
11.95,14.9488125
11.99,15.26867
7.68,7.287693
700.0,696.45917
11.95,15.004449
1700.0,1695.6522
3.84,7.287693
400.0,400.14594
11.99,15.578958
600.0,595.96063
1700.0,1696.0317
400.0,392.40265
99.99,103.424286
149.99,147.30376
11.99,15.429671
150.0,148.82901
14.95,17.981943
600.0,596.0359
700.0,696.70764
11.95,15.012214
11.99,15.374248
14.95,17.981943
149.99,147.19774
14.95,18.030027
700.0,696.45917
2.99,6.32743
150.0,148.89484
379.99,376.11343
11.95,15.004449
8.97,6.32743
389.99,386.2449
389.99,385.92
99.99,104.047066
700.0,697.1036
2.99,6.32743
3.84,7.2700386
2.99,6.32743
149.99,146.86252
11.99,15.307935
7.68,7.287693
3.84,7.287693
150.0,148.82901
14.95,18.004467
149.99,147.21011
3.84,7.287693
700.0,696.70764
11.99,15.453925
14.95,17.981943
5.98,6.3160267
14.95,17.981943
29.9,18.004467
2.99,6.32743
3.84,7.287693
11.95,15.004449
150.0,148.82901
3.84,7.287693
14.95,17.981943
3.84,7.287693
23.98,15.406947
14.95,17.981943
3.84,7.287693
14.95,17.981943
700.0,696.4546
150.0,148.82901
150.0,148.82901
99.99,103.424286
150.0,148.82901
109.99,116.09542
23.9,15.012214
109.99,116.34036
379.99,376.6002
600.0,596.0359
2.99,6.32743
149.99,147.28122
23.9,15.004449
99.99,103.35191
3.84,7.3181686
17.94,6.32743
14.95,17.981943
99.99,103.99217
11.95,15.012214
1700.0,1696.5453
5.98,6.32743
99.99,103.28905
1700.0,1709.9607
150.0,148.67047
11.95,15.004449
5.98,6.32743
23.9,15.004449
14.95,17.933777
600.0,586.73315
11.99,15.374248
15.36,7.287693
379.99,376.74603
8.97,6.32743
99.99,103.85617
99.99,103.33066
389.99,386.28217
14.95,17.981943
700.0,696.45917
14.95,17.981943
14.95,17.981943
150.0,148.82901
2.99,6.32743
3.84,7.287693
150.0,148.82901
11.95,15.004449
99.99,103.99736
999.99,994.7814
150.0,148.82901
14.95,18.030027
5.98,6.32743
149.99,147.15535
11.99,15.374248
600.0,596.709
2.99,6.32743
14.95,18.030027
14.95,17.981943
300.0,296.22922
389.99,387.0941
35.97,15.376216
14.95,17.933777
3.84,7.287693
389.99,386.11353
11.95,15.023435
8.97,6.3160267
700.0,696.45917
99.99,103.83741
1700.0,1695.6401
379.99,376.40332
389.99,388.36035
2.99,6.32743
8.97,6.32743
7.68,7.2700386
11.99,15.374248
11.99,15.376216
14.95,17.981943
150.0,148.88298
14.95,17.981943
700.0,696.45917
149.99,146.9049
149.99,147.19774
600.0,596.5406
1700.0,1696.1173
15.36,7.287693
379.99,376.95312
700.0,696.45917
3.84,7.287693
2.99,6.32743
150.0,148.82901
109.99,115.79502
150.0,148.69675
2.99,6.32743
29.9,17.981943
150.0,148.9488
99.99,103.85617
700.0,696.62866
11.95,15.012214
700.0,696.62866
600.0,596.5406
149.99,147.30376
389.99,386.09482
2.99,6.32743
99.99,103.3635
999.99,994.7814
2.99,6.32743
999.99,994.7814
3.84,7.3181686
14.95,17.933777
7.68,7.3181686
3.84,7.287693
2.99,6.32743
600.0,595.8439
3.84,7.3181686
600.0,595.8439
29.9,17.981943
379.99,376.09906
3.84,7.3181686
2.99,6.32743
3.84,7.3181686
149.99,147.69244
99.99,103.637634
11.95,15.004449
379.99,375.89178
600.0,585.26215
11.95,15.012214
11.99,15.519269
149.99,147.0903
99.99,103.934364
99.99,104.23364
11.99,15.307935
700.0,696.70764
2.99,6.32743
389.99,386.17462
29.9,17.981943
700.0,696.70764
11.95,15.004449
3.84,7.287693
1700.0,1695.6127
150.0,148.82901
11.99,15.374248
149.99,147.0903
2.99,6.32743
2.99,6.32743
150.0,148.82901
149.99,147.0903
300.0,296.2397
3.84,7.287693
150.0,148.82901
11.95,14.962919
29.9,17.933777
11.95,14.962919
2.99,6.32743
150.0,148.82901
379.99,376.09906
1700.0,1695.6675
2.99,6.32743
2.99,6.32743
3.84,7.287693
5.98,6.32743
150.0,148.67563
99.99,103.41979
379.99,376.4174
11.95,15.004449
14.95,17.933777
2.99,6.32743
700.0,696.45917
150.0,148.82901
109.99,116.26111
700.0,696.45917
99.99,103.92198
23.9,15.004449
11.99,15.406947
150.0,148.82901
1700.0,1696.0317
600.0,596.5406
99.99,103.22943
389.99,386.43832
11.99,15.406947
11.95,15.023435
150.0,148.82901
11.99,15.307935
99.99,104.0632
150.0,148.82901
2.99,6.32743
11.95,15.004449
2.99,6.506794
3.84,7.287693
3.84,7.3181686
999.99,994.7814
2.99,6.32743
11.95,15.004449
14.95,17.981943
2.99,6.32743
11.99,15.1750145
11.5199995,7.287693
3.84,7.287693
11.99,15.307935
14.95,17.981943
300.0,295.9541
11.95,15.004449
11.99,15.26867
700.0,696.45917
149.99,147.15535
3.84,7.287693
149.99,147.56418
14.95,17.981943
300.0,295.66388
14.95,17.981943
3.84,7.287693
150.0,148.82901
99.99,103.761986
14.95,17.981943
14.95,17.981943
150.0,148.67047
600.0,595.8439
99.99,103.527
14.95,18.004467
3.84,7.287693
11.95,15.023435
11.95,15.004449
99.99,104.032646
14.95,17.981943
700.0,696.45917
11.95,15.004449
150.0,148.82901
700.0,696.62866
14.95,17.981943
11.95,15.012214
5.98,6.32743
11.95,15.004449
11.95,15.012214
29.9,17.981943
14.95,17.981943
150.0,148.88298
3.84,7.3181686
600.0,596.0359
379.99,376.18167
99.99,103.28905
149.99,146.82
11.99,15.374248
23.9,15.004449
11.99,15.376216
109.99,116.031624
999.99,994.7814
379.99,376.6002
11.99,15.374248
150.0,148.82901
3.84,7.287693
400.0,392.40265
150.0,148.6165
400.0,392.40265
5.98,6.32743
14.95,17.981943
389.99,386.35214
23.9,15.004449
11.99,15.429671
11.95,15.012214
300.0,297.27567
11.95,14.9966135
11.99,15.376216
11.99,15.406947
379.99,376.5651
1700.0,1695.6492
11.99,15.396972
150.0,148.82901
150.0,148.82901
11.99,15.376216
11.99,15.406947
3.84,7.3181686
3.84,7.3099394
600.0,585.26215
389.99,385.95078
17.94,6.8192496
99.99,104.0632
600.0,596.0359
2.99,6.32743
379.99,376.09906
7.68,7.3181686
99.99,104.0632
2.99,6.32743
2.99,6.32743
400.0,392.40265
109.99,115.82846
389.99,386.43832
2.99,6.32743
150.0,148.89484
23.9,15.004449
3.84,7.3181686
11.99,15.376216
150.0,148.67563
1700.0,1696.9395
300.0,297.18478
149.99,146.9049
14.95,17.981943
11.99,15.374248
300.0,296.39377
23.9,15.004449
389.99,386.35645
11.99,15.393273
11.99,15.26867
2.99,6.32743
389.99,386.02106
11.95,15.004449
2.99,6.32743
149.99,147.69244
11.95,15.012214
99.99,103.424286
23.98,15.374248
3.84,7.287693
2.99,6.32743
99.99,103.442314
14.95,17.981943
150.0,148.69675
11.95,15.004449
999.99,994.7814
8.97,6.32743
14.95,17.981943
700.0,696.45917
379.99,376.88144
150.0,148.82901
379.99,376.11343
14.95,17.981943
11.95,15.004449
700.0,696.70764
11.95,15.004449
2.99,6.32743
99.99,103.98473
300.0,295.9541
149.99,146.82
2.99,6.506794
14.95,17.981943
11.95,15.004449
29.9,18.004467
99.99,103.74796
14.95,17.981943
11.99,15.374248
379.99,376.09906
11.99,15.376216
150.0,148.9488
3.84,7.287693
700.0,696.70764
23.9,15.004449
3.84,7.287693
11.95,14.9966135
7.68,7.2700386
600.0,596.19214
2.99,6.32743
379.99,375.89178
3.84,7.287693
11.99,15.376216
109.99,116.540596
14.95,17.981943
1700.0,1701.8608
11.99,15.376216
700.0,696.70764
11.99,15.376216
11.99,15.406947
14.95,17.981943
11.99,15.406947
2.99,6.32743
3.84,7.287693
2.99,6.32743
150.0,148.82901
2.99,6.32743
600.0,595.8439
11.99,15.376216
11.99,15.519269
600.0,586.73315
600.0,586.73315
2.99,6.32743
149.99,146.82
150.0,148.82901
150.0,148.82901
14.95,17.981943
3.84,7.287693
3.84,7.287693
3.84,7.3181686
5.98,6.32743
11.5199995,7.287693
999.99,994.7814
11.95,15.012214
150.0,148.69675
11.99,15.376216
3.84,7.287693
600.0,596.0359
11.99,15.26867
11.95,15.004449
99.99,103.57149
389.99,386.43832
11.95,15.004449
11.99,15.374248
150.0,148.88298
11.99,15.374248
14.95,17.981943
11.95,14.962919
109.99,116.283134
14.95,17.981943
11.99,15.396972
379.99,377.55252
389.99,386.15256
99.99,103.99217
150.0,148.69675
600.0,595.96063
3.84,7.287693
1700.0,1696.1173
99.99,103.28905
400.0,392.40265
99.99,103.82241
150.0,148.82901
8.97,6.32743
14.95,17.981943
5.98,6.3160267
150.0,148.82901
109.99,116.34036
999.99,994.7814
389.99,386.15256
999.99,994.80945
379.99,379.73654
99.99,103.88673
99.99,103.57149
150.0,148.7296
2.99,6.3160267
11.99,15.374248
99.99,103.424286
3.84,7.287693
14.95,17.981943
11.99,15.374248
600.0,596.5406
300.0,295.96475
99.99,103.99736
11.99,15.376216
11.99,15.307935
23.98,15.376216
11.95,15.012214
700.0,696.70764
2.99,6.32743
99.99,103.424286
11.95,15.004449
14.95,17.981943
11.95,15.004449
109.99,116.34036
2.99,6.506794
3.84,7.287693
379.99,376.40332
2.99,6.3160267
300.0,297.70737
29.9,17.981943
99.99,104.0632
14.95,17.981943
700.0,696.70764
14.95,17.981943
150.0,148.82901
11.99,15.406947
2.99,6.32743
14.95,17.981943
149.99,147.34627
600.0,596.109
150.0,148.89484
600.0,586.73315
3.84,7.287693
11.95,15.004449
2.99,6.32743
379.99,376.44208
7.68,7.287693
11.95,15.004449
14.95,17.981943
14.95,17.981943
300.0,297.28616
1700.0,1697.985
2.99,6.3160267
1700.0,1695.6127
109.99,116.490395
11.95,15.012214
99.99,103.88673
150.0,148.82901
300.0,296.78278
14.95,17.981943
1700.0,1695.6492
14.95,18.004467
109.99,115.95189
14.95,17.981943
3.84,7.287693
300.0,296.13287
700.0,696.70764
389.99,386.05524
99.99,103.626045
999.99,994.7814
11.99,15.307935
11.95,15.004449
379.99,376.4174
3.84,7.287693
149.99,147.0903
149.99,147.19774
389.99,386.42328
11.99,15.26867
11.99,15.26867
149.99,147.56418
149.99,147.11284
999.99,994.7814
11.95,15.012214
400.0,392.40265
8.97,6.3160267
11.95,15.004449
14.95,17.981943
11.99,15.406947
7.68,7.287693
14.95,17.981943
14.95,17.981943
11.99,15.330659
700.0,696.45917
379.99,376.2752
11.95,15.012214
11.99,15.376216
99.99,103.424286
11.99,15.406947
3.84,7.287693
149.99,147.11284
999.99,994.7814
389.99,385.94867
11.99,15.26867
150.0,148.82901
109.99,116.34036
2.99,6.32743
99.99,103.424286
14.95,17.981943
99.99,103.83741
389.99,386.1648
99.99,103.7056
300.0,297.28616
300.0,296.38327
99.99,104.0632
300.0,296.2397
999.99,994.7814
379.99,376.40332
600.0,596.0359
400.0,392.40265
99.99,103.424286
3.84,7.287693
11.95,15.004449
999.99,994.7814
700.0,696.45917
5.98,6.32743
11.99,15.376216
150.0,148.88298
5.98,6.32743
3.84,7.3181686
3.84,7.287693
11.99,15.406947
11.95,15.004449
11.95,15.004449
700.0,696.70764
600.0,596.0359
11.95,15.012214
99.99,103.424286
99.99,103.35191
11.95,15.004449
11.95,14.9966135
2.99,6.506794
389.99,386.43832
600.0,597.2137
7.68,7.2700386
7.68,7.3181686
3.84,7.287693
389.99,386.26007
700.0,696.45917
150.0,148.82901
300.0,296.9128
11.95,15.004449
11.95,14.963883
99.99,103.74796
11.95,15.012214
14.95,17.981943
600.0,596.0359
150.0,148.89484
99.99,104.005394
3.84,7.287693
600.0,596.5406
11.95,15.004449
99.99,103.934364
99.99,104.82013
11.95,14.962919
379.99,376.09906
2.99,6.32743
3.84,7.287693
700.0,696.45917
14.95,18.030027
11.99,15.26867
7.68,7.2700386
389.99,386.28217
11.95,15.004449
11.99,15.376216
300.0,296.0217
149.99,147.19774
11.95,15.004449
149.99,147.15535
150.0,148.6165
700.0,696.45917
600.0,596.0359
149.99,147.2525
149.99,147.30376
14.95,17.981943
11.99,15.374248
300.0,297.28616
400.0,392.40265
999.99,994.7814
700.0,696.45917
14.95,17.981943
99.99,103.78875
14.95,18.030027
11.95,15.01465
3.84,7.287693
150.0,148.67563
99.99,103.88673
2.99,6.32743
8.97,6.32743
600.0,602.9915
99.99,103.89625
700.0,697.1036
14.95,18.030027
150.0,148.6165
2.99,6.32743
5.98,6.32743
11.95,15.004449
1700.0,1695.5743
14.95,17.981943
3.84,7.287693
99.99,104.56924
14.95,17.981943
11.95,15.004449
379.99,376.40332
23.98,15.376216
8.97,6.32743
11.95,15.004449
300.0,296.35812
389.99,386.17462
11.99,15.376216
99.99,104.064125
11.95,15.004449
14.95,17.981943
11.99,15.376216
999.99,994.7814
400.0,393.22757
999.99,994.7814
300.0,296.39377
11.99,15.26867
11.99,15.429671
99.99,103.85617
11.95,15.004449
109.99,116.031624
11.95,15.012214
999.99,994.7814
300.0,296.38327
3.84,7.287693
14.95,18.004467
1700.0,1697.985
14.95,17.981943
2.99,6.3160267
300.0,296.2497
1700.0,1697.985
99.99,103.74796
1700.0,1695.6522
150.0,148.82901
8.97,6.32743
3.84,7.3181686
149.99,146.86252
2.99,6.32743
150.0,148.89484
11.5199995,7.287693
11.99,15.374248
150.0,148.67563
150.0,148.69675
150.0,148.82901
3.84,7.3181686
2.99,6.32743
99.99,103.55503
389.99,386.43832
1700.0,1696.0317
150.0,148.82901
99.99,103.424286
11.95,15.004449
11.95,15.004449
11.95,15.004449
99.99,103.694984
700.0,696.70764
150.0,148.82901
11.95,15.012214
11.99,15.374248
11.95,15.004449
149.99,147.05344
300.0,296.67743
3.84,7.287693
299.98,147.12613
11.95,15.012214
3.84,7.287693
1700.0,1695.6414
11.95,15.004449
379.99,376.11343
2.99,6.32743
11.95,15.012214
11.99,15.406947
99.99,103.424286
99.99,103.527
11.95,14.9966135
109.99,124.62851
8.97,6.32743
3.84,7.287693
779.98,386.43832
8.97,6.32743
11.95,15.004449
389.99,386.43832
11.95,15.004449
109.99,116.79018
1700.0,1695.6401
23.98,15.374248
11.95,15.004449
3.84,7.287693
2.99,6.32743
149.99,147.15535
999.99,994.7814
14.95,17.981943
14.95,17.981943
150.0,148.82901
600.0,596.1739
999.99,994.7814
150.0,148.88298
2.99,6.32743
5.98,6.32743
389.99,386.07486
2.99,6.32743
379.99,376.40332
14.95,17.981943
23.98,15.376216
11.95,15.004449
300.0,297.07864
11.99,15.376216
11.95,15.004449
150.0,148.82901
11.95,15.004449
99.99,103.424286
389.99,386.09482
29.9,17.981943
389.99,386.42328
99.99,103.83741
109.99,116.490395
7.68,7.287693
99.99,103.95768
14.95,17.981943
109.99,116.21159
5.98,6.32743
99.99,103.424286
600.0,596.0359
400.0,392.5175
5.98,6.32743
3.84,7.287693
2.99,6.32743
150.0,148.82901
400.0,392.40265
150.0,148.82901
600.0,596.0359
14.95,17.981943
2.99,6.32743
379.99,376.4174
11.95,15.004449
700.0,696.45917
600.0,586.73315
1700.0,1695.6127
389.99,386.05524
300.0,297.54474
3.84,7.287693
150.0,148.67563
11.95,15.004449
150.0,148.88298
150.0,148.75072
11.99,15.26867
99.99,103.50367
14.95,17.981943
3.84,7.3181686
389.99,387.1554
2.99,6.32743
2.99,6.32743
5.98,6.32743
14.95,17.981943
150.0,148.82901
14.95,17.981943
2.99,6.32743
11.99,15.374248
11.95,15.004449
700.0,696.8847
11.99,15.393273
149.99,146.9049
23.98,15.376216
14.95,17.981943
150.0,148.67563
150.0,148.82901
15.36,7.287693
700.0,696.70764
7.68,7.3181686
14.95,17.981943
11.95,15.004449
5.98,6.32743
150.0,148.82901
14.95,17.981943
2.99,6.32743
99.99,103.83741
3.84,7.287693
23.98,15.376216
379.99,376.41882
1700.0,1695.6522
7.68,7.287693
11.99,15.374248
29.9,17.933777
389.99,386.35214
11.95,15.012214
5.98,6.32743
149.99,147.15535
14.95,18.004467
3.84,7.287693
3.84,7.287693
14.95,17.981943
379.99,377.40094
23.98,15.307935
5.98,6.32743
379.99,376.44208
3.84,7.287693
3.84,7.287693
149.99,146.86252
600.0,596.5406
11.5199995,7.3181686
14.95,17.933777
11.95,15.023435
11.99,15.406947
11.95,15.012214
999.99,994.7814
14.95,17.981943
11.99,15.376216
600.0,595.8439
389.99,386.43832
99.99,103.8157
14.95,17.981943
5.98,6.3160267
11.99,15.406947
2.99,6.32743
3.84,7.3181686
29.9,17.981943
11.99,15.376216
109.99,116.238174
14.95,17.981943
11.95,15.004449
14.95,17.981943
389.99,386.67395
109.99,116.15235
11.99,15.376216
149.99,147.11284
3.84,7.2700386
379.99,376.403
149.99,146.93521
389.99,386.33044
1700.0,1696.0317
99.99,103.708275
14.95,17.933777
1700.0,1695.6127
5.98,6.32743
600.0,596.5406
149.99,147.19774
379.99,376.18167
700.0,696.70764
11.95,15.012214
389.99,386.35245
600.0,596.109
150.0,148.82901
11.95,15.004449
14.95,18.004467
150.0,148.82901
1700.0,1695.6401
5.98,6.3160267
99.99,103.99779
99.99,103.65856
150.0,148.82901
99.99,103.637245
11.95,15.004449
150.0,148.54337
11.95,15.004449
3.84,7.287693
700.0,696.70764
8.97,6.32743
150.0,148.82901
5.98,6.3160267
700.0,696.70764
2.99,6.32743
2.99,6.32743
11.95,14.962919
379.99,376.11343
11.99,15.376216
149.99,147.19774
7.68,7.287693
150.0,148.89484
11.95,14.992779
999.99,994.7814
23.9,15.004449
3.84,7.287693
99.99,103.99736
150.0,148.82901
11.95,15.004449
109.99,116.192635
99.99,104.047066
99.99,103.99736
11.99,15.26867
14.95,17.981943
11.99,15.374248
11.99,15.39894
5.98,6.32743
99.99,103.78875
300.0,297.54474
150.0,148.82901
11.95,15.004449
150.0,148.6165
700.0,696.62866
11.95,15.004449
150.0,148.82901
14.95,17.981943
14.95,17.981943
2.99,6.32743
999.99,994.7814
150.0,148.82901
14.95,17.981943
14.95,17.981943
379.99,376.11343
3.84,7.287693
600.0,586.73315
14.95,17.981943
11.95,15.012214
11.99,15.406947
29.9,17.981943
389.99,386.35245
14.95,17.981943
11.95,14.962919
149.99,147.11284
11.95,15.004449
300.0,295.9378
99.99,103.424286
11.99,15.406947
379.99,378.0339
11.95,15.004449
379.99,376.40332
600.0,596.1739
5.98,6.32743
11.95,15.004449
999.99,994.7814
150.0,148.82901
389.99,386.1648
5.98,6.32743
14.95,17.981943
300.0,296.09308
11.99,15.376216
11.99,15.376216
5.98,6.32743
11.99,15.406947
11.99,15.406947
11.95,15.004449
3.84,7.287693
11.95,15.148256
149.99,147.34627
149.99,147.11284
11.5199995,7.3099394
11.99,15.406947
150.0,148.82901
23.98,15.374248
3.84,7.3181686
11.99,15.429671
99.99,103.76638
3.84,7.287693
600.0,596.0359
150.0,148.82901
1700.0,1695.6401
8.97,6.32743
2.99,6.32743
389.99,386.35214
150.0,148.82901
8.97,6.32743
2.99,6.32743
149.99,147.15535
5.98,6.32743
99.99,103.97473
379.99,376.6002
14.95,18.004467
999.99,994.7814
11.95,15.004449
389.99,386.43832
3.84,7.287693
3.84,7.292285
11.99,15.406947
389.99,386.22107
1700.0,1695.6401
11.99,15.374248
23.9,15.023435
3.84,7.287693
11.95,15.004449
149.99,147.34627
150.0,148.89484
999.99,994.7814
11.95,15.004449
99.99,104.20309
14.95,17.981943
11.99,15.406947
2.99,6.32743
700.0,696.45917
109.99,116.031624
400.0,392.40265
5.98,6.32743
3.84,7.287693
11.99,15.376216
14.95,17.981943
109.99,116.41729
379.99,376.403
150.0,148.82901
2.99,6.32743
2.99,6.32743
400.0,393.22757
14.95,17.981943
11.99,15.406947
2.99,6.506794
3.84,7.287693
99.99,103.43608
14.95,17.981943
3.84,7.287693
389.99,386.43832
11.99,15.374248
109.99,115.880714
99.99,103.527
2.99,6.32743
2.99,6.32743
150.0,148.88298
389.99,386.07935
14.95,17.981943
379.99,376.44208
99.99,103.424286
3.84,7.287693
700.0,696.45917
7.68,7.287693
700.0,697.1036
379.99,376.40332
11.95,15.01465
389.99,386.42328
3.84,7.287693
999.99,994.7814
389.99,386.65384
150.0,148.82901
150.0,148.68233
600.0,595.96063
379.99,378.90173
600.0,595.96063
3.84,7.3181686
3.84,7.287693
2.99,6.32743
99.99,103.9268
400.0,393.22757
23.9,15.004449
999.99,994.7814
2.99,6.32743
7.68,7.287693
17.94,6.32743
3.84,7.287693
11.95,15.004449
99.99,105.21419
11.95,15.004449
11.95,14.9488125
14.95,18.004467
5.98,6.32743
1700.0,1695.6127
11.95,15.004449
379.99,376.44208
11.95,15.004449
11.99,15.406947
14.95,17.981943
700.0,697.1036
700.0,696.62866
11.99,15.406947
150.0,148.89484
1700.0,1695.6401
150.0,148.82901
600.0,596.19214
14.95,17.981943
11.99,15.307935
1700.0,1695.6401
14.95,17.981943
23.98,15.39894
11.99,15.393273
11.95,14.963883
3.84,7.287693
389.99,386.43832
150.0,148.82901
149.99,147.30376
14.95,17.981943
389.99,385.95078
14.95,17.981943
300.0,297.28616
11.99,15.23622
23.9,15.004449
700.0,696.62866
300.0,296.20316
1700.0,1697.3486
700.0,696.62866
23.98,15.376216
11.95,15.004449
2.99,6.3160267
11.95,15.004449
11.5199995,7.287693
99.99,103.620766
11.99,15.376216
3.84,7.287693
999.99,994.7814
5.98,6.32743
99.99,103.83741
150.0,148.69675
700.0,696.70764
3.84,7.287693
2.99,6.32743
14.95,17.981943
2.99,6.32743
600.0,596.19214
7.68,7.287693
379.99,376.18167
11.99,15.406947
999.99,994.7814
11.95,15.004449
11.95,15.004449
3.84,7.287693
3.84,7.287693
11.95,15.012214
379.99,376.40332
14.95,17.981943
23.98,15.376216
99.99,103.7314
3.84,7.287693
7.68,7.287693
109.99,115.880714
150.0,148.82901
14.95,17.981943
11.99,15.406947
109.99,115.90097
11.95,15.004449
3.84,7.287693
1700.0,1695.6522
3.84,7.287693
1700.0,1695.6401
379.99,377.1137
3.84,7.287693
11.99,15.376216
150.0,148.82901
11.99,15.376216
150.0,148.82901
150.0,148.88298
149.99,147.15523
5.98,6.32743
149.99,147.19774
149.99,147.34627
11.99,15.406947
3.84,7.287693
700.0,696.45917
11.95,14.9488125
11.99,15.374248
7.68,7.287693
389.99,386.8105
150.0,148.82901
14.95,17.981943
149.99,147.34627
14.95,18.030027
11.95,15.012214
700.0,696.45917
14.95,17.933777
3.84,7.287693
300.0,296.87756
3.84,7.287693
2.99,6.32743
11.95,15.004449
11.99,15.376216
1700.0,1695.6401
99.99,103.99736
99.99,104.06423
99.99,103.95302
600.0,596.0359
99.99,103.966805
379.99,376.6002
99.99,103.703476
11.99,15.26867
14.95,17.933777
150.0,148.67563
3.84,7.287693
7.68,7.287693
11.99,15.406947
150.0,148.89484
150.0,148.82901
14.95,17.981943
11.5199995,7.2700386
150.0,148.82901
3.84,7.287693
11.99,15.376216
379.99,376.09906
2.99,6.32743
11.95,15.004449
600.0,596.0359
1700.0,1695.5743
379.99,376.09906
389.99,386.3053
11.95,14.9966135
109.99,116.34036
600.0,596.15265
3.84,7.287693
11.95,15.004449
11.99,15.429671
150.0,148.67563
150.0,148.82901
14.95,17.933777
700.0,696.70764
29.9,18.004467
11.95,15.004449
11.95,15.004449
150.0,148.82901
2.99,6.32743
11.95,15.012214
389.99,387.1554
11.99,15.26867
99.99,103.527
300.0,296.33118
14.95,17.981943
379.99,376.09906
3.84,7.287693
389.99,386.31033
150.0,148.67563
14.95,17.981943
11.95,15.004449
3.84,7.3181686
999.99,994.7814
389.99,386.2449
23.9,15.004449
1700.0,1696.0317
1700.0,1695.4037
149.99,147.15535
11.95,15.004449
2.99,6.32743
14.95,17.981943
11.99,15.23622
379.99,376.44208
389.99,386.22107
14.95,17.981943
11.99,15.406947
600.0,596.82574
14.95,17.981943
3.84,7.3181686
11.95,14.9966135
3.84,7.3181686
3.84,7.3181686
11.95,15.004449
150.0,148.82901
2.99,6.32743
5.98,6.3160267
600.0,595.96063
999.99,994.7814
3.84,7.287693
150.0,148.82901
14.95,17.981943
5.98,6.506794
300.0,296.72626
11.95,15.004449
389.99,385.84973
14.95,17.981943
11.95,15.012214
109.99,116.34036
11.95,15.012214
14.95,18.004467
300.0,297.28616
11.99,15.376216
14.95,17.981943
3.84,7.287693
7.68,7.3099394
3.84,7.287693
700.0,697.1036
14.95,17.981943
109.99,116.192635
1700.0,1697.985
11.95,14.963883
150.0,148.69675
999.99,994.7814
11.95,15.023435
14.95,17.981943
150.0,148.82901
300.0,297.22357
2.99,6.32743
5.98,6.32743
11.95,15.004449
11.95,14.9966135
2.99,6.506794
150.0,148.89484
3.84,7.287693
300.0,296.67743
5.98,6.32743
3.84,7.287693
14.95,17.981943
14.95,17.981943
11.95,15.004449
600.0,586.73315
11.99,15.39894
11.95,14.962919
389.99,386.33044
14.95,17.981943
600.0,596.19214
150.0,148.82901
11.99,15.406947
11.99,15.376216
379.99,377.1137
150.0,148.6165
700.0,696.45917
11.99,15.374248
379.99,376.8746
149.99,147.0903
600.0,596.5406
14.95,17.981943
11.99,15.307935
14.95,18.386488
11.95,15.004449
150.0,148.89484
7.68,7.287693
3.84,7.287693
150.0,149.19907
3.84,7.3099394
109.99,115.880714
14.95,17.981943
700.0,696.62866
99.99,103.708275
150.0,148.82901
300.0,297.13208
3.84,7.287693
389.99,386.67395
23.9,14.963883
150.0,148.67563
7.68,7.3181686
11.5199995,7.287693
149.99,146.93521
7.68,7.287693
99.99,104.032646
2.99,6.32743
3.84,7.3181686
3.84,7.287693
7.68,7.287693
999.99,994.7814
400.0,392.40265
1700.0,1695.6522
300.0,295.80002
2.99,6.32743
600.0,596.109
14.95,17.981943
29.9,17.981943
2.99,6.506794
99.99,103.85617
7.68,7.287693
999.99,994.5261
5.98,6.32743
389.99,386.2449
150.0,148.82901
11.99,15.1750145
14.95,17.981943
3.84,7.287693
11.95,15.012214
11.95,15.031746
11.96,6.32743
3.84,7.287693
700.0,696.45917
300.0,296.2497
600.0,596.5406
5.98,6.32743
14.95,17.981943
700.0,696.70764
149.99,147.15535
14.95,17.981943
700.0,696.70764
14.95,17.981943
150.0,148.89484
11.95,15.012214
3.84,7.287693
600.0,596.19214
11.95,15.012214
999.99,994.7814
400.0,392.40265
5.98,6.32743
1700.0,1695.3292
23.9,15.004449
150.0,148.82901
700.0,696.6241
11.95,15.004449
3.84,7.287693
5.98,6.32743
99.99,103.55503
99.99,104.0632
1700.0,1695.0902
11.95,15.004449
5.98,6.32743
11.99,15.406947
11.95,15.004449
2.99,6.32743
150.0,148.54337
389.99,388.36035
14.95,17.981943
150.0,148.82901
14.95,17.981943
99.99,103.50367
1700.0,1695.6401
11.95,15.004449
7.68,7.292285
11.99,15.376216
14.95,17.981943
2.99,6.32743
150.0,148.82901
3.84,7.287693
11.99,15.376216
700.0,696.45917
999.99,994.7814
14.95,17.981943
3.84,7.2700386
400.0,392.40265
11.95,15.004449
379.99,376.40332
11.95,15.012214
389.99,386.4957
300.0,296.24402
2.99,6.32743
99.99,103.09601
150.0,148.82901
99.99,103.88673
11.95,15.012214
999.99,994.7814
999.99,994.7814
400.0,392.40265
2.99,6.32743
5.98,6.32743
300.0,296.72626
149.99,147.15523
99.99,103.76638
3.84,7.287693
11.99,15.376216
3.84,7.287693
3.84,7.287693
11.99,15.376216
2.99,6.32743
11.96,6.32743
3.84,7.287693
150.0,148.82901
14.95,17.981943
14.95,17.981943
14.95,17.981943
300.0,296.68903
11.99,15.406947
1700.0,1695.5743
11.95,15.004449
3.84,7.287693
150.0,148.82901
99.99,103.74796
11.95,15.004449
14.95,17.981943
2.99,6.32743
700.0,696.70764
2.99,6.32743
23.9,15.004449
99.99,103.442314
11.99,15.376216
150.0,148.82901
1700.0,1697.985
99.99,103.78875
700.0,696.70764
3.84,7.287693
11.95,15.004449
150.0,148.69675
99.99,103.634415
7.68,7.287693
11.99,15.374248
99.99,103.442314
23.98,15.374248
8.97,6.32743
400.0,393.6818
1700.0,1695.4037
99.99,104.0632
999.99,994.7814
7.68,7.3181686
700.0,696.8847
2.99,6.32743
11.95,15.004449
150.0,148.88298
2.99,6.32743
29.9,17.981943
14.95,17.981943
2.99,6.3160267
400.0,392.3747
2.99,6.32743
600.0,596.0359
300.0,296.38327
2.99,6.32743
379.99,376.40332
23.98,15.376216
11.95,15.004449
11.99,15.406947
300.0,296.2397
14.95,17.981943
999.99,994.7814
11.99,15.406947
7.68,7.3181686
150.0,148.82901
2.99,6.506794
11.99,15.406947
149.99,147.34627
5.98,6.32743
149.99,147.30376
11.95,15.004449
2.99,6.32743
2.99,6.32743
11.95,15.004449
99.99,103.68212
11.99,15.23622
1700.0,1695.6522
7.68,7.287693
150.0,148.82901
11.95,14.963883
15.36,7.2700386
7.68,7.287693
11.95,15.004449
11.95,15.004449
11.99,15.374248
5.98,6.32743
14.95,18.004467
11.99,15.406947
11.99,15.374248
23.9,15.004449
150.0,148.82901
150.0,148.82901
600.0,595.8439
14.95,18.055319
14.95,17.981943
11.95,15.004449
389.99,386.17462
379.99,376.09906
14.95,17.981943
700.0,696.45917
14.95,17.981943
999.99,994.80945
11.99,15.374248
3.84,7.287693
300.0,296.09308
999.99,994.7814
2.99,6.32743
99.99,103.620766
11.99,15.376216
300.0,297.28616
149.99,147.11284
149.99,147.19774
2.99,6.32743
5.98,6.32743
7.68,7.287693
99.99,103.424286
400.0,392.40265
150.0,148.89484
2.99,6.32743
7.68,7.287693
600.0,596.1739
150.0,148.82901
14.95,17.981943
389.99,386.00906
11.99,15.376216
1700.0,1695.5743
149.99,147.21011
379.99,376.40332
600.0,596.5406
11.99,15.376216
11.99,15.26867
14.95,17.981943
3.84,7.287693
99.99,104.65818
2.99,6.32743
14.95,17.981943
14.95,18.055319
3.84,7.287693
109.99,116.032906
2.99,6.32743
109.99,116.34036
150.0,148.89484
11.99,15.374248
14.95,17.981943
379.99,376.403
11.95,15.004449
14.95,17.981943
150.0,148.82901
300.0,297.28616
150.0,148.82901
150.0,148.82901
150.0,148.69675
109.99,116.462135
99.99,103.87749
149.99,146.93521
700.0,696.70764
14.95,17.981943
389.99,386.17462
99.99,104.09479
14.95,17.981943
999.99,994.7814
150.0,148.89484
1700.0,1698.9241
11.95,15.012214
23.98,15.376216
389.99,386.02106
14.95,17.981943
2.99,6.32743
7.68,7.287693
99.99,103.424286
11.95,15.004449
700.0,697.3461
14.95,17.981943
600.0,596.1739
99.99,103.708275
600.0,585.26215
700.0,697.3461
2.99,6.32743
3.84,7.287693
700.0,696.70764
11.95,14.962919
11.95,15.004449
14.95,17.981943
3.84,7.287693
7.68,7.287693
389.99,387.12247
99.99,103.424286
149.99,147.30376
11.99,15.374248
999.99,994.7814
11.99,15.376216
14.95,17.981943
150.0,148.82901
11.99,15.429671
1700.0,1696.2998
600.0,596.19214
14.95,17.981943
3.84,7.3181686
11.95,15.004449
11.99,15.374248
11.99,15.393273
14.95,18.055319
600.0,596.709
11.95,14.963883
700.0,696.45917
700.0,696.70764
99.99,103.76638
99.99,103.35191
11.99,15.376216
700.0,696.45917
14.95,17.981943
149.99,147.13269
99.99,103.9707
700.0,696.62866
14.95,18.004467
11.99,15.26867
15.36,7.287693
11.95,15.004449
149.99,147.15535
8.97,6.32743
109.99,115.76435
389.99,386.09482
11.95,14.970684
99.99,103.527
109.99,115.76435
14.95,17.981943
3.84,7.287693
99.99,103.88673
149.99,147.34627
14.95,17.981943
14.95,17.981943
11.95,15.012214
379.99,376.40332
11.99,15.376216
3.84,7.3181686
14.95,17.981943
379.99,376.09906
11.99,15.26867
5.98,6.32743
600.0,596.109
11.95,15.004449
3.84,7.287693
150.0,148.89484
300.0,296.0217
150.0,148.68233
11.95,15.004449
14.95,17.981943
379.99,377.1137
11.95,14.962919
11.95,15.023435
14.95,17.981943
149.99,147.0903
99.99,103.424286
150.0,148.82901
379.99,377.243
8.97,6.32743
2.99,6.32743
11.95,15.006886
150.0,148.82901
11.95,15.012214
379.99,376.40332
150.0,148.88298
11.95,15.004449
14.95,17.981943
109.99,115.92021
99.99,103.9533
14.95,17.981943
99.99,103.527
11.99,15.1750145
999.99,994.7814
3.84,7.282076
7.68,7.287693
3.84,7.2700386
11.99,15.26867
5.98,6.32743
11.99,15.406947
150.0,148.82901
150.0,148.82901
3.84,7.2700386
8.97,6.32743
150.0,148.6165
8.97,6.32743
11.99,15.376216
11.5199995,7.3099394
999.99,994.7814
400.0,392.40265
400.0,392.40265
99.99,103.424286
600.0,596.0359
700.0,696.70764
150.0,148.82901
149.99,147.34627
11.95,15.004449
600.0,596.109
99.99,103.82241
14.95,18.030027
300.0,296.22922
11.99,15.39894
11.99,15.374248
3.84,7.287693
14.95,17.981943
11.99,15.406947
150.0,148.89484
11.95,15.004449
3.84,7.287693
300.0,297.41205
600.0,596.15265
29.9,17.981943
11.95,15.004449
14.95,17.981943
7.68,7.2700386
5.98,6.32743
379.99,376.40332
99.99,103.78875
14.95,17.981943
11.99,15.374248
150.0,148.89484
11.5199995,7.287693
14.95,17.981943
150.0,148.68233
600.0,596.15265
300.0,296.9128
11.99,15.374248
379.99,376.40332
400.0,392.5175
379.99,376.95312
379.99,375.89178
99.99,103.99736
11.99,15.376216
2.99,6.32743
14.95,17.981943
99.99,104.032646
700.0,696.70764
300.0,295.80002
11.99,15.406947
11.95,15.004449
14.95,17.981943
14.95,17.981943
600.0,596.0359
149.99,146.86252
149.99,147.56418
7.68,7.287693
150.0,148.69675
11.99,15.429671
400.0,392.40265
150.0,148.67563
3.84,7.287693
400.0,392.40265
389.99,387.12247
99.99,103.620766
11.95,15.012214
11.95,15.012214
5.98,6.32743
700.0,696.45917
99.99,103.806854
3.84,7.287693
150.0,148.6165
11.95,14.963883
99.99,103.47242
11.5199995,7.287693
389.99,386.15256
14.95,17.981943
11.99,15.374248
11.99,15.453925
11.95,14.962919
23.9,15.012214
5.98,6.32743
11.99,15.376216
600.0,595.8439
11.95,15.006886
389.99,386.17462
2.99,6.32743
99.99,103.65087
149.99,147.11284
300.0,296.53696
1700.0,1695.6675
999.99,994.7814
150.0,148.82901
999.99,994.7814
149.99,147.15535
3.84,7.2700386
11.95,15.023435
14.95,17.933777
149.99,147.0903
149.99,147.05344
11.95,15.004449
2.99,6.32743
11.95,15.012214
379.99,380.46082
150.0,148.82901
600.0,296.68903
5.98,6.32743
11.95,15.004449
3.84,7.287693
11.95,15.012214
150.0,148.82901
389.99,386.09387
379.99,376.18167
11.99,15.406947
600.0,586.73315
600.0,595.96063
389.99,386.15256
99.99,103.43608
109.99,115.82349
149.99,147.11284
400.0,392.40265
2.99,6.32743
7.68,7.287693
11.99,15.26867
389.99,386.2449
14.95,17.981943
14.95,17.981943
14.95,17.933777
99.99,103.708275
389.99,386.17462
600.0,596.0359
11.99,15.393273
99.99,103.85617
11.99,15.429671
389.99,386.15256
1700.0,1695.6401
1700.0,1698.0223
2.99,6.3160267
5.98,6.32743
99.99,104.0632
2.99,6.32743
3.84,7.2700386
3.84,7.287693
389.99,385.95078
11.95,14.963883
2.99,6.32743
2.99,6.32743
600.0,596.19214
700.0,696.4546
379.99,376.09906
14.95,17.933777
2.99,6.32743
7.68,7.287693
11.95,15.01465
3.84,7.287693
109.99,115.85993
2.99,6.32743
14.95,17.981943
11.99,15.374248
2.99,6.32743
2.99,6.32743
389.99,386.2449
11.99,15.23622
150.0,148.82901
3.84,7.3181686
11.95,15.004449
1700.0,1710.8202
379.99,376.4174
11.99,15.376216
14.95,17.981943
11.95,15.004449
14.95,17.981943
2.99,6.32743
700.0,697.1036
700.0,696.70764
14.95,18.004467
99.99,103.76638
149.99,147.01093
14.95,17.981943
14.95,17.933777
14.95,18.004467
149.99,147.11284
389.99,386.33044
99.99,103.966805
14.95,17.933777
149.99,147.21011
2.99,6.32743
2.99,6.32743
99.99,103.9707
11.95,15.004449
150.0,148.82901
600.0,596.0359
2.99,6.32743
11.95,15.004449
109.99,116.19889
300.0,297.13953
99.99,103.36843
11.95,15.004449
150.0,148.69675
14.95,17.981943
11.99,15.376216
3.84,7.287693
3.84,7.287693
35.85,15.004449
700.0,696.62866
150.0,148.82901
11.99,15.406947
3.84,7.287693
150.0,148.69675
2.99,6.32743
11.95,15.004449
7.68,7.287693
300.0,296.3207
14.95,18.055319
600.0,596.0359
600.0,596.0359
5.98,6.32743
149.99,147.15523
999.99,994.7814
14.95,17.933777
150.0,148.82901
379.99,376.09906
999.99,994.7814
11.95,15.006886
2.99,6.32743
11.99,15.406947
7.68,7.287693
35.97,15.406947
3.84,7.287693
2.99,6.32743
11.99,15.376216
109.99,116.411575
11.99,15.330659
1700.0,1697.8785
150.0,148.82901
11.95,15.004449
300.0,296.10355
99.99,103.620766
99.99,103.966805
29.9,17.981943
2.99,6.32743
999.99,994.7814
2.99,6.32743
999.99,994.7814
11.99,15.406947
11.99,15.23622
700.0,696.45917
3.84,7.287693
2.99,6.32743
2.99,6.32743
11.95,14.962919
11.95,15.012214
400.0,392.40265
2.99,6.32743
29.9,18.055319
400.0,392.40265
5.98,6.32743
3.84,7.3181686
11.99,15.376216
600.0,596.19214
3.84,7.287693
11.95,15.004449
150.0,148.82901
2.99,6.32743
11.95,15.012214
600.0,586.73315
99.99,103.8157
29.9,17.981943
11.95,15.004449
700.0,696.45917
7.68,7.287693
11.95,15.023435
11.95,15.004449
149.99,147.21011
11.95,15.012214
11.95,14.963883
3.84,7.287693
700.0,696.8847
11.99,15.374248
14.95,17.981943
149.99,147.69244
150.0,148.89484
400.0,392.40265
11.5199995,7.287693
3.84,7.3181686
379.99,376.403
11.5199995,7.287693
14.95,17.981943
8.97,6.3160267
11.95,15.012214
379.99,376.5651
2.99,6.32743
11.95,15.004449
2.99,6.32743
3.84,7.287693
2.99,6.32743
2.99,6.3160267
3.84,7.3181686
700.0,696.70764
99.99,103.83741
11.95,15.004449
149.99,147.15535
11.99,15.374248
2.99,6.32743
99.99,103.28905
5.98,6.32743
400.0,392.40265
3.84,7.287693
999.99,994.7814
149.99,146.93521
14.95,17.981943
150.0,148.6165
11.99,15.393273
14.95,18.055319
11.99,15.376216
389.99,386.43832
11.95,15.012214
23.98,15.376216
11.95,14.962919
150.0,148.82901
2.99,6.32743
14.95,18.030027
11.5199995,7.287693
150.0,148.67563
700.0,696.45917
700.0,696.45917
149.99,147.15535
2.99,6.3160267
14.95,17.933777
2.99,6.32743
11.95,15.004449
99.99,103.57149
7.68,7.287693
99.99,103.6395
14.95,17.981943
150.0,148.89484
11.95,15.004449
2.99,6.32743
2.99,6.32743
1700.0,1697.8785
600.0,596.0359
600.0,596.19214
1700.0,1695.6401
3.84,7.2700386
99.99,103.83741
3.84,7.287693
11.95,15.012214
700.0,696.70764
109.99,116.19889
600.0,586.73315
14.95,17.981943
3.84,7.287693
14.95,17.981943
109.99,116.192635
14.95,17.981943
99.99,103.09601
150.0,148.9488
11.95,15.012214
14.95,18.004467
5.98,6.32743
11.99,15.26867
7.68,7.287693
600.0,595.8439
14.95,17.981943
11.99,15.376216
14.95,17.981943
11.95,15.004449
389.99,385.94113
3.84,7.287693
150.0,148.89484
149.99,147.15535
14.95,17.981943
999.99,994.7814
300.0,297.28616
23.98,15.406947
99.99,103.8157
14.95,17.933777
1700.0,1697.985
99.99,103.8157
389.99,387.19827
14.95,17.933777
600.0,596.0359
2.99,6.32743
14.95,17.981943
11.95,14.9966135
11.95,15.004449
2.99,6.32743
1700.0,1698.0354
11.96,6.32743
99.99,103.12848
99.99,103.50367
7.68,7.3181686
7.68,7.287693
999.99,994.7814
149.99,147.15535
23.98,15.23622
11.99,15.406947
14.95,17.981943
14.95,17.981943
29.9,17.981943
11.95,15.004449
149.99,147.11284
2.99,6.32743
700.0,696.45917
1700.0,1695.6401
11.95,15.004449
11.95,15.012214
11.95,15.004449
600.0,585.26215
29.9,18.030027
99.99,103.8157
999.99,994.7814
99.99,103.424286
99.99,103.35191
11.95,15.004449
11.99,15.26867
149.99,147.0903
2.99,6.32743
3.84,7.287693
150.0,148.82901
149.99,147.21011
99.99,103.424286
379.99,376.09906
3.84,7.2700386
14.95,18.004467
14.95,17.981943
600.0,596.82574
150.0,148.82901
11.99,15.374248
99.99,103.83741
3.84,7.287693
389.99,386.43832
379.99,376.18167
11.95,15.004449
11.95,15.004449
379.99,378.0339
150.0,148.82901
99.99,104.0632
300.0,296.38327
3.84,7.3181686
11.99,15.406947
600.0,596.19214
14.95,17.981943
2.99,6.32743
2.99,6.506794
700.0,696.70764
149.99,147.19774
5.98,6.32743
999.99,994.7814
11.95,15.004449
11.99,15.374248
99.99,103.79724
14.95,18.004467
389.99,386.36197
150.0,148.82901
11.95,15.012214
389.99,386.35214
150.0,148.82901
11.95,15.004449
8.97,6.32743
11.99,15.307935
99.99,104.69115
14.95,17.981943
150.0,148.68233
11.95,15.004449
3.84,7.2700386
14.95,18.030027
379.99,376.4174
150.0,148.6165
11.99,15.26867
11.99,15.374248
600.0,595.8439
3.84,7.287693
3.84,7.287693
11.99,15.376216
7.68,7.287693
300.0,296.3207
14.95,17.981943
150.0,148.82901
3.84,7.287693
7.68,7.3181686
5.98,6.32743
400.0,393.22757
700.0,696.70764
150.0,148.6165
23.9,14.962919
14.95,18.055319
400.0,417.28836
3.84,7.287693
11.95,15.004449
600.0,596.19214
14.95,17.933777
7.68,7.2700386
1700.0,1698.9241
2.99,6.32743
1700.0,1695.6492
600.0,595.8439
14.95,17.981943
11.95,15.004449
150.0,148.82901
99.99,103.92633
5.98,6.32743
3.84,7.287693
99.99,103.620766
11.5199995,7.287693
11.99,15.406947
99.99,103.83741
150.0,148.82901
8.97,6.32743
109.99,115.85993
600.0,595.8439
379.99,376.40332
99.99,103.811646
99.99,103.33066
5.98,6.506794
11.99,15.26867
7.68,7.287693
11.99,15.376216
14.95,17.981943
11.95,15.004449
11.99,15.26867
14.95,17.981943
379.99,376.58472
14.95,18.004467
14.95,17.981943
2.99,6.32743
700.0,696.70764
3.84,7.287693
11.95,15.004449
14.95,17.981943
11.99,15.406947
11.95,15.004449
14.95,17.981943
389.99,385.94113
11.99,15.374248
3.84,7.287693
11.95,15.012214
99.99,103.77663
5.98,6.32743
11.99,15.376216
14.95,17.981943
5.98,6.32743
11.95,15.004449
14.95,17.933777
1700.0,1697.0934
389.99,385.95078
379.99,376.40332
14.95,17.981943
99.99,103.85617
600.0,585.26215
149.99,147.28122
11.95,15.004449
700.0,696.45917
11.99,15.374248
14.95,17.981943
14.95,17.981943
3.84,7.3181686
14.95,17.981943
5.98,6.32743
150.0,148.88298
2.99,6.32743
2.99,6.32743
99.99,103.393036
150.0,148.7296
99.99,103.28905
379.99,376.09906
300.0,296.38327
2.99,6.32743
11.99,15.406947
300.0,296.67743
14.95,17.981943
109.99,115.97744
7.68,7.287693
389.99,386.3053
2.99,6.506794
150.0,148.69675
99.99,104.20309
11.99,15.429671
3.84,7.287693
11.99,15.376216
149.99,147.30376
11.99,15.26867
99.99,103.83741
11.95,15.004449
11.95,15.012214
3.84,7.287693
150.0,148.82901
3.84,7.287693
379.99,376.40332
14.95,17.981943
3.84,7.287693
11.95,15.004449
11.95,15.012214
23.9,15.004449
389.99,386.4756
11.99,15.393273
14.95,17.981943
5.98,6.506794
379.99,376.11343
2.99,6.32743
2.99,6.32743
11.99,15.23622
11.95,15.004449
7.68,7.3181686
379.99,376.403
149.99,147.0903
14.95,17.981943
150.0,148.67563
11.95,15.004449
389.99,386.67395
11.99,15.374248
99.99,103.54598
5.98,6.32743
11.95,15.004449
600.0,596.19214
11.95,15.004449
3.84,7.3181686
7.68,7.3181686
999.99,994.8964
11.95,15.004449
11.95,15.004449
11.99,15.23622
14.95,17.981943
2.99,6.32743
379.99,376.74603
2.99,6.32743
150.0,148.82901
3.84,7.287693
11.99,15.393273
700.0,696.62866
3.84,7.3099394
99.99,104.032646
14.95,17.981943
1700.0,1696.0354
150.0,148.89484
14.95,17.933777
11.99,15.26867
7.68,7.287693
14.95,17.981943
8.97,6.32743
3.84,7.2700386
11.99,15.393273
14.95,17.981943
99.99,103.9268
29.9,18.055319
600.0,595.8439
29.9,17.981943
300.0,296.07147
99.99,103.708275
3.84,7.287693
2.99,6.32743
11.99,15.429671
1700.0,1696.0354
7.68,7.287693
11.95,15.004449
389.99,386.36197
700.0,696.8847
7.68,7.287693
389.99,386.33044
379.99,376.09906
2.99,6.32743
109.99,116.462135
2.99,6.32743
11.99,15.406947
150.0,148.6165
14.95,17.981943
14.95,17.933777
14.95,18.030027
150.0,148.69675
1700.0,1697.8785
150.0,148.82901
150.0,148.89484
99.99,103.87749
2.99,6.32743
99.99,103.85617
600.0,586.73315
23.98,15.406947
14.95,17.981943
999.99,994.7814
149.99,147.34627
23.9,15.004449
150.0,148.82901
300.0,295.91846
2.99,6.32743
400.0,392.5175
2.99,6.32743
2.99,6.32743
99.99,103.85617
389.99,386.00906
149.99,147.30376
11.99,15.374248
999.99,994.7814
3.84,7.3181686
3.84,7.287693
99.99,103.55503
11.95,14.963883
1700.0,1695.6522
389.99,386.26007
150.0,148.82901
3.84,7.287693
11.95,14.9966135
11.99,15.374248
300.0,296.3207
2.99,6.32743
11.99,15.376216
700.0,696.45917
999.99,994.7814
150.0,148.67563
14.95,17.933777
11.99,15.26867
999.99,994.7814
2.99,6.506794
11.95,15.004449
5.98,6.32743
99.99,103.85617
600.0,585.26215
700.0,696.45917
3.84,7.287693
99.99,103.88673
5.98,6.32743
149.99,147.28122
11.99,15.374248
11.99,15.406947
109.99,116.192635
149.99,147.34627
11.99,15.453925
11.95,15.004449
999.99,994.80945
11.95,15.004449
14.95,17.981943
11.99,15.26867
300.0,297.28616
11.99,15.307935
109.99,115.880714
23.9,15.012214
11.99,15.406947
3.84,7.3099394
149.99,147.30376
99.99,103.83741
11.95,15.012214
11.99,15.376216
11.99,15.406947
379.99,376.18167
150.0,148.6165
2.99,6.32743
150.0,148.88298
29.9,17.981943
700.0,696.70764
150.0,148.48424
3.84,7.292285
3.84,7.287693
14.95,17.981943
379.99,376.5651
5.98,6.32743
300.0,296.39377
700.0,697.1036
150.0,148.82901
2.99,6.32743
2.99,6.32743
389.99,386.4957
11.95,15.012214
99.99,103.85617
109.99,116.283134
14.95,17.981943
11.95,15.004449
99.99,103.424286
2.99,6.32743
109.99,116.34036
11.95,15.004449
99.99,103.36843
7.68,7.287693
600.0,585.26215
14.95,17.933777
11.95,15.004449
379.99,376.41882
14.95,18.030027
150.0,148.69675
11.99,15.23622
5.98,6.32743
99.99,103.88673
3.84,7.287693
150.0,148.82901
149.99,147.15523
14.95,17.981943
389.99,386.31033
29.9,17.981943
14.95,17.981943
99.99,104.047066
149.99,147.13269
3.84,7.3099394
14.95,17.981943
150.0,148.82901
5.98,6.32743
3.84,7.287693
14.95,17.933777
11.95,14.9966135
11.95,15.004449
999.99,994.7814
150.0,148.6165
2.99,6.32743
23.98,15.39894
600.0,596.19214
14.95,17.981943
11.96,6.3160267
11.99,15.374248
149.99,147.56418
11.99,15.406947
11.95,15.012214
2.99,6.32743
150.0,148.82901
600.0,596.109
11.99,15.376216
99.99,103.8157
7.68,7.3181686
379.99,376.09906
1700.0,1694.8447
99.99,103.9268
11.95,15.004449
2.99,6.32743
3.84,7.287693
11.95,15.023435
700.0,696.8847
23.9,15.004449
2.99,6.32743
3.84,7.287693
11.99,15.406947
2.99,6.32743
99.99,103.708275
14.95,17.933777
2.99,6.3160267
14.95,17.981943
11.99,15.374248
99.99,103.806854
99.99,103.620766
3.84,7.287693
1700.0,1695.0902
3.84,7.287693
379.99,376.40332
2.99,6.32743
1700.0,1695.5743
11.99,15.374248
149.99,147.34627
3.84,7.287693
3.84,7.287693
3.84,7.287693
14.95,17.981943
1700.0,1695.6522
300.0,296.72626
11.95,14.963883
150.0,148.82901
700.0,696.45917
11.99,15.406947
5.98,6.32743
2.99,6.32743
99.99,103.527
700.0,696.70764
11.99,15.374248
14.95,17.981943
7.68,7.287693
11.99,15.374248
2.99,6.32743
389.99,386.43832
14.95,17.981943
379.99,376.1029
14.95,17.981943
11.95,15.004449
14.95,18.030027
600.0,596.15265
3.84,7.2700386
300.0,296.32538
14.95,18.030027
2.99,6.32743
149.99,147.11284
2.99,6.32743
11.99,15.406947
150.0,148.6165
300.0,295.8463
150.0,148.82901
99.99,103.806854
109.99,116.411575
3.84,7.3181686
150.0,148.82901
3.84,7.282076
150.0,148.82901
14.95,17.981943
11.95,15.004449
11.99,15.23622
7.68,7.287693
14.95,17.933777
600.0,596.19214
11.95,15.012214
150.0,148.69675
14.95,18.030027
11.95,14.970684
99.99,104.23364
11.5199995,7.287693
11.95,15.004449
11.95,15.004449
14.95,17.981943
2.99,6.32743
99.99,103.8157
5.98,6.32743
2.99,6.32743
5.98,6.3160267
11.95,15.012214
109.99,116.540596
14.95,17.981943
150.0,149.19907
2.99,6.506794
379.99,376.83704
11.95,15.004449
379.99,376.09906
999.99,994.7814
3.84,7.287693
2.99,6.32743
109.99,116.20249
19.199999,7.3181686
149.99,147.11284
150.0,148.82901
149.99,147.15535
11.99,15.374248
14.95,17.981943
400.0,392.40265
150.0,148.82901
150.0,148.82901
3.84,7.287693
14.95,17.981943
150.0,148.82901
1700.0,1696.0317
700.0,696.70764
389.99,386.2449
11.95,15.004449
3.84,7.3181686
11.95,15.012214
150.0,148.6165
150.0,148.82901
149.99,146.86252
14.95,17.981943
109.99,115.880714
2.99,6.32743
7.68,7.287693
99.99,103.35191
14.95,17.981943
11.99,15.376216
700.0,696.70764
600.0,595.96063
700.0,696.8847
149.99,147.30376
150.0,148.82901
999.99,994.7814
400.0,392.40265
300.0,295.9378
5.98,6.32743
11.99,15.376216
400.0,392.40265
150.0,148.82901
2.99,6.32743
109.99,115.880714
150.0,148.82901
14.95,18.004467
300.0,296.22922
14.95,17.981943
14.95,17.933777
379.99,376.18167
600.0,596.5406
2.99,6.32743
300.0,297.28616
2.99,6.32743
150.0,148.6165
14.95,17.981943
99.99,104.16261
600.0,597.2137
1700.0,1695.6401
99.99,103.83741
14.95,17.981943
14.95,17.981943
1700.0,1695.6675
11.99,15.23622
2.99,6.32743
1700.0,1695.3292
300.0,295.80002
3.84,7.287693
3.84,7.287693
11.99,15.26867
700.0,696.70764
700.0,696.45917
99.99,103.98368
11.95,15.004449
11.99,15.406947
11.95,15.148256
600.0,596.0359
14.95,17.981943
3.84,7.287693
1700.0,1696.0354
150.0,148.88298
14.95,18.030027
999.99,994.7814
150.0,148.82901
149.99,147.34627
23.98,15.406947
300.0,297.28616
14.95,18.030027
150.0,148.67563
14.95,17.981943
99.99,103.703476
14.95,17.981943
109.99,116.09542
150.0,148.82901
11.95,15.004449
99.99,103.49425
11.95,14.962919
379.99,376.09906
11.95,15.004449
3.84,7.287693
23.9,15.004449
11.95,14.963883
379.99,376.11343
3.84,7.3181686
379.99,376.11343
379.99,376.40332
5.98,6.32743
379.99,376.09906
14.95,17.981943
5.98,6.32743
23.9,15.004449
11.95,15.004449
99.99,103.806854
3.84,7.287693
379.99,376.18167
1700.0,1695.6492
149.99,147.15535
150.0,148.9488
600.0,596.709
600.0,586.73315
999.99,994.7814
150.0,148.82901
23.98,15.330659
99.99,103.620766
99.99,103.45596
700.0,696.8801
7.68,7.3181686
150.0,148.67563
3.84,7.287693
2.99,6.32743
14.95,17.981943
14.95,6.3160267
11.95,15.004449
150.0,148.82901
2.99,6.32743
99.99,103.83741
150.0,148.89484
11.95,15.004449
11.95,15.004449
29.9,17.981943
2.99,6.32743
109.99,116.09013
600.0,596.1739
5.98,6.32743
11.95,15.012214
44.85,17.981943
11.5199995,7.287693
5.98,6.32743
149.99,147.13269
11.95,15.012214
150.0,148.6165
11.99,15.374248
11.95,15.004449
7.68,7.287693
11.99,15.376216
2.99,6.32743
700.0,707.52527
99.99,103.606384
150.0,148.6165
400.0,392.40265
5.98,6.32743
150.0,148.69675
3.84,7.2700386
14.95,17.981943
11.99,15.406947
150.0,148.82901
11.95,15.004449
11.99,15.376216
379.99,376.44208
150.0,148.82901
11.95,15.004449
3.84,7.3181686
14.95,18.004467
149.99,147.15535
379.99,376.18167
150.0,148.82901
150.0,148.82901
3.84,7.3099394
150.0,148.88298
109.99,115.71908
1700.0,1695.4037
11.99,15.406947
389.99,386.09482
2.99,6.32743
11.95,14.9966135
5.98,6.32743
11.99,15.374248
389.99,386.8119
11.95,15.004449
14.95,17.981943
14.95,18.004467
11.96,6.32743
5.98,6.3160267
149.99,147.21011
11.95,15.012214
99.99,103.83741
700.0,696.70764
11.99,15.374248
23.98,15.374248
11.99,15.374248
5.98,6.32743
2.99,6.32743
150.0,148.82901
11.99,15.307935
150.0,148.82901
700.0,696.45917
11.95,15.004449
300.0,297.76996
11.95,15.004449
3.84,7.287693
2.99,6.32743
11.95,15.004449
8.97,6.32743
600.0,596.15265
14.95,17.981943
2.99,6.32743
8.97,6.32743
99.99,103.424286
150.0,148.82901
11.95,15.004449
109.99,115.90097
600.0,596.0359
379.99,376.11343
14.95,17.981943
400.0,392.40265
14.95,17.981943
11.95,15.004449
149.99,147.11284
5.98,6.32743
14.95,17.933777
11.95,15.004449
150.0,148.88298
3.84,7.287693
11.95,15.004449
109.99,116.283134
99.99,103.57149
109.99,116.11382
11.99,15.374248
300.0,296.6016
11.99,15.453925
2.99,6.32743
600.0,585.26215
600.0,595.8439
3.84,7.287693
149.99,147.28122
2.99,6.3160267
149.99,147.2525
99.99,103.57149
99.99,104.23364
2.99,6.32743
11.96,6.32743
7.68,7.3181686
3.84,7.287693
600.0,595.8439
300.0,296.2397
99.99,103.694984
700.0,696.45917
5.98,6.32743
11.99,15.406947
379.99,376.40332
11.99,15.26867
14.95,17.981943
150.0,148.82901
300.0,296.35812
2.99,6.3160267
3.84,7.3099394
3.84,7.287693
14.95,17.981943
11.99,15.406947
2.99,6.32743
11.95,14.963883
3.84,7.3181686
700.0,696.70764
1700.0,1695.6414
14.95,17.981943
14.95,17.933777
99.99,103.76638
14.95,17.981943
14.95,18.030027
379.99,376.4174
1700.0,1695.6401
150.0,148.69675
99.99,103.527
600.0,595.8439
99.99,103.424286
150.0,148.82901
11.99,15.26867
14.95,17.981943
600.0,595.8439
11.95,15.023435
14.95,18.004467
1700.0,1698.9241
150.0,148.82901
150.0,148.82901
99.99,103.606384
11.99,15.26867
300.0,296.24402
99.99,103.703476
700.0,696.45917
150.0,148.82901
11.95,15.004449
379.99,376.44208
149.99,147.05344
379.99,376.18167
700.0,697.3461
11.99,15.406947
14.95,17.981943
2.99,6.32743
14.95,17.981943
389.99,386.17462
109.99,116.397644
150.0,148.69675
11.95,15.004449
11.95,15.004449
99.99,104.005394
150.0,148.68233
150.0,148.9488
11.99,15.406947
600.0,595.9819
7.68,7.3099394
2.99,6.32743
14.95,17.981943
11.99,15.406947
700.0,696.70764
700.0,696.70764
150.0,148.69675
2.99,6.32743
149.99,147.51482
11.99,15.374248
14.95,17.981943
600.0,596.19214
3.84,7.3181686
14.95,17.981943
389.99,386.05524
700.0,696.62866
379.99,380.42496
99.99,103.83741
11.95,15.004449
379.99,376.403
700.0,696.70764
109.99,116.19889
600.0,595.96063
11.95,15.012214
149.99,146.93521
2.99,6.32743
14.95,18.004467
2.99,6.32743
2.99,6.32743
11.95,15.012214
99.99,103.620766
1700.0,1698.5653
389.99,386.108
379.99,376.40332
11.95,15.004449
23.98,15.26867
149.99,146.9776
99.99,104.0632
99.99,103.74796
2.99,6.32743
150.0,148.82901
600.0,596.1739
11.99,15.307935
3.84,7.2700386
14.95,18.004467
23.9,14.9966135
700.0,696.8847
149.99,147.15535
109.99,116.9255
11.99,15.406947
600.0,586.73315
11.95,15.023435
99.99,103.424286
11.99,15.406947
11.99,15.406947
389.99,386.4695
150.0,148.82901
11.95,14.970684
14.95,17.981943
11.95,15.004449
600.0,586.73315
379.99,376.8746
149.99,147.11284
389.99,386.05524
2.99,6.32743
600.0,596.19214
700.0,696.70764
700.0,696.70764
11.99,15.376216
11.95,15.004449
1700.0,1695.6522
2.99,6.32743
11.99,15.406947
14.95,17.981943
3.84,7.3099394
3.84,7.3181686
99.99,104.064125
149.99,147.19774
11.95,15.004449
3.84,7.287693
2.99,6.32743
99.99,103.09601
14.95,17.981943
300.0,297.15002
150.0,148.82901
3.84,7.287693
11.95,15.031199
150.0,148.82901
11.95,15.004449
99.99,103.67772
99.99,103.703476
14.95,18.004467
11.95,15.004449
379.99,379.57837
14.95,17.981943
3.84,7.3181686
14.95,17.981943
700.0,696.70764
149.99,147.15535
700.0,696.45917
99.99,103.55998
8.97,6.32743
999.99,994.7814
11.99,15.374248
14.95,17.981943
150.0,148.82901
2.99,6.32743
400.0,392.5175
14.95,18.034414
14.95,17.981943
109.99,116.34036
44.85,17.981943
14.95,17.981943
23.9,15.004449
11.95,15.148256
8.97,6.32743
11.95,15.004449
11.99,15.376216
11.99,15.26867
14.95,17.981943
400.0,392.40265
14.95,18.004467
379.99,376.5651
29.9,17.981943
2.99,6.32743
5.98,6.3160267
11.95,15.004449
700.0,696.45917
99.99,103.527
700.0,696.8847
99.99,103.620766
11.99,15.39894
5.98,6.32743
700.0,696.45917
99.99,104.23364
999.99,994.7814
3.84,7.287693
7.68,7.287693
999.99,994.7814
99.99,103.67772
7.68,7.287693
11.95,15.004449
14.95,17.981943
600.0,596.1739
5.98,6.32743
379.99,376.2752
109.99,116.23186
150.0,148.82901
11.5199995,7.287693
11.95,15.004449
11.99,15.406947
11.95,15.004449
11.99,15.376216
3.84,7.282076
600.0,595.8439
109.99,116.03735
7.68,7.287693
3.84,7.287693
700.0,696.70764
11.99,15.376216
11.95,15.012214
3.84,7.3099394
11.95,15.004449
300.0,295.80002
11.99,15.406947
11.99,15.406947
379.99,376.09906
5.98,6.32743
2.99,6.32743
7.68,7.287693
14.95,17.933777
150.0,148.82901
11.95,15.004449
11.5199995,7.287693
14.95,17.981943
300.0,296.22922
99.99,103.9533
14.95,17.981943
149.99,147.34627
11.99,15.26867
300.0,296.34396
150.0,148.68233
5.98,6.32743
150.0,148.75072
400.0,393.22757
99.99,103.3635
14.95,17.933777
11.99,15.374248
150.0,148.89484
700.0,696.70764
14.95,17.981943
389.99,386.4957
150.0,148.88298
11.99,15.374248
1700.0,1695.3777
700.0,696.62866
14.95,17.981943
11.95,15.004449
1700.0,1695.6522
400.0,393.6818
2.99,6.32743
11.99,15.429671
1700.0,1695.3777
11.99,15.26867
600.0,596.5406
1700.0,1696.0317
11.99,15.376216
300.0,296.13287
3.84,7.287693
3.84,7.3181686
7.68,7.287693
3.84,7.287693
2.99,6.32743
700.0,696.70764
389.99,386.07935
300.0,297.276
389.99,386.07935
11.95,15.004449
11.99,15.376216
3.84,7.287693
2.99,6.32743
11.99,15.374248
150.0,148.82901
700.0,697.4867
379.99,376.40332
600.0,596.19214
11.95,15.004449
149.99,146.86252
1700.0,1696.1173
300.0,297.07864
11.95,15.012214
149.99,147.15535
11.95,15.004449
14.95,17.981943
300.0,296.10355
389.99,386.33044
23.98,15.406947
7.68,7.287693
149.99,146.86252
11.95,15.004449
600.0,596.0359
11.99,15.376216
3.84,7.287693
149.99,147.15535
11.99,15.26867
3.84,7.287693
389.99,386.35645
11.99,15.376216
11.99,15.393273
2.99,6.32743
149.99,147.0903
109.99,116.031624
600.0,596.709
11.99,15.374248
3.84,7.3181686
11.95,15.004449
150.0,148.82901
14.95,17.981943
11.95,14.9966135
1700.0,1695.6522
99.99,104.82013
14.95,17.981943
3.84,7.282076
14.95,17.981943
389.99,386.42328
150.0,148.82901
11.95,14.963883
389.99,386.36197
14.95,17.981943
2.99,6.32743
300.0,296.2397
11.95,15.012214
99.99,103.8157
11.95,15.004449
11.99,15.376216
11.95,15.004449
149.99,147.15535
150.0,148.88298
600.0,585.26215
109.99,116.41729
14.95,17.981943
14.95,17.981943
109.99,116.34036
11.99,15.376216
14.95,17.981943
389.99,386.02106
5.98,6.32743
700.0,696.70764
14.95,18.004467
150.0,148.82901
3.84,7.287693
3.84,7.2700386
999.99,994.7814
3.84,7.3181686
300.0,296.35812
99.99,103.424286
23.039999,7.287693
11.95,15.004449
11.95,14.963883
150.0,148.54337
1700.0,1697.985
29.9,17.981943
109.99,116.23186
150.0,148.82901
11.95,15.004449
14.95,17.981943
150.0,148.82901
1700.0,1696.9395
99.99,103.620766
7.68,7.287693
2.99,6.32743
14.95,17.981943
3.84,7.287693
7.68,7.287693
11.99,15.307935
150.0,148.82901
1700.0,1695.5743
2.99,6.32743
150.0,148.82901
23.9,15.004449
600.0,596.847
14.95,17.981943
5.98,6.32743
14.95,17.981943
14.95,17.981943
2.99,6.32743
150.0,148.82901
2.99,6.32743
600.0,595.8439
11.95,14.9488125
99.99,103.86602
11.95,14.963883
400.0,392.40265
150.0,148.6165
700.0,696.62866
14.95,17.981943
99.99,103.8157
150.0,148.88298
3.84,7.3181686
11.99,15.374248
2.99,6.32743
700.0,696.62866
11.99,15.374248
109.99,116.22358
11.95,15.012214
1700.0,1697.8785
14.95,17.981943
1700.0,1695.6522
99.99,104.0632
11.95,15.004449
600.0,596.5406
14.95,17.933777
23.9,15.012214
3.84,7.287693
3.84,7.287693
11.99,15.376216
11.95,14.963883
3.84,7.287693
11.99,15.376216
23.98,15.23622
11.99,15.406947
14.95,17.981943
1700.0,1695.3292
2.99,6.32743
11.99,15.376216
700.0,696.45917
11.99,15.519269
11.95,14.962919
11.95,15.004449
600.0,596.0359
3.84,7.287693
14.95,18.386488
14.95,17.981943
109.99,116.34036
600.0,596.15265
11.95,15.012214
14.95,17.981943
99.99,103.708275
11.95,15.004449
99.99,103.8157
600.0,596.1739
379.99,375.89178
11.99,15.307935
11.99,15.374248
3.84,7.3181686
14.95,17.981943
3.84,7.287693
700.0,696.70764
149.99,146.93521
59.75,15.012214
379.99,376.40332
2.99,6.32743
149.99,147.05344
150.0,148.89484
150.0,148.75072
11.95,15.004449
11.99,15.406947
2.99,6.32743
999.99,994.7814
99.99,104.0632
11.95,15.004449
2.99,6.32743
600.0,586.73315
19.199999,7.3099394
23.9,14.962919
11.95,15.004449
3.84,7.3099394
11.95,15.004449
11.99,15.330659
99.99,103.8157
14.95,17.981943
99.99,103.527
700.0,696.45917
23.98,15.376216
11.99,15.307935
2.99,6.32743
14.95,17.981943
11.95,15.023435
11.99,15.406947
3.84,7.287693
3.84,7.287693
150.0,148.82901
149.99,147.30376
1700.0,1695.6522
11.95,14.970684
1700.0,1695.6401
109.99,115.82846
11.99,15.396972
14.95,17.981943
700.0,696.45917
11.99,15.26867
149.99,147.11284
379.99,376.09906
300.0,297.01477
1700.0,1695.6522
149.99,147.34627
11.99,15.376216
150.0,148.75072
600.0,595.8439
11.95,14.9966135
1700.0,1695.6522
150.0,148.82901
600.0,596.0359
1700.0,1696.0354
389.99,386.1648
11.95,15.004449
379.99,376.5651
11.99,15.376216
2.99,6.32743
7.68,7.287693
5.98,6.32743
99.99,103.83741
14.95,17.933777
3.84,7.287693
11.95,15.004449
11.99,15.376216
109.99,116.09512
99.99,103.28905
11.95,15.004449
150.0,148.89484
11.95,15.004449
23.9,15.004449
14.95,17.933777
99.99,103.30144
150.0,148.82901
400.0,392.5175
11.95,15.004449
11.95,15.012214
11.99,15.26867
400.0,392.40265
600.0,586.73315
700.0,696.70764
11.99,15.406947
700.0,696.6241
11.99,15.374248
149.99,147.15535
2.99,6.32743
1700.0,1695.3777
11.96,6.32743
3.84,7.287693
14.95,17.933777
700.0,697.3461
150.0,148.82901
600.0,596.19214
99.99,103.811646
700.0,696.45917
150.0,148.69675
11.95,15.004449
14.95,18.055319
99.99,103.3635
23.9,15.012214
14.95,17.981943
150.0,148.82901
23.9,15.012214
1700.0,1695.6522
389.99,389.0445
2.99,6.3160267
1700.0,1697.985
109.99,116.18341
2.99,6.3160267
11.95,15.004449
11.99,15.393273
400.0,393.6818
11.99,15.406947
11.95,15.004449
99.99,103.694984
3.84,7.287693
11.95,14.963883
11.95,15.012214
389.99,386.4756
8.97,6.32743
300.0,296.15152
150.0,148.69675
389.99,386.2449
3.84,7.287693
3.84,7.287693
389.99,386.24042
14.95,18.030027
14.95,17.981943
3.84,7.287693
11.99,15.376216
11.95,15.004449
99.99,103.35191
600.0,596.709
150.0,148.82901
14.95,17.981943
11.99,15.374248
379.99,377.243
2.99,6.32743
7.68,7.287693
5.98,6.32743
11.95,14.9966135
11.99,15.406947
600.0,595.8439
150.0,148.48424
11.99,15.376216
2.99,6.32743
150.0,148.82901
23.98,15.374248
149.99,147.30376
11.95,15.004449
29.9,17.981943
2.99,6.32743
3.84,7.3099394
379.99,376.11343
3.84,7.287693
3.84,7.287693
99.99,103.668335
300.0,297.28616
11.95,15.004449
5.98,6.32743
5.98,6.32743
11.95,15.012214
999.99,994.7814
11.99,15.376216
150.0,148.82901
14.95,17.933777
23.9,15.004449
14.95,17.981943
300.0,297.54474
11.99,15.26867
150.0,148.82901
150.0,148.82901
150.0,148.82901
150.0,148.82901
11.95,15.004449
2.99,6.3160267
3.84,7.287693
1700.0,1695.5613
300.0,296.2497
149.99,147.21011
99.99,103.9707
23.9,14.992779
1700.0,1705.959
300.0,296.88416
999.99,994.7814
150.0,148.69675
2.99,6.32743
149.99,147.19774
3.84,7.3181686
109.99,115.880714
1700.0,1695.6127
2.99,6.32743
389.99,386.11353
150.0,148.82901
150.0,148.82901
150.0,148.82901
109.99,116.34036
11.99,15.374248
150.0,148.82901
11.95,15.012214
5.98,6.32743
3.84,7.287693
11.99,15.26867
5.98,6.32743
14.95,18.030027
5.98,6.32743
11.99,15.26867
149.99,147.34627
3.84,7.3181686
600.0,596.5406
11.95,15.004449
99.99,103.620766
11.99,15.376216
11.95,15.004449
11.95,15.012214
3.84,7.3181686
150.0,148.69675
14.95,18.004467
700.0,696.45917
2.99,6.3160267
149.99,147.11284
600.0,596.5406
3.84,7.3099394
11.95,15.012214
700.0,696.45917
150.0,148.82901
389.99,386.31033
14.95,17.981943
379.99,376.44208
14.95,17.981943
14.95,17.981943
999.99,994.8964
3.84,7.287693
99.99,103.50367
99.99,103.99736
150.0,148.69675
150.0,148.82901
389.99,386.35214
11.99,15.376216
1700.0,1699.0679
1700.0,1695.629
379.99,375.89178
99.99,103.22943
2.99,6.32743
2.99,6.32743
149.99,147.34627
150.0,148.89484
3.84,7.287693
150.0,148.82901
5.98,6.32743
149.99,147.62923
11.99,15.376216
389.99,387.37653
600.0,596.5406
7.68,7.3181686
11.95,15.004449
14.95,18.030027
11.99,15.406947
389.99,385.92233
149.99,147.11284
5.98,6.32743
11.99,15.376216
999.99,994.7814
99.99,103.5217
11.99,15.374248
99.99,103.74796
2.99,6.32743
5.98,6.32743
99.99,104.032646
11.99,15.39894
99.99,103.28905
11.95,15.012214
1700.0,1695.5743
11.95,15.004449
389.99,386.23508
14.95,18.030027
2.99,6.32743
300.0,296.72018
150.0,148.67563
2.99,6.3160267
11.95,15.012214
150.0,148.82901
5.98,6.32743
23.98,15.406947
2.99,6.32743
99.99,103.28905
150.0,148.89484
2.99,6.32743
11.95,15.023435
14.95,17.981943
389.99,386.4695
389.99,386.07507
11.99,15.393273
14.95,17.981943
11.99,15.396972
14.95,17.933777
11.95,15.004449
150.0,148.69675
3.84,7.282076
700.0,696.70764
300.0,296.3207
149.99,147.11284
11.99,15.374248
14.95,17.933777
389.99,386.23508
2.99,6.32743
3.84,7.287693
14.95,17.933777
99.99,103.99456
8.97,6.32743
7.68,7.287693
11.95,14.963883
300.0,296.2397
14.95,17.981943
14.95,18.030027
150.0,148.82901
150.0,148.6165
14.95,17.933777
300.0,295.9436
11.95,15.004449
14.95,17.981943
11.5199995,7.287693
11.99,15.376216
700.0,696.45917
99.99,103.83741
99.99,103.934364
11.95,15.004449
999.99,994.7814
600.0,596.0359
14.95,17.981943
11.95,15.004449
99.99,103.527
99.99,103.78875
11.95,14.963883
109.99,116.26575
11.95,15.012214
14.95,18.030027
3.84,7.287693
389.99,386.35214
150.0,148.82901
11.95,15.004449
11.99,15.376216
7.68,7.287693
14.95,17.981943
150.0,148.82901
700.0,696.8847
2.99,6.32743
150.0,148.54337
11.95,15.012214
11.99,15.406947
150.0,148.89484
700.0,696.45917
14.95,18.030027
150.0,148.69675
389.99,386.09482
99.99,104.024155
109.99,115.880714
11.5199995,7.287693
2.99,6.32743
3.84,7.3181686
11.99,15.406947
700.0,696.62866
379.99,376.40332
700.0,696.45917
700.0,696.70764
99.99,103.424286
3.84,7.287693
3.84,7.287693
150.0,148.82901
2.99,6.32743
11.95,15.012214
150.0,148.82901
389.99,386.353
7.68,7.287693
99.99,104.38631
99.99,103.424286
11.95,15.004449
2.99,6.32743
11.95,14.962919
149.99,147.0903
700.0,696.70764
11.99,15.374248
11.95,15.004449
99.99,103.28905
3.84,7.3181686
5.98,6.32743
2.99,6.32743
14.95,17.981943
389.99,386.2449
700.0,696.45917
11.99,15.374248
700.0,696.70764
1700.0,1695.6401
2.99,6.32743
150.0,148.82901
2.99,6.32743
99.99,105.02847
149.99,147.15535
150.0,148.82901
5.98,6.32743
11.95,15.012214
150.0,148.88298
99.99,103.88673
2.99,6.32743
3.84,7.3181686
11.99,15.376216
11.95,15.004449
2.99,6.32743
700.0,696.45917
23.9,15.012214
7.68,7.287693
150.0,148.82901
14.95,18.030027
3.84,7.3181686
7.68,7.287693
11.99,15.376216
11.99,15.376216
11.95,15.004449
11.95,14.963883
99.99,103.8157
600.0,596.1739
11.95,14.970684
11.99,15.420968
109.99,116.031624
5.98,6.32743
99.99,103.28018
99.99,103.57149
11.95,14.9966135
1700.0,1695.6401
11.95,15.012214
149.99,147.15535
99.99,103.442314
379.99,375.89178
149.99,147.11284
700.0,696.70764
14.95,18.030027
389.99,386.43832
150.0,148.82901
150.0,148.89484
2.99,6.32743
14.95,17.981943
99.99,103.527
8.97,6.3160267
2.99,6.32743
150.0,148.89484
11.99,15.39894
99.99,104.09479
5.98,6.506794
14.95,17.981943
2.99,6.32743
3.84,7.287693
5.98,6.32743
2.99,6.3160267
11.5199995,7.3099394
11.95,14.9966135
11.95,15.012214
11.99,15.376216
2.99,6.32743
11.99,15.376216
5.98,6.32743
149.99,147.69244
600.0,585.26215
23.9,15.004449
300.0,296.09308
11.95,15.004449
3.84,7.3181686
999.99,994.7814
389.99,385.9542
1700.0,1695.6522
150.0,148.82901
14.95,18.004467
99.99,103.527
2.99,6.32743
2.99,6.32743
11.95,15.004449
3.84,7.287693
3.84,7.287693
8.97,6.32743
379.99,376.5651
14.95,17.933777
99.99,104.024155
999.99,1056.2393
2.99,6.32743
389.99,386.56204
109.99,116.462135
300.0,295.9378
149.99,147.34627
29.9,17.981943
379.99,376.40332
11.95,15.004449
109.99,116.031624
11.95,15.004449
99.99,103.8157
14.95,17.981943
149.99,147.11284
150.0,148.82901
300.0,296.34396
14.95,17.981943
11.99,15.406947
150.0,148.82901
379.99,376.09906
11.99,15.406947
379.99,376.403
99.99,103.85617
3.84,7.287693
11.99,15.376216
600.0,596.19214
14.95,17.981943
149.99,147.15523
150.0,148.6165
14.95,17.981943
99.99,103.65856
23.98,15.453925
389.99,386.2449
99.99,103.424286
3.84,7.287693
11.95,14.9966135
7.68,7.3181686
99.99,103.83741
99.99,103.85617
1700.0,1697.985
3.84,7.287693
99.99,104.0632
389.99,386.43832
5.98,6.32743
14.95,17.981943
109.99,116.274666
389.99,386.43832
600.0,586.73315
389.99,386.43832
11.95,14.962919
150.0,148.82901
11.99,15.374248
14.95,17.981943
99.99,104.02405
3.84,7.287693
300.0,297.22357
5.98,6.32743
300.0,296.0217
11.95,15.004449
400.0,392.40265
5.98,6.32743
14.95,17.981943
150.0,148.82901
600.0,595.96063
700.0,696.6241
99.99,103.23119
600.0,595.8439
2.99,6.3160267
99.99,104.047066
600.0,596.709
2.99,6.32743
150.0,148.69675
11.95,15.004449
150.0,148.69675
379.99,376.09906
11.99,15.1750145
3.84,7.287693
5.98,6.32743
109.99,115.95189
149.99,146.9776
109.99,116.34036
7.68,7.287693
14.95,17.981943
700.0,696.70764
3.84,7.3181686
400.0,392.40265
11.95,15.012214
150.0,148.75072
150.0,148.82901
11.95,15.012214
600.0,595.8439
14.95,17.933777
99.99,104.0632
149.99,147.34627
11.95,15.004449
3.84,7.287693
8.97,6.32743
379.99,376.4174
11.95,15.004449
3.84,7.287693
600.0,596.709
149.99,147.15535
99.99,103.83741
150.0,148.82901
14.95,17.981943
109.99,116.031624
150.0,148.69675
99.99,103.527
300.0,297.76996
23.9,15.004449
99.99,103.55503
3.84,7.3181686
5.98,6.32743
3.84,7.287693
29.9,17.981943
149.99,147.15535
2.99,6.32743
14.95,17.933777
23.98,15.376216
700.0,697.1036
389.99,386.24042
99.99,103.88673
1700.0,1696.1173
150.0,148.67563
150.0,148.82901
11.99,15.376216
11.95,15.004449
5.98,6.32743
7.68,7.287693
3.84,7.3181686
379.99,376.44208
700.0,696.70764
11.99,15.376216
11.99,15.26867
400.0,392.40265
379.99,376.09906
1700.0,1695.6522
14.95,17.933777
99.99,103.620766
379.99,376.40332
7.68,7.287693
99.99,103.424286
3.84,7.287693
14.95,17.933777
700.0,696.70764
2.99,6.32743
150.0,148.88298
14.95,18.004467
300.0,297.18478
11.95,15.031746
300.0,296.713
150.0,148.69675
3.84,7.287693
99.99,104.005394
14.95,17.981943
700.0,696.70764
150.0,148.82901
8.97,6.3160267
23.98,15.406947
99.99,103.9268
389.99,386.43832
8.97,6.32743
389.99,386.353
150.0,148.82901
389.99,386.65384
11.95,15.004449
99.99,103.245834
300.0,296.72626
300.0,296.3753
150.0,148.82901
8.97,6.32743
3.84,7.3181686
149.99,147.15523
5.98,6.32743
400.0,392.40265
99.99,103.83741
2.99,6.32743
999.99,994.7814
47.8,15.004449
150.0,148.82901
389.99,387.1554
11.95,15.004449
999.99,994.7814
379.99,376.18167
14.95,17.981943
14.95,17.981943
11.95,14.970684
14.95,17.981943
99.99,103.806854
999.99,994.7814
11.99,15.376216
3.84,7.287693
150.0,148.82901
150.0,148.82901
379.99,376.88144
11.95,15.004449
3.84,7.287693
14.95,17.981943
150.0,148.82901
149.99,146.86252
11.99,15.406947
600.0,596.0359
400.0,392.40265
99.99,103.79724
150.0,148.88298
149.99,147.11284
3.84,7.287693
999.99,994.7814
150.0,148.89484
389.99,386.4957
400.0,392.40265
389.99,386.43832
150.0,148.82901
14.95,17.981943
999.99,994.7814
700.0,696.70764
99.99,103.424286
149.99,147.11284
11.99,15.406947
14.95,17.981943
14.95,17.981943
2.99,6.32743
14.95,17.933777
14.95,17.981943
14.95,17.981943
149.99,147.15535
2.99,6.32743
5.98,6.32743
11.99,15.374248
150.0,148.69675
150.0,148.82901
11.99,15.406947
150.0,148.82901
150.0,148.82901
14.95,17.981943
11.95,15.004449
5.98,6.32743
150.0,148.82901
700.0,696.70764
7.68,7.287693
3.84,7.287693
2.99,6.32743
389.99,386.42328
700.0,696.70764
99.99,104.005394
150.0,148.89484
11.99,15.374248
11.99,15.23622
11.95,15.004449
2.99,6.32743
150.0,148.89484
300.0,296.88416
14.95,17.981943
600.0,595.8439
379.99,376.403
389.99,386.07486
999.99,994.7814
14.95,17.981943
2.99,6.32743
379.99,376.40332
600.0,595.8439
3.84,7.287693
2.99,6.3160267
14.95,17.981943
11.95,15.004449
700.0,696.6241
11.95,15.004449
300.0,296.2497
150.0,148.75072
11.95,15.012214
11.95,15.004449
700.0,696.8847
7.68,7.3181686
14.95,17.981943
389.99,386.09482
11.95,15.004449
11.95,15.012214
389.99,386.67395
11.99,15.406947
150.0,148.82901
389.99,386.43832
600.0,596.19214
1700.0,1695.6492
600.0,596.109
600.0,596.0359
379.99,376.44208
14.95,17.981943
149.99,146.93521
5.98,6.32743
14.95,6.32743
3.84,7.287693
11.96,6.32743
11.99,15.374248
11.99,15.406947
2.99,6.3160267
11.99,15.26867
14.95,17.981943
11.95,15.012214
11.95,15.004449
99.99,104.0632
379.99,376.40332
109.99,116.76497
3.84,7.287693
99.99,103.83741
11.95,15.004449
11.99,15.396972
1700.0,1695.3292
149.99,147.28122
3.84,7.287693
3.84,7.287693
11.99,15.406947
99.99,103.934364
11.99,15.396972
3.84,7.287693
23.9,15.012214
99.99,103.424286
3.84,7.3099394
3.84,7.287693
8.97,6.32743
3.84,7.287693
11.99,15.376216
11.99,15.406947
11.95,15.031199
379.99,376.40332
5.98,6.3160267
14.95,17.981943
700.0,696.70764
700.0,696.45917
150.0,148.82901
700.0,696.45917
11.95,15.004449
99.99,103.806854
7.68,7.287693
150.0,148.88298
7.68,7.287693
11.95,15.004449
11.5199995,7.2700386
11.99,15.39894
99.99,103.68212
11.95,15.023435
5.98,6.32743
389.99,386.67395
99.99,103.92633
11.99,15.23622
2.99,6.32743
2.99,6.32743
11.96,6.32743
11.99,15.376216
2.99,6.32743
150.0,148.9488
150.0,148.89484
700.0,696.70764
11.95,15.004449
11.95,15.012214
389.99,386.26007
5.98,6.32743
99.99,103.83741
2.99,6.3160267
300.0,299.38644
600.0,595.96063
14.95,17.981943
3.84,7.287693
14.95,17.981943
3.84,7.287693
600.0,595.8439
11.95,15.012214
11.99,15.406947
11.99,15.406947
600.0,596.19214
11.95,15.004449
400.0,392.40265
11.95,15.012214
11.95,14.962919
11.95,15.012214
3.84,7.287693
99.99,103.88673
2.99,6.32743
23.9,15.004449
2.99,6.32743
2.99,6.32743
99.99,103.83741
14.95,17.981943
150.0,148.82901
150.0,148.82901
11.99,15.374248
3.84,7.3181686
11.99,15.26867
11.99,15.376216
14.95,17.981943
11.95,15.004449
150.0,148.88298
379.99,375.89178
379.99,376.44208
8.97,6.32743
7.68,7.2700386
389.99,386.35245
700.0,696.8847
700.0,696.45917
3.84,7.3181686
1700.0,1695.3777
3.84,7.3099394
150.0,148.82901
2.99,6.32743
109.99,116.18341
2.99,6.32743
14.95,18.030027
379.99,376.44208
379.99,376.58472
11.99,15.374248
150.0,148.82901
14.95,17.981943
389.99,386.2449
1700.0,1696.1173
379.99,376.1029
300.0,296.24402
700.0,696.70764
2.99,6.32743
109.99,116.09013
2.99,6.32743
700.0,696.45917
3.84,7.287693
150.0,148.6165
2.99,6.32743
2.99,6.32743
389.99,386.09482
11.95,15.004449
11.99,15.519269
5.98,6.32743
11.95,15.012214
2.99,6.32743
14.95,17.933777
600.0,596.15265
2.99,6.32743
379.99,375.89178
99.99,103.620766
14.95,17.981943
389.99,386.35245
14.95,17.981943
11.99,15.374248
3.84,7.287693
11.95,15.012214
150.0,148.82901
11.95,15.023435
11.95,15.004449
11.95,15.004449
99.99,103.77663
5.98,6.32743
379.99,379.0916
150.0,148.82901
3.84,7.287693
300.0,295.80435
11.95,15.012214
3.84,7.287693
11.95,15.004449
379.99,377.6057
149.99,146.86252
379.99,376.37854
11.95,15.004449
2.99,6.3160267
11.95,15.012214
300.0,296.713
3.84,7.287693
150.0,148.82901
149.99,147.28122
150.0,148.69675
999.99,994.7814
300.0,296.24713
11.95,15.004449
999.99,1005.19037
3.84,7.3181686
11.95,15.004449
99.99,104.0632
14.95,17.981943
109.99,116.34036
379.99,376.40332
3.84,7.287693
11.99,15.374248
150.0,148.82901
300.0,296.33118
600.0,595.8439
11.95,15.004449
14.95,17.981943
99.99,103.65856
11.99,15.374248
150.0,148.89484
11.96,6.32743
11.99,15.376216
99.99,103.83741
99.99,103.7314
379.99,376.09906
7.68,7.287693
150.0,148.67563
11.99,15.374248
11.95,15.004449
150.0,148.89484
11.99,15.26867
99.99,103.97484
99.99,104.0632
2.99,6.32743
11.99,15.307935
2.99,6.32743
1700.0,1695.6401
14.95,17.981943
379.99,376.40332
99.99,104.0632
11.99,15.26867
29.9,18.004467
11.99,15.396972
11.95,15.023435
99.99,104.23364
2.99,6.32743
379.99,376.09906
2.99,6.32743
23.98,15.374248
14.95,17.981943
11.95,14.9966135
11.99,15.376216
150.0,148.82901
1700.0,1695.3777
2.99,6.32743
3.84,7.287693
600.0,596.0359
300.0,296.6731
700.0,696.45917
7.68,7.287693
1700.0,1696.1064
600.0,595.8439
11.99,15.376216
8.97,6.32743
149.99,147.19774
11.99,15.406947
600.0,596.19214
389.99,386.65384
11.99,15.307935
23.98,15.376216
11.99,15.406947
11.99,15.376216
149.99,147.56418
1700.0,1695.6401
11.95,15.004449
379.99,376.09906
14.95,17.981943
14.95,17.981943
29.9,17.981943
999.99,994.7814
7.68,7.2700386
23.9,14.9966135
109.99,116.26111
99.99,103.88673
1700.0,1695.6127
11.95,15.004449
700.0,696.70764
3.84,7.3099394
14.95,17.981943
150.0,148.67563
99.99,103.28905
3.84,7.287693
389.99,386.43832
300.0,296.33118
14.95,17.981943
1700.0,1695.4037
11.99,15.376216
3.84,7.287693
2.99,6.32743
389.99,386.2449
14.95,17.981943
14.95,17.981943
2.99,6.32743
29.9,17.981943
150.0,148.82901
3.84,7.287693
149.99,147.11284
99.99,103.94426
11.99,15.26867
300.0,297.76996
11.95,15.004449
2.99,6.32743
600.0,602.9915
11.96,6.32743
11.95,15.031746
7.68,7.287693
11.99,15.376216
14.95,6.3160267
11.95,14.962919
600.0,586.73315
11.99,15.374248
14.95,17.981943
11.95,15.004449
150.0,148.82901
11.99,15.374248
11.99,15.307935
150.0,148.82901
2.99,6.32743
999.99,994.7814
23.98,15.330659
99.99,103.97484
14.95,18.004467
14.95,17.933777
3.84,7.2700386
11.95,15.012214
3.84,7.287693
150.0,148.82901
3.84,7.287693
11.5199995,7.287693
99.99,103.65856
300.0,296.22922
389.99,386.0497
3.84,7.287693
2.99,6.32743
150.0,148.82901
700.0,697.1036
11.95,14.962919
2.99,6.32743
11.95,15.012214
11.99,15.393273
11.99,15.376216
379.99,376.09906
99.99,103.55503
29.9,17.981943
99.99,103.55503
600.0,595.8439
389.99,386.43832
11.5199995,7.287693
99.99,103.606384
2.99,6.32743
3.84,7.287693
14.95,18.030027
14.95,17.933777
379.99,376.74603
15.36,7.3181686
150.0,148.82901
11.95,15.012214
99.99,103.7314
109.99,116.192635
99.99,104.62093
11.95,15.031199
8.97,6.32743
14.95,17.981943
700.0,696.45917
11.99,15.406947
300.0,296.35812
14.95,18.004467
149.99,147.15535
300.0,296.49805
150.0,148.82901
99.99,103.76638
11.95,15.004449
11.95,15.004449
3.84,7.287693
3.84,7.287693
11.99,15.26867
14.95,17.981943
150.0,148.48424
99.99,104.005394
2.99,6.32743
150.0,148.88298
600.0,595.96063
389.99,386.02106
14.95,17.981943
11.95,15.004449
99.99,103.78875
5.98,6.32743
99.99,103.83741
3.84,7.287693
23.9,15.012214
2.99,6.32743
300.0,295.4771
149.99,147.21011
3.84,7.287693
1700.0,1695.4037
14.95,17.981943
11.99,15.376216
1400.0,696.45917
14.95,17.981943
2.99,6.32743
14.95,18.030027
3.84,7.3099394
29.9,17.981943
11.95,15.012214
600.0,602.9915
8.97,6.32743
2.99,6.32743
3.84,7.287693
99.99,103.83741
389.99,386.2449
11.95,15.004449
99.99,103.82594
2.99,6.32743
8.97,6.32743
999.99,994.7814
400.0,392.40265
2.99,6.32743
11.99,15.307935
14.95,17.981943
2.99,6.32743
11.99,15.307935
35.85,15.01465
3.84,7.287693
3.84,7.3181686
150.0,148.67563
600.0,585.26215
11.95,14.963883
11.99,15.376216
11.99,15.406947
11.95,15.004449
14.95,17.981943
3.84,7.287693
700.0,696.70764
379.99,376.18167
11.95,15.012214
2.99,6.32743
99.99,103.43608
2.99,6.32743
11.95,15.004449
3.84,7.287693
700.0,696.45917
11.99,15.26867
11.99,15.39894
999.99,994.7814
14.95,17.981943
7.68,7.287693
300.0,296.2397
7.68,7.287693
150.0,148.82901
99.99,103.35191
700.0,696.45917
14.95,17.981943
999.99,994.8964
3.84,7.287693
3.84,7.287693
99.99,103.76638
109.99,115.90097
5.98,6.32743
14.95,17.981943
14.95,17.981943
11.99,15.376216
3.84,7.287693
2.99,6.32743
8.97,6.3160267
11.95,15.004449
2.99,6.32743
11.95,15.004449
999.99,994.7814
5.98,6.32743
5.98,6.32743
7.68,7.3181686
3.84,7.287693
150.0,148.69675
2.99,6.32743
5.98,6.32743
14.95,17.981943
5.98,6.32743
150.0,148.69675
2.99,6.32743
3.84,7.287693
379.99,376.40332
1700.0,1695.6522
150.0,148.82901
299.98,147.15535
1700.0,1697.985
99.99,103.78875
2.99,6.32743
2.99,6.32743
11.95,15.012214
99.99,103.83741
11.99,15.406947
149.99,147.30376
600.0,595.9819
11.95,15.004449
11.99,15.374248
11.95,15.004449
14.95,17.981943
5.98,6.32743
109.99,115.974396
11.95,15.006886
11.95,15.004449
2.99,6.32743
3.84,7.287693
379.99,376.18167
3.84,7.287693
149.99,146.82
150.0,148.82901
11.95,15.004449
109.99,116.192635
3.84,7.3181686
2.99,6.32743
99.99,103.245834
389.99,386.35645
99.99,103.806854
400.0,392.40265
99.99,104.16261
2.99,6.32743
3.84,7.2700386
3.84,7.287693
11.95,15.004449
109.99,115.880714
150.0,148.82901
400.0,392.40265
11.99,15.453925
5.98,6.32743
11.5199995,7.287693
14.95,18.055319
2.99,6.3160267
150.0,148.88298
1700.0,1696.1173
300.0,296.2397
300.0,296.713
149.99,146.72758
14.95,17.981943
1700.0,1699.6108
5.98,6.32743
11.99,15.406947
300.0,296.3207
7.68,7.287693
400.0,392.5175
149.99,147.19774
700.0,696.45917
11.99,15.23622
150.0,148.82901
11.95,15.004449
5.98,6.32743
3.84,7.287693
600.0,585.26215
11.99,15.26867
700.0,696.70764
29.9,17.933777
14.95,18.004467
150.0,148.82901
3.84,7.287693
99.99,103.510704
11.99,15.376216
400.0,392.40265
149.99,147.30376
2.99,6.32743
11.95,15.012214
11.99,15.406947
149.99,147.15523
150.0,148.82901
7.68,7.287693
2.99,6.32743
11.5199995,7.287693
300.0,296.713
11.95,15.004449
23.9,15.012214
379.99,376.40332
300.0,297.28616
8.97,6.32743
109.99,116.34036
3.84,7.2700386
11.95,15.004449
11.95,15.004449
999.99,994.7814
11.99,15.406947
11.95,15.004449
5.98,6.32743
5.98,6.32743
11.99,15.406947
3.84,7.287693
3.84,7.287693
150.0,148.67563
379.99,376.4174
700.0,696.62866
2.99,6.32743
389.99,386.17462
150.0,148.88298
150.0,148.82901
3.84,7.287693
3.84,7.3099394
149.99,147.11284
11.99,15.376216
2.99,6.32743
14.95,17.981943
700.0,697.1036
150.0,148.9488
14.95,17.981943
3.84,7.287693
11.95,15.023435
3.84,7.287693
14.95,17.933777
11.99,15.376216
14.95,17.981943
23.98,15.374248
14.95,17.981943
23.9,15.004449
11.95,15.004449
99.99,103.424286
379.99,376.40332
150.0,148.82901
5.98,6.32743
600.0,596.5406
99.99,103.806854
14.95,17.981943
150.0,148.89484
150.0,148.82901
99.99,103.566826
99.99,103.49425
11.95,15.004449
149.99,146.9049
149.99,147.19774
700.0,696.70764
700.0,696.4546
389.99,386.42328
3.84,7.287693
149.99,146.86252
11.95,15.004449
14.95,17.981943
11.95,14.970684
11.99,15.376216
7.68,7.287693
109.99,116.192635
11.95,15.004449
379.99,375.89178
11.99,15.376216
150.0,148.82901
11.95,15.004449
14.95,18.030027
379.99,376.44208
14.95,17.981943
109.99,116.462135
389.99,386.353
11.95,15.004449
14.95,17.981943
14.95,17.933777
149.99,146.86252
3.84,7.287693
149.99,147.0903
2.99,6.32743
389.99,387.03302
11.99,15.307935
1700.0,1708.6357
379.99,376.09906
14.95,17.981943
11.99,15.406947
14.95,17.981943
99.99,103.49425
3.84,7.287693
11.95,15.004449
11.99,15.23622
379.99,376.11343
600.0,595.9819
3.84,7.287693
600.0,585.26215
300.0,297.28616
2.99,6.32743
379.99,376.403
99.99,103.424286
11.95,15.004449
11.95,15.004449
600.0,595.96063
11.95,15.004449
149.99,147.11284
14.95,17.981943
300.0,295.53613
99.99,103.50367
14.95,17.981943
14.95,17.981943
7.68,7.287693
7.68,7.287693
150.0,148.88298
600.0,596.109
600.0,595.8439
5.98,6.32743
11.95,15.004449
150.0,148.88298
150.0,148.82901
149.99,147.34627
2.99,6.32743
999.99,994.7814
150.0,148.82901
150.0,148.82901
150.0,148.69675
8.97,6.32743
300.0,296.24402
23.9,15.004449
400.0,392.5175
11.99,15.26867
150.0,148.82901
11.99,15.374248
99.99,104.23364
3.84,7.287693
3.84,7.287693
11.99,15.374248
11.99,15.307935
379.99,376.09906
11.95,15.004449
2.99,6.32743
150.0,148.88298
11.95,15.004449
14.95,17.933777
389.99,386.2449
11.95,14.9966135
1700.0,1696.1173
29.9,18.030027
14.95,17.981943
14.95,17.981943
11.99,15.1750145
149.99,147.11284
389.99,386.17462
99.99,103.424286
11.99,15.519269
11.95,15.004449
3.84,7.287693
149.99,147.11284
300.0,296.53696
11.95,15.004449
389.99,387.0941
99.99,103.620766
99.99,103.424286
379.99,376.44208
14.95,17.981943
109.99,116.15235
11.95,15.012214
3.84,7.287693
11.95,14.962919
3.84,7.287693
11.99,15.374248
3.84,7.282076
11.99,15.1750145
14.95,17.981943
150.0,148.82901
11.95,15.012214
11.99,15.376216
99.99,103.22943
3.84,7.287693
11.95,15.004449
2.99,6.32743
14.95,17.981943
700.0,696.8847
11.95,15.012214
2.99,6.32743
3.84,7.287693
379.99,376.41882
11.99,15.406947
14.95,17.981943
11.99,15.376216
2.99,6.32743
150.0,148.82901
11.99,15.376216
11.95,14.962919
150.0,148.82901
11.99,15.393273
150.0,148.69675
11.95,15.004449
11.95,14.962919
99.99,103.99217
11.5199995,7.287693
389.99,386.2449
3.84,7.287693
700.0,696.62866
5.98,6.32743
2.99,6.3160267
150.0,148.69675
150.0,148.89484
11.95,15.012214
11.95,15.012214
7.68,7.287693
379.99,376.4174
11.99,15.406947
150.0,148.82901
99.99,103.606384
2.99,6.32743
389.99,386.43832
11.95,15.012214
2.99,6.32743
379.99,376.11343
23.9,15.004449
11.99,15.376216
3.84,7.287693
149.99,146.76997
99.99,103.424286
379.99,376.09906
7.68,7.287693
14.95,17.981943
11.95,15.004449
3.84,7.2700386
150.0,148.67563
600.0,596.109
11.99,15.374248
150.0,148.82901
379.99,376.18167
11.95,15.012214
600.0,597.2137
150.0,148.82901
99.99,103.8157
389.99,386.09482
99.99,106.30069
700.0,696.45917
379.99,376.40332
11.95,15.004449
11.95,15.004449
2.99,6.32743
23.98,15.376216
11.95,15.004449
389.99,386.1869
150.0,148.82901
11.99,15.406947
3.84,7.287693
700.0,696.45917
3.84,7.287693
2.99,6.32743
14.95,17.981943
2.99,6.32743
2.99,6.32743
14.95,17.981943
11.95,15.004449
150.0,148.82901
149.99,147.34627
11.95,14.962919
11.95,15.004449
11.99,15.39894
8.97,6.3160267
2.99,6.32743
300.0,296.22922
3.84,7.2700386
2.99,6.32743
5.98,6.32743
379.99,376.40332
1700.0,1695.6522
1700.0,1709.7152
14.95,17.981943
3.84,7.3181686
11.99,15.376216
14.95,17.981943
3.84,7.2700386
2.99,6.32743
150.0,148.67563
300.0,296.46152
11.95,15.004449
11.99,15.406947
7.68,7.3181686
150.0,148.82901
109.99,116.09512
150.0,148.67563
600.0,586.73315
150.0,148.69675
389.99,387.1554
999.99,994.7814
5.98,6.32743
379.99,376.1029
11.95,15.004449
1700.0,1695.6492
11.99,15.26867
379.99,376.09906
11.95,15.004449
400.0,392.40265
379.99,376.09906
2.99,6.32743
11.99,15.376216
14.95,17.981943
14.95,17.981943
11.95,15.01465
3.84,7.2700386
11.95,14.9966135
150.0,148.88298
300.0,296.15152
379.99,376.5651
11.99,15.374248
3.84,7.282076
11.95,15.004449
150.0,148.82901
8.97,6.32743
3.84,7.287693
150.0,148.82901
600.0,586.73315
11.95,15.012214
300.0,296.22922
8.97,6.32743
99.99,103.811646
379.99,376.09906
11.99,15.26867
3.84,7.287693
11.95,15.004449
7.68,7.287693
300.0,297.22357
150.0,148.7296
150.0,148.82901
8.97,6.32743
14.95,6.32743
2.99,6.32743
2.99,6.32743
400.0,392.5175
14.95,17.981943
11.95,15.012214
3.84,7.282076
3.84,7.287693
11.5199995,7.287693
99.99,105.21419
14.95,18.004467
11.95,14.9488125
99.99,103.424286
2.99,6.32743
99.99,103.8157
14.95,17.981943
99.99,103.83741
150.0,148.82901
99.99,103.694984
11.99,15.376216
2.99,6.32743
150.0,148.82901
14.95,17.981943
300.0,295.9541
150.0,148.82901
379.99,376.5651
389.99,386.35245
3.84,7.287693
2.99,6.32743
600.0,596.0359
11.95,15.004449
150.0,148.89484
700.0,696.45917
389.99,386.43832
14.95,17.981943
400.0,391.7063
11.99,15.26867
700.0,696.4546
99.99,103.424286
2.99,6.3160267
11.95,15.004449
700.0,696.45917
2.99,6.32743
11.99,15.393273
99.99,103.8157
2.99,6.32743
600.0,586.73315
600.0,595.8439
3.84,7.282076
1700.0,1695.6522
999.99,994.7814
99.99,103.43608
14.95,17.981943
999.99,994.7814
149.99,147.11284
11.95,15.004449
99.99,103.22943
999.99,994.7814
3.84,7.3181686
149.99,147.11284
389.99,386.35245
11.96,6.32743
3.84,7.3181686
600.0,596.0359
150.0,148.82901
11.99,15.376216
11.95,14.962919
389.99,386.42328
379.99,376.34326
5.98,6.32743
149.99,147.15523
400.0,392.40265
11.99,15.406947
14.95,17.981943
149.99,147.28122
150.0,148.88298
379.99,376.40332
700.0,696.70764
700.0,696.70764
150.0,148.69675
11.99,15.393273
3.84,7.287693
2.99,6.32743
1700.0,1696.1173
99.99,104.11893
99.99,103.88673
2.99,6.32743
99.99,103.99736
14.95,17.981943
14.95,17.981943
11.95,15.004449
600.0,596.709
600.0,586.73315
11.95,14.963883
11.99,15.374248
600.0,585.26215
11.99,15.376216
2.99,6.3160267
600.0,596.5406
99.99,103.76638
14.95,17.981943
11.99,15.374248
14.95,17.981943
999.99,994.7814
14.95,17.981943
150.0,148.7296
379.99,376.09906
150.0,148.82901
11.99,15.376216
8.97,6.32743
14.95,17.981943
11.95,15.004449
400.0,392.40265
7.68,7.287693
389.99,386.09482
11.99,15.376216
14.95,17.981943
11.99,15.406947
2.99,6.506794
150.0,148.82901
600.0,596.5406
3.84,7.287693
99.99,103.9268
1700.0,1695.3777
700.0,696.45917
600.0,596.109
11.95,15.012214
7.68,7.2700386
379.99,376.44208
149.99,147.15523
389.99,386.36197
600.0,585.26215
109.99,116.192635
7.68,7.2700386
150.0,148.67563
2.99,6.32743
14.95,17.981943
11.95,15.004449
11.99,15.376216
600.0,596.0359
11.95,14.9488125
8.97,6.3160267
2.99,6.506794
14.95,17.933777
2.99,6.506794
14.95,17.981943
3.84,7.287693
11.95,15.012214
5.98,6.32743
389.99,386.15256
600.0,596.15265
8.97,6.32743
150.0,148.89484
11.95,15.004449
2.99,6.32743
11.99,15.406947
11.99,15.374248
300.0,295.4771
109.99,116.26232
11.95,14.992779
2.99,6.32743
11.95,15.004449
7.68,7.287693
3.84,7.282076
2.99,6.32743
379.99,379.57837
11.95,15.012214
99.99,103.424286
11.95,15.012214
11.99,15.26867
109.99,116.283134
3.84,7.287693
8.97,6.32743
3.84,7.287693
600.0,595.9819
14.95,17.981943
379.99,376.40332
2.99,6.3160267
300.0,296.22922
14.95,17.981943
3.84,7.3181686
11.5199995,7.287693
3.84,7.3181686
149.99,146.9185
11.95,14.963883
2.99,6.3160267
149.99,147.11284
14.95,18.030027
8.97,6.32743
150.0,148.82901
389.99,386.07935
3.84,7.3181686
999.99,994.7814
2.99,6.32743
600.0,596.0359
11.95,15.004449
11.95,14.962919
2.99,6.32743
149.99,147.0903
11.99,15.39894
11.99,15.406947
14.95,18.004467
14.95,17.981943
11.99,15.374248
11.99,15.488538
379.99,376.09906
2.99,6.32743
3.84,7.2700386
3.84,7.287693
379.99,377.6057
11.99,15.374248
379.99,376.58472
600.0,596.0359
99.99,103.99217
600.0,585.26215
109.99,116.34036
7.68,7.287693
389.99,386.15256
14.95,17.981943
150.0,148.67563
11.95,15.004449
11.95,15.004449
11.95,15.006886
14.95,18.004467
14.95,17.981943
300.0,296.1356
23.98,15.39894
7.68,7.2700386
3.84,7.287693
5.98,6.32743
11.95,15.004449
3.84,7.287693
2.99,6.32743
99.99,103.88673
11.99,15.376216
300.0,297.61258
14.95,17.981943
2.99,6.32743
8.97,6.32743
11.99,15.307935
2.99,6.32743
300.0,296.3335
99.99,103.83741
14.95,18.004467
149.99,147.11284
2.99,6.32743
14.95,17.981943
7.68,7.287693
379.99,376.09906
1700.0,1694.8447
11.99,15.429671
149.99,147.11284
11.99,15.406947
150.0,148.82901
14.95,17.981943
11.95,14.9488125
11.99,15.376216
99.99,103.527
11.95,15.004449
300.0,297.07864
150.0,148.82901
999.99,994.7814
3.84,7.3181686
11.99,15.23622
11.95,15.004449
300.0,296.11356
150.0,148.89484
149.99,147.30376
700.0,697.1036
150.0,148.82901
379.99,376.09906
109.99,116.031624
99.99,103.28905
11.5199995,7.287693
14.95,17.981943
400.0,392.40265
14.95,17.981943
3.84,7.287693
14.95,17.981943
379.99,377.26263
29.9,17.981943
3.84,7.287693
11.99,15.376216
109.99,116.411575
600.0,596.19214
11.99,15.406947
150.0,148.82901
379.99,376.44208
389.99,386.17462
149.99,147.15535
3.84,7.287693
600.0,596.15265
11.95,15.004449
99.99,103.70015
3.84,7.287693
99.99,103.43608
150.0,148.9488
5.98,6.32743
3.84,7.287693
389.99,386.02106
14.95,18.004467
999.99,994.7814
1700.0,1695.6522
379.99,376.11343
700.0,696.45917
389.99,386.23508
300.0,298.32
14.95,17.981943
5.98,6.32743
3.84,7.287693
2.99,6.32743
300.0,298.32
11.95,15.012214
300.0,296.35812
150.0,148.89484
700.0,696.45917
11.95,15.012214
14.95,18.030027
2.99,6.32743
11.99,15.374248
700.0,696.70764
11.95,15.004449
2.99,6.32743
600.0,586.73315
149.99,147.15535
389.99,386.11353
11.99,15.406947
11.95,15.004449
300.0,295.9899
379.99,376.37854
389.99,386.17462
11.99,15.406947
600.0,595.8439
11.95,14.963883
11.95,15.004449
99.99,103.806854
1700.0,1696.016
11.95,15.004449
14.95,17.981943
389.99,386.15256
600.0,596.15265
150.0,148.9488
2.99,6.32743
600.0,595.8439
11.95,15.004449
1700.0,1698.9346
3.84,7.287693
7.68,7.3181686
11.99,15.406947
600.0,596.0359
2.99,6.32743
99.99,103.79724
14.95,17.981943
11.95,15.012214
8.97,6.32743
600.0,595.9819
99.99,103.527
11.95,15.012214
11.99,15.376216
11.99,15.396972
2.99,6.32743
109.99,115.76435
3.84,7.287693
150.0,148.82901
600.0,596.0359
14.95,17.981943
23.9,14.963883
300.0,295.4771
2.99,6.3160267
149.99,147.15535
149.99,147.28122
150.0,148.88298
5.98,6.32743
3.84,7.287693
8.97,6.32743
11.95,15.004449
23.9,15.012214
2.99,6.32743
109.99,116.23186
11.99,15.406947
150.0,148.82901
14.95,17.981943
3.84,7.287693
14.95,17.981943
389.99,386.11353
99.99,103.83741
700.0,696.70764
11.95,14.962919
1700.0,1695.6522
3.84,7.3099394
3.84,7.287693
99.99,103.79724
149.99,147.19774
700.0,696.8801
389.99,387.12982
149.99,147.19774
149.99,147.15523
150.0,148.89484
300.0,296.92328
14.95,17.981943
600.0,596.5406
23.98,15.39894
11.99,15.374248
150.0,148.82901
150.0,148.82901
11.96,6.32743
2.99,6.32743
5.98,6.32743
379.99,382.3056
99.99,104.23364
700.0,696.70764
389.99,386.4695
150.0,148.67563
1700.0,1695.5743
109.99,116.032906
2.99,6.32743
23.98,15.406947
1700.0,1695.4037
150.0,148.82901
11.95,15.004449
99.99,103.99736
2.99,6.32743
2.99,6.3160267
11.95,15.004449
2.99,6.32743
11.99,15.406947
11.95,15.004449
2.99,6.32743
99.99,103.50367
2.99,6.32743
2.99,6.32743
99.99,103.527
99.99,103.424286
2.99,6.32743
2.99,6.32743
700.0,697.1036
300.0,295.80435
150.0,148.6165
700.0,696.62866
379.99,376.09906
2.99,6.32743
7.68,7.3181686
11.99,15.374248
999.99,994.7814
2.99,6.32743
99.99,104.0632
23.98,15.26867
600.0,596.0359
700.0,696.45917
14.95,17.981943
150.0,148.82901
99.99,103.694984
149.99,147.15535
11.95,15.004449
14.95,17.981943
149.99,147.11284
11.99,15.406947
600.0,596.0359
1700.0,1695.3292
1700.0,1695.6414
379.99,376.18167
14.95,17.933777
11.95,15.004449
700.0,696.45917
600.0,596.0359
600.0,596.15265
11.95,15.012214
11.95,14.9966135
3.84,7.3181686
29.9,17.981943
700.0,696.45917
11.99,15.376216
11.99,15.406947
11.95,15.004449
600.0,596.19214
11.99,15.406947
11.95,14.963883
11.95,15.004449
5.98,6.3160267
3.84,7.3181686
999.99,994.7814
99.99,103.806854
2.99,6.32743
999.99,994.7814
1700.0,1695.6401
14.95,17.981943
150.0,148.82901
149.99,147.11284
99.99,104.0632
99.99,104.16261
11.5199995,7.287693
1700.0,1698.9241
14.95,17.981943
389.99,386.2449
109.99,116.36848
11.95,14.9966135
300.0,296.10355
379.99,376.09906
379.99,376.09906
11.95,15.004449
14.95,17.933777
109.99,116.34036
14.95,17.981943
3.84,7.3181686
379.99,376.44208
14.95,17.981943
3.84,7.287693
779.98,386.2449
600.0,595.8439
11.95,15.004449
11.95,15.004449
1700.0,1695.5743
11.95,14.970684
2.99,6.32743
600.0,596.847
14.95,17.933777
99.99,103.88673
700.0,696.62866
3.84,7.287693
150.0,148.82901
11.95,15.004449
11.95,15.012214
99.99,103.28905
150.0,148.82901
700.0,696.70764
11.95,15.012214
109.99,116.09512
379.99,376.74603
150.0,148.82901
389.99,386.17462
29.9,17.981943
7.68,7.287693
11.99,15.374248
150.0,148.82901
11.99,15.406947
150.0,148.67563
109.99,116.46722
14.95,17.981943
149.99,147.15535
7.68,7.287693
99.99,103.8157
14.95,17.981943
150.0,149.19907
11.99,15.406947
11.95,15.004449
700.0,696.70764
14.95,18.004467
23.9,15.004449
300.0,296.4624
7.68,7.287693
14.95,18.030027
999.99,994.7814
3.84,7.287693
11.99,15.406947
11.95,15.006886
11.99,15.374248
99.99,103.75491
99.99,103.8157
700.0,696.45917
99.99,104.02405
11.99,15.376216
11.99,15.406947
999.99,994.7814
2.99,6.32743
150.0,148.88298
11.99,15.26867
150.0,148.82901
99.99,103.30144
11.99,15.376216
2.99,6.32743
150.0,148.69675
700.0,696.45917
700.0,696.45917
14.95,17.981943
379.99,376.09906
99.99,103.57149
700.0,696.70764
379.99,376.18167
379.99,377.243
600.0,596.109
3.84,7.287693
3.84,7.287693
150.0,148.89484
379.99,376.09906
300.0,295.8463
23.9,15.004449
11.99,15.376216
109.99,116.19889
11.99,15.396972
8.97,6.32743
11.95,15.004449
150.0,148.88298
14.95,17.981943
11.95,14.963883
29.9,18.034414
2.99,6.32743
3.84,7.287693
2.99,6.32743
14.95,17.981943
149.99,147.11284
2.99,6.32743
3.84,7.2700386
2.99,6.32743
11.95,15.012214
11.99,15.374248
150.0,148.82901
150.0,148.59734
3.84,7.287693
14.95,17.981943
11.99,15.376216
1700.0,1695.6414
11.99,15.26867
11.95,15.012214
3.84,7.287693
3.84,7.3181686
700.0,696.70764
14.95,17.981943
400.0,392.5175
11.99,15.376216
2.99,6.32743
379.99,376.88144
14.95,17.981943
5.98,6.32743
400.0,392.40265
3.84,7.287693
23.9,15.004449
23.9,15.012214
11.95,14.9488125
11.95,15.004449
99.99,104.032646
700.0,696.62866
400.0,392.5175
11.99,15.376216
99.99,103.9268
3.84,7.287693
11.95,15.004449
23.98,15.406947
7.68,7.287693
5.98,6.506794
2.99,6.32743
11.95,15.023435
1700.0,1695.6401
11.99,15.374248
11.99,15.307935
99.99,103.85617
300.0,296.2397
3.84,7.287693
11.95,14.963883
14.95,17.981943
11.95,15.004449
999.99,994.7814
5.98,6.32743
99.99,103.88673
99.99,103.98368
999.99,994.7814
11.95,15.012214
14.95,17.933777
600.0,586.73315
700.0,696.45917
14.95,17.981943
2.99,6.32743
300.0,296.15152
379.99,377.1137
400.0,392.5175
3.84,7.287693
11.99,15.307935
11.95,14.962919
11.99,15.374248
389.99,386.24042
2.99,6.3160267
2.99,6.32743
5.98,6.32743
3.84,7.287693
99.99,103.55998
3.84,7.287693
150.0,148.75072
150.0,148.82901
400.0,392.5175
150.0,148.82901
99.99,103.76638
15.36,7.287693
600.0,595.96063
99.99,104.91246
149.99,147.30376
99.99,103.934364
150.0,148.82901
11.95,15.004449
150.0,148.82901
11.95,15.012214
1700.0,1695.6522
11.99,15.374248
11.99,15.429671
2.99,6.32743
11.95,15.023435
379.99,376.40332
149.99,147.11284
11.99,15.406947
14.95,17.981943
11.95,15.012214
11.95,15.004449
300.0,297.76996
379.99,376.09906
150.0,148.82901
600.0,596.109
600.0,595.8439
3.84,7.287693
700.0,696.70764
3.84,7.287693
23.9,15.004449
23.98,15.406947
1700.0,1695.6522
29.9,17.981943
300.0,296.35812
11.95,14.9966135
99.99,103.89625
149.99,147.21011
11.99,15.393273
3.84,7.287693
14.95,17.981943
999.99,994.7814
5.98,6.32743
14.95,17.981943
150.0,148.89484
99.99,103.634415
150.0,148.82901
11.99,15.406947
11.95,15.004449
1700.0,1695.6401
11.99,15.307935
14.95,18.030027
5.98,6.32743
11.95,15.004449
600.0,596.19214
150.0,148.88298
2.99,6.32743
150.0,148.82901
11.95,15.012214
14.95,17.981943
700.0,696.45917
3.84,7.2700386
99.99,103.99736
389.99,387.19827
11.95,15.012214
150.0,148.82901
99.99,103.68212
150.0,148.82901
600.0,596.109
14.95,17.981943
29.9,17.981943
11.95,15.004449
11.95,15.004449
3.84,7.287693
700.0,696.45917
150.0,148.82901
150.0,148.69675
11.99,15.406947
3.84,7.3099394
109.99,116.462135
149.99,147.34627
99.99,103.83741
11.95,15.004449
150.0,148.69675
11.95,15.031199
3.84,7.287693
379.99,376.09906
5.98,6.506794
379.99,377.73404
11.99,15.406947
379.99,377.73404
7.68,7.287693
11.95,15.012214
14.95,17.981943
5.98,6.32743
3.84,7.287693
14.95,18.004467
149.99,147.11284
389.99,386.07935
11.95,15.004449
389.99,386.1869
600.0,596.109
2.99,6.32743
150.0,148.82901
700.0,696.6241
2.99,6.32743
150.0,148.89484
149.99,147.11284
149.99,147.11284
600.0,596.0359
3.84,7.287693
379.99,376.44208
11.95,15.004449
14.95,17.981943
379.99,376.09906
379.99,376.40332
149.99,147.0903
700.0,696.62866
14.95,17.981943
11.99,15.307935
11.99,15.23622
700.0,697.1036
99.99,103.88673
5.98,6.506794
7.68,7.287693
99.99,103.76638
150.0,148.82901
109.99,116.26111
11.5199995,7.287693
1700.0,1695.6522
11.99,15.1750145
14.95,17.981943
11.95,15.004449
14.95,17.981943
109.99,116.388
14.95,17.981943
2.99,6.32743
109.99,116.37561
2.99,6.32743
149.99,146.9049
3.84,7.287693
11.95,14.9966135
11.95,15.004449
99.99,103.606384
600.0,595.8439
99.99,104.62093
99.99,103.806854
8.97,6.32743
300.0,297.15002
14.95,17.981943
11.99,15.406947
14.95,17.981943
3.84,7.287693
150.0,148.82901
150.0,148.75072
999.99,994.7814
150.0,148.89484
23.98,15.374248
150.0,148.82901
5.98,6.32743
379.99,376.40332
150.0,148.88298
150.0,148.82901
3.84,7.287693
149.99,148.04651
2.99,6.32743
11.99,15.406947
3.84,7.2700386
379.99,376.09906
14.95,17.981943
150.0,148.82901
2.99,6.32743
99.99,103.806854
389.99,387.1554
700.0,697.1036
150.0,148.69675
99.99,104.0632
300.0,295.56308
150.0,148.82901
99.99,103.83741
150.0,148.82901
150.0,148.82901
150.0,148.88298
11.95,15.004449
99.99,103.33066
3.84,7.2700386
999.99,994.7814
14.95,17.981943
11.99,15.406947
999.99,994.7814
379.99,376.18167
11.99,15.376216
379.99,377.55252
15.36,7.287693
600.0,585.26215
3.84,7.287693
14.95,17.981943
999.99,994.7814
150.0,148.82901
99.99,103.7314
14.95,17.981943
14.95,17.981943
99.99,103.761986
300.0,296.35812
300.0,297.0439
3.84,7.287693
700.0,696.6241
14.95,17.981943
300.0,296.22922
11.99,15.26867
999.99,994.7814
11.99,15.376216
150.0,148.67563
150.0,148.69675
389.99,386.28217
99.99,103.806854
11.99,15.376216
11.99,15.423194
99.99,103.78875
99.99,103.75491
14.95,17.981943
700.0,697.1036
7.68,7.3181686
29.9,17.981943
3.84,7.3099394
11.5199995,7.287693
379.99,376.11343
11.95,15.004449
1700.0,1695.6414
7.68,7.287693
1700.0,1695.6522
11.95,15.012214
11.95,15.023435
14.95,17.981943
379.99,376.18167
379.99,376.8746
23.9,15.012214
11.95,15.012214
7.68,7.2700386
14.95,17.981943
3.84,7.287693
14.95,17.981943
3.84,7.287693
3.84,7.287693
109.99,116.09512
14.95,17.981943
3.84,7.3181686
14.95,17.981943
109.99,116.01489
14.95,18.004467
99.99,103.55503
109.99,115.90097
700.0,696.70764
379.99,376.88144
2.99,6.32743
600.0,596.5406
14.95,17.981943
99.99,103.527
2.99,6.32743
600.0,585.26215
11.95,15.023435
14.95,17.981943
1700.0,1695.6522
150.0,148.88298
379.99,375.89178
99.99,103.99217
11.95,15.031199
14.95,17.981943
7.68,7.3181686
11.95,15.004449
3.84,7.287693
3.84,7.3181686
99.99,103.83741
150.0,148.88298
23.9,15.012214
3.84,7.3181686
5.98,6.32743
600.0,596.0359
149.99,147.15523
3.84,7.287693
11.95,15.004449
5.98,6.32743
700.0,696.45917
8.97,6.32743
2.99,6.32743
379.99,376.40332
150.0,148.82901
7.68,7.287693
14.95,17.981943
11.99,15.26867
149.99,147.15523
8.97,6.32743
14.95,17.933777
999.99,994.7814
5.98,6.32743
600.0,596.15265
389.99,386.2449
14.95,17.981943
14.95,17.981943
99.99,103.89625
11.99,15.376216
8.97,6.32743
99.99,103.99736
29.9,17.981943
11.95,15.004449
8.97,6.32743
14.95,17.981943
14.95,17.981943
150.0,148.82901
700.0,697.1036
999.99,994.7814
700.0,696.70764
379.99,376.44208
14.95,17.981943
14.95,17.981943
14.95,17.981943
99.99,105.21419
14.95,17.981943
389.99,386.28217
99.99,103.43608
5.98,6.32743
99.99,104.82013
3.84,7.287693
3.84,7.287693
1700.0,1695.6522
7.68,7.287693
11.95,15.004449
149.99,147.0903
700.0,696.45917
14.95,17.981943
11.95,15.004449
149.99,147.11284
8.97,6.32743
2.99,6.32743
2.99,6.32743
44.85,17.981943
11.95,15.031746
3.84,7.287693
8.97,6.32743
2.99,6.32743
2.99,6.32743
149.99,146.86252
400.0,392.5175
2.99,6.32743
150.0,148.67563
11.99,15.376216
150.0,148.82901
11.99,15.374248
11.99,15.26867
14.95,17.981943
11.99,15.374248
29.9,17.981943
150.0,149.33424
379.99,376.6002
14.95,17.981943
2.99,6.32743
7.68,7.3099394
150.0,148.82901
11.99,15.453925
700.0,696.70764
2.99,6.32743
11.99,15.376216
11.95,15.004449
3.84,7.287693
7.68,7.2700386
379.99,376.09906
389.99,387.94623
3.84,7.287693
1700.0,1695.5743
389.99,398.0099
11.99,15.376216
11.95,15.004449
1700.0,1695.6401
11.95,15.004449
300.0,297.70737
7.68,7.287693
14.95,18.004467
379.99,376.18167
999.99,994.8366
149.99,147.15535
3.84,7.287693
23.98,15.376216
11.95,15.023435
600.0,596.109
700.0,696.70764
11.95,15.004449
99.99,104.11638
2.99,6.32743
5.98,6.32743
2.99,6.32743
389.99,386.35245
14.95,17.981943
14.95,17.981943
2.99,6.32743
99.99,103.22943
11.95,15.004449
3.84,7.3181686
389.99,386.26007
109.99,115.77123
11.99,15.26867
700.0,696.45917
999.99,994.7814
5.98,6.32743
7.68,7.287693
23.98,15.406947
300.0,296.0217
1700.0,1697.8785
11.95,15.012214
11.95,15.012214
11.95,15.012214
11.95,15.012214
149.99,147.34627
14.95,17.981943
11.99,15.406947
23.98,15.374248
99.99,104.0632
99.99,103.99217
11.95,15.004449
11.5199995,7.287693
150.0,148.89484
99.99,103.22943
11.99,15.376216
2.99,6.32743
999.99,994.5261
11.99,15.406947
99.99,103.88673
11.95,15.004449
7.68,7.287693
3.84,7.2700386
379.99,376.09906
3.84,7.287693
11.99,15.330659
2.99,6.32743
3.84,7.3099394
99.99,103.8309
3.84,7.3181686
2.99,6.32743
149.99,147.15535
700.0,696.45917
379.99,376.09906
2.99,6.32743
11.95,15.004449
99.99,103.7314
999.99,994.7814
3.84,7.3181686
99.99,103.65856
11.95,14.970684
8.97,6.32743
150.0,148.82901
14.95,17.981943
29.9,18.030027
99.99,103.85617
1700.0,1695.6401
14.95,17.981943
2.99,6.32743
11.99,15.429671
150.0,148.88298
150.0,148.82901
11.5199995,7.287693
999.99,994.80945
2.99,6.32743
14.95,17.933777
7.68,7.287693
3.84,7.287693
3.84,7.2700386
700.0,696.45917
150.0,148.88298
2.99,6.32743
14.95,17.981943
11.99,15.406947
999.99,994.7814
99.99,103.12848
109.99,116.10168
999.99,994.7814
600.0,585.26215
1700.0,1698.5653
300.0,298.32
99.99,103.50367
2.99,6.32743
150.0,148.82901
11.95,15.012214
23.9,15.004449
11.95,15.012214
109.99,115.82349
379.99,376.74603
109.99,116.26111
99.99,103.87749
149.99,147.11284
11.95,15.023435
14.95,17.981943
600.0,596.109
300.0,296.92328
11.95,15.004449
150.0,148.82901
700.0,696.62866
3.84,7.287693
11.99,15.393273
11.95,15.012214
2.99,6.32743
150.0,148.82901
11.95,15.012214
149.99,147.21011
3.84,7.287693
150.0,148.82901
2.99,6.32743
11.95,14.9966135
14.95,17.981943
300.0,295.8915
2.99,6.32743
150.0,148.67563
99.99,103.09601
1700.0,1695.3292
11.95,15.004449
11.95,15.004449
109.99,116.031624
11.5199995,7.287693
11.99,15.374248
5.98,6.32743
389.99,386.17462
379.99,376.09906
11.99,15.374248
29.9,17.981943
3.84,7.282076
8.97,6.3160267
3.84,7.287693
23.9,15.012214
11.99,15.374248
700.0,696.70764
11.99,15.330659
3.84,7.287693
999.99,994.7814
300.0,296.2397
379.99,376.40332
149.99,147.11284
14.95,6.32743
11.95,15.004449
389.99,386.11353
14.95,18.030027
600.0,595.8439
150.0,148.68233
150.0,148.89484
11.99,15.376216
150.0,148.82901
5.98,6.32743
14.95,18.055319
7.68,7.287693
149.99,146.93521
14.95,17.981943
149.99,147.19774
379.99,376.40332
11.99,15.406947
400.0,392.5175
11.95,14.962919
2.99,6.32743
14.95,17.981943
2.99,6.3160267
150.0,148.82901
3.84,7.287693
11.5199995,7.287693
1700.0,1697.985
99.99,107.52595
23.9,15.004449
999.99,994.7814
3.84,7.287693
20.93,6.32743
999.99,994.7814
11.99,15.376216
99.99,104.024155
1700.0,1695.6401
3.84,7.287693
600.0,595.8439
400.0,392.40265
3.84,7.287693
5.98,6.32743
14.95,17.981943
2.99,6.32743
2.99,6.3160267
2.99,6.32743
11.99,15.376216
2.99,6.32743
2.99,6.32743
2.99,6.32743
150.0,148.82901
14.95,17.981943
11.99,15.376216
700.0,696.45917
99.99,103.83741
300.0,295.80435
11.95,15.004449
11.95,15.004449
11.99,15.307935
379.99,376.44208
149.99,147.0903
3.84,7.287693
150.0,148.82901
14.95,17.981943
3.84,7.287693
600.0,596.0359
11.95,15.004449
99.99,103.527
11.99,15.406947
3.84,7.287693
11.96,6.32743
389.99,386.65384
5.98,6.32743
99.99,103.8157
99.99,103.424286
14.95,17.981943
7.68,7.287693
150.0,148.82901
3.84,7.3181686
150.0,148.6165
11.95,15.004449
14.95,17.981943
11.95,15.004449
999.99,994.7814
11.99,15.23622
11.99,15.406947
150.0,148.82901
14.95,17.981943
389.99,386.2449
400.0,393.22757
14.95,17.981943
149.99,147.19774
700.0,696.70764
8.97,6.32743
23.9,15.012214
11.95,15.004449
11.99,15.26867
150.0,148.82901
11.95,15.004449
11.99,15.376216
7.68,7.2700386
14.95,17.933777
99.99,103.79724
14.95,17.981943
3.84,7.3181686
300.0,295.80002
11.99,15.374248
149.99,147.19774
150.0,148.82901
11.99,15.374248
150.0,148.82901
3.84,7.3181686
149.99,147.15535
11.99,15.453925
14.95,17.981943
3.84,7.287693
3.84,7.3181686
3.84,7.292285
700.0,696.45917
2.99,6.32743
23.9,14.9966135
300.0,296.46152
23.9,15.023435
14.95,17.981943
150.0,148.82901
150.0,148.82901
99.99,103.33066
11.99,15.376216
600.0,586.73315
150.0,148.82901
150.0,148.68233
1700.0,1697.8785
2.99,6.506794
14.95,18.004467
2.99,6.3160267
379.99,376.44208
11.99,15.374248
23.9,14.962919
11.5199995,7.287693
14.95,18.004467
3.84,7.287693
700.0,696.70764
14.95,17.981943
11.95,15.004449
5.98,6.32743
109.99,116.34036
3.84,7.287693
999.99,1000.99133
150.0,148.67563
23.98,15.376216
11.99,15.39894
11.95,15.023435
99.99,103.966805
14.95,17.981943
150.0,148.82901
1700.0,1696.9395
600.0,596.19214
700.0,696.8847
3.84,7.287693
3.84,7.3181686
11.99,15.376216
3.84,7.287693
11.99,15.376216
11.99,15.374248
14.95,17.981943
14.95,17.981943
3.84,7.287693
14.95,17.933777
11.99,15.374248
11.95,15.004449
14.95,17.933777
150.0,148.82901
8.97,6.506794
14.95,17.981943
600.0,586.73315
3.84,7.287693
150.0,148.82901
2.99,6.32743
7.68,7.2700386
700.0,707.52527
149.99,147.15523
150.0,148.82901
149.99,147.11284
3.84,7.2700386
700.0,696.62866
11.99,15.376216
2.99,6.32743
149.99,147.34627
400.0,392.40265
150.0,148.89484
14.95,17.981943
3.84,7.287693
11.99,15.26867
2.99,6.32743
999.99,994.7814
149.99,147.19774
3.84,7.287693
7.68,7.2700386
700.0,696.70764
1700.0,1695.3292
14.95,17.981943
11.99,15.374248
11.95,15.004449
14.95,17.981943
11.95,15.004449
14.95,17.981943
150.0,148.82901
600.0,596.0359
11.99,15.26867
3.84,7.287693
11.95,15.004449
11.95,15.004449
44.85,17.933777
99.99,103.28905
150.0,148.82901
99.99,103.424286
14.95,17.981943
389.99,386.10904
109.99,115.82846
150.0,148.82901
11.95,15.012214
150.0,148.69675
700.0,696.62866
150.0,148.82901
149.99,147.15535
99.99,103.9268
11.99,15.376216
150.0,148.82901
3.84,7.287693
600.0,595.8439
11.95,15.004449
7.68,7.287693
11.99,15.26867
7.68,7.287693
2.99,6.32743
99.99,103.83741
23.98,15.374248
11.95,15.004449
14.95,17.981943
14.95,17.981943
5.98,6.32743
14.95,17.933777
3.84,7.3181686
11.95,15.004449
11.99,15.406947
150.0,148.67563
14.95,18.055319
150.0,148.82901
3.84,7.287693
14.95,17.981943
11.99,15.519269
149.99,147.03249
5.98,6.32743
5.98,6.32743
3.84,7.287693
11.95,15.004449
149.99,147.11284
35.97,15.374248
600.0,596.5406
3.84,7.287693
11.99,15.39894
3.84,7.287693
2.99,6.32743
389.99,386.353
600.0,596.5406
150.0,148.89484
389.99,386.8105
2.99,6.32743
11.95,15.012214
109.99,116.26232
5.98,6.32743
600.0,595.8439
8.97,6.32743
3.84,7.287693
150.0,148.7296
8.97,6.32743
3.84,7.287693
11.99,15.406947
999.99,994.7814
2.99,6.32743
7.68,7.3181686
99.99,104.69115
14.95,17.981943
7.68,7.3099394
149.99,146.82
7.68,7.3181686
11.99,15.376216
11.95,15.012214
300.0,296.22922
23.9,15.004449
150.0,148.88298
389.99,386.43832
11.99,15.39894
11.95,15.004449
1700.0,1695.3292
14.95,17.981943
150.0,148.82901
389.99,386.23508
5.98,6.32743
11.99,15.374248
149.99,146.93521
1700.0,1696.5453
1700.0,1695.6401
5.98,6.32743
11.99,15.376216
5.98,6.3160267
150.0,148.88298
109.99,115.82846
700.0,696.70764
389.99,386.2449
379.99,379.0916
150.0,148.82901
149.99,146.9049
11.95,15.012214
11.99,15.376216
11.99,15.374248
11.99,15.26867
11.95,14.962919
149.99,147.13269
14.95,17.981943
2.99,6.3160267
379.99,376.6002
300.0,297.22357
11.95,14.962919
3.84,7.287693
999.99,994.7814
11.95,15.148256
2.99,6.32743
3.84,7.287693
999.99,994.7814
14.95,17.981943
600.0,596.109
7.68,7.287693
379.99,376.6002
700.0,697.1036
700.0,696.62866
3.84,7.287693
5.98,6.32743
600.0,596.15265
300.0,296.6876
700.0,713.677
149.99,147.15535
700.0,697.1036
3.84,7.2700386
389.99,386.42328
150.0,148.82901
300.0,297.15002
99.99,103.78875
700.0,696.6241
150.0,148.69675
11.95,15.031199
11.95,15.004449
99.99,104.064125
3.84,7.287693
11.95,15.004449
11.95,15.004449
99.99,103.70015
3.84,7.287693
700.0,697.34155
2.99,6.32743
11.5199995,7.287693
14.95,18.004467
600.0,595.8439
109.99,116.26232
150.0,148.82901
149.99,147.15535
999.99,994.80945
109.99,115.82846
99.99,103.806854
11.99,15.26867
2.99,6.32743
2.99,6.32743
5.98,6.32743
3.84,7.287693
11.99,15.376216
14.95,17.981943
11.95,15.004449
2.99,6.32743
7.68,7.287693
99.99,103.99736
99.99,103.95873
29.9,17.981943
11.95,15.012214
109.99,116.192635
11.95,14.963883
14.95,17.981943
5.98,6.32743
99.99,103.70015
3.84,7.287693
300.0,297.28616
99.99,103.57149
379.99,376.09906
379.99,376.09906
3.84,7.2700386
99.99,104.42566
99.99,103.708275
11.96,6.32743
150.0,148.89484
3.84,7.287693
14.95,17.981943
389.99,387.01276
99.99,103.88673
2.99,6.32743
14.95,17.981943
2.99,6.32743
600.0,596.15265
11.95,15.012214
149.99,147.15535
2.99,6.32743
11.99,15.374248
23.98,15.406947
99.99,103.8157
149.99,146.9776
11.95,15.004449
14.95,18.030027
3.84,7.287693
379.99,376.1029
3.84,7.287693
11.95,15.023435
11.99,15.307935
379.99,376.40332
35.85,15.004449
99.99,103.76638
44.85,17.981943
11.95,15.012214
2.99,6.32743
700.0,696.70764
99.99,103.424286
2.99,6.3160267
150.0,148.82901
379.99,376.41882
14.95,17.981943
3.84,7.287693
11.95,15.012214
11.99,15.374248
99.99,103.424286
999.99,994.7814
11.95,15.004449
999.99,994.7814
999.99,994.7814
11.99,15.26867
149.99,147.11284
3.84,7.287693
3.84,7.287693
999.99,994.7814
150.0,148.82901
3.84,7.287693
2.99,6.32743
2.99,6.32743
11.95,15.004449
150.0,148.67563
389.99,386.02106
3.84,7.287693
700.0,696.6241
11.99,15.376216
300.0,295.91846
11.99,15.376216
14.95,17.933777
11.99,15.307935
149.99,147.15523
3.84,7.287693
99.99,103.76638
600.0,596.15265
99.99,103.620766
2.99,6.32743
14.95,17.981943
11.99,15.396972
300.0,296.24295
14.95,17.981943
11.95,15.023435
2.99,6.32743
11.96,6.32743
11.95,14.962919
14.95,17.981943
700.0,696.70764
11.95,15.012214
150.0,148.82901
2.99,6.32743
300.0,148.82901
8.97,6.32743
11.95,15.004449
11.95,14.9488125
149.99,147.34627
389.99,386.1869
14.95,18.030027
14.95,17.981943
109.99,116.34036
11.95,15.012214
150.0,148.82901
3.84,7.287693
389.99,386.15256
99.99,103.708275
99.99,103.68212
3.84,7.287693
379.99,376.37854
3.84,7.287693
150.0,148.82901
44.85,17.981943
11.99,15.26867
14.95,18.030027
14.95,18.055319
3.84,7.287693
2.99,6.32743
600.0,596.5406
150.0,148.82901
149.99,148.04651
11.95,15.004449
14.95,17.981943
700.0,696.8847
7.68,7.3181686
11.99,15.406947
379.99,376.40332
11.95,15.012214
11.99,15.406947
149.99,147.19774
11.95,15.004449
389.99,386.1648
2.99,6.32743
14.95,18.030027
379.99,376.09906
2.99,6.32743
99.99,104.0632
150.0,148.82901
2.99,6.3160267
600.0,585.26215
11.99,15.374248
23.98,15.374248
7.68,7.287693
11.95,15.012214
2.99,6.32743
1700.0,1695.6401
11.95,14.9966135
99.99,103.88673
999.99,994.7814
99.99,103.50367
11.95,15.012214
11.95,15.004449
5.98,6.3160267
99.99,104.82013
7.68,7.2700386
2.99,6.32743
3.84,7.287693
11.99,15.23622
11.99,15.376216
150.0,148.48424
99.99,103.620766
389.99,387.69778
999.99,994.7814
11.99,15.39894
5.98,6.32743
11.95,15.012214
3.84,7.3181686
11.99,15.376216
14.95,17.933777
150.0,148.67563
11.99,15.26867
2.99,6.32743
150.0,148.82901
600.0,596.109
7.68,7.2700386
389.99,386.18744
11.95,15.012214
11.99,15.374248
400.0,393.6818
99.99,103.966805
3.84,7.287693
700.0,696.45917
3.84,7.3181686
300.0,295.56308
150.0,148.67563
700.0,697.1036
14.95,17.933777
999.99,994.7814
149.99,147.11284
2.99,6.32743
150.0,148.54337
5.98,6.32743
150.0,148.67563
2.99,6.32743
700.0,696.45917
3.84,7.287693
29.9,17.981943
11.99,15.374248
14.95,17.981943
14.95,18.004467
149.99,147.34627
2.99,6.32743
150.0,148.68233
379.99,376.18167
2.99,6.32743
11.99,15.406947
700.0,696.70764
2.99,6.32743
3.84,7.287693
700.0,707.52527
600.0,596.15265
5.98,6.32743
3.84,7.287693
600.0,596.19214
3.84,7.287693
150.0,148.48424
150.0,148.82901
149.99,146.86252
11.95,15.01465
149.99,146.8624
11.95,15.004449
2.99,6.32743
14.95,17.981943
1700.0,1695.0902
3.84,7.287693
3.84,7.3181686
300.0,297.27567
2.99,6.32743
3.84,7.287693
149.99,147.34627
3.84,7.287693
11.5199995,7.3099394
11.99,15.26867
11.95,15.004449
35.97,15.26867
11.95,15.004449
3.84,7.287693
11.95,15.004449
389.99,386.2449
999.99,994.7814
11.99,15.307935
11.99,15.406947
149.99,147.11284
14.95,17.981943
14.95,17.981943
11.95,15.023435
149.99,147.30376
1700.0,1696.0317
300.0,296.24402
150.0,148.69675
400.0,392.40265
5.98,6.32743
2.99,6.32743
150.0,148.82901
11.95,15.012214
150.0,148.89484
3.84,7.3181686
11.95,15.012214
2.99,6.32743
11.99,15.406947
8.97,6.32743
150.0,148.82901
2.99,6.32743
11.99,15.376216
150.0,148.82901
2.99,6.32743
14.95,17.981943
11.95,14.963883
2.99,6.3160267
99.99,103.424286
150.0,148.82901
11.95,15.004449
11.95,15.004449
400.0,393.6818
11.95,15.004449
379.99,376.09906
14.95,17.981943
3.84,7.287693
99.99,103.67772
11.99,15.26867
700.0,697.1036
150.0,148.82901
300.0,296.09308
14.95,17.981943
23.98,15.376216
2.99,6.32743
2.99,6.32743
300.0,297.28616
1700.0,1695.6522
8.97,6.32743
2.99,6.32743
1700.0,1696.1173
379.99,376.8746
5.98,6.32743
400.0,392.40265
11.95,15.004449
3.84,7.287693
2.99,6.32743
23.98,15.26867
99.99,103.65087
600.0,596.1739
3.84,7.287693
379.99,376.09906
389.99,386.09482
149.99,146.86252
389.99,386.02106
150.0,148.82901
14.95,17.933777
14.95,18.030027
11.99,15.406947
99.99,103.92198
150.0,148.89484
700.0,696.45917
999.99,994.7814
11.95,15.004449
3.84,7.287693
11.99,15.453925
999.99,994.7814
14.95,17.933777
14.95,18.004467
1700.0,1696.9395
600.0,595.8439
300.0,299.59525
23.9,15.012214
300.0,295.80435
150.0,148.82901
700.0,696.70764
2.99,6.32743
11.99,15.396972
99.99,103.49425
149.99,147.15535
3.84,7.287693
11.99,15.406947
150.0,148.82901
600.0,596.19214
14.95,17.933777
99.99,103.78875
11.99,15.26867
150.0,148.89484
2.99,6.32743
11.95,15.012214
999.99,994.7814
700.0,696.4546
389.99,386.35214
11.95,14.9966135
11.99,15.26867
2.99,6.32743
14.95,17.981943
99.99,104.82013
1700.0,1695.473
3.84,7.3099394
14.95,17.981943
99.99,104.047066
14.95,17.981943
23.9,15.004449
3.84,7.287693
14.95,17.933777
11.95,15.004449
11.99,15.406947
14.95,17.981943
5.98,6.32743
11.95,15.004449
150.0,148.69675
2.99,6.32743
389.99,387.94623
11.99,15.406947
14.95,17.933777
11.96,6.32743
11.95,15.004449
2.99,6.32743
11.99,15.374248
109.99,115.880714
300.0,296.35812
150.0,148.82901
11.99,15.376216
11.95,15.012214
2.99,6.32743
3.84,7.287693
1700.0,1699.8015
99.99,103.76638
149.99,147.15535
3.84,7.3181686
14.95,17.981943
11.95,15.006886
11.95,15.012214
300.0,295.71936
7.68,7.287693
389.99,386.28217
2.99,6.3160267
11.95,15.023435
14.95,17.981943
2.99,6.32743
150.0,148.82901
600.0,595.8439
389.99,386.17462
150.0,148.82901
3.84,7.287693
11.99,15.406947
3.84,7.287693
11.99,15.406947
11.99,15.307935
150.0,148.82901
150.0,148.82901
3.84,7.287693
999.99,994.5261
150.0,148.89484
11.99,15.307935
7.68,7.287693
14.95,17.981943
149.99,147.0903
1700.0,1697.0292
600.0,596.1739
11.99,15.374248
99.99,103.99217
23.98,15.393273
14.95,17.981943
14.95,17.933777
150.0,148.89484
3.84,7.3099394
11.99,15.393273
99.99,103.67772
2.99,6.32743
389.99,386.43832
600.0,595.8439
11.95,15.004449
149.99,146.82
2.99,6.32743
999.99,994.7814
2.99,6.32743
389.99,386.07935
600.0,596.5406
11.95,15.031746
11.95,15.023435
379.99,376.18167
389.99,386.67395
2.99,6.32743
2.99,6.32743
7.68,7.2700386
3.84,7.3181686
14.95,17.933777
150.0,148.82901
300.0,296.0217
999.99,994.7814
14.95,17.981943
7.68,7.287693
150.0,148.82901
150.0,148.82901
99.99,104.047066
600.0,596.5406
1700.0,1695.3292
389.99,386.67395
150.0,148.82901
2.99,6.32743
14.95,17.933777
109.99,116.24315
14.95,17.981943
2.99,6.32743
3.84,7.3099394
11.95,15.004449
109.99,115.77123
109.99,115.82846
99.99,103.78875
11.95,15.004449
2.99,6.32743
150.0,148.82901
14.95,17.981943
600.0,595.96063
11.99,15.519269
14.95,18.030027
150.0,148.67563
29.9,17.981943
600.0,595.8439
3.84,7.287693
99.99,103.83741
11.99,15.376216
11.96,6.32743
11.99,15.376216
7.68,7.287693
2.99,6.506794
150.0,148.82901
379.99,376.11343
3.84,7.287693
700.0,696.70764
11.99,15.420968
8.97,6.32743
379.99,376.09906
600.0,595.96063
109.99,116.09013
3.84,7.282076
23.98,15.376216
150.0,148.82901
389.99,386.67395
11.95,15.004449
11.95,15.004449
5.98,6.32743
150.0,148.82901
300.0,296.32608
2.99,6.32743
999.99,994.7814
11.99,15.406947
600.0,586.73315
3.84,7.287693
150.0,148.82901
23.9,15.004449
11.99,15.376216
389.99,386.33044
150.0,148.82901
3.84,7.3181686
389.99,386.67395
23.9,15.004449
99.99,103.620766
14.95,17.981943
14.95,17.981943
99.99,105.21419
3.84,7.287693
300.0,296.713
700.0,696.45917
150.0,148.82901
389.99,386.2449
14.95,17.981943
700.0,696.45917
99.99,103.9268
14.95,18.004467
11.99,15.376216
150.0,148.82901
11.95,15.012214
14.95,17.981943
379.99,376.11343
11.95,15.004449
109.99,116.14038
150.0,148.82901
14.95,18.030027
3.84,7.287693
300.0,297.27567
5.98,6.32743
14.95,17.981943
14.95,17.981943
150.0,148.88298
14.95,17.981943
150.0,148.82901
700.0,696.45917
389.99,386.1648
11.95,15.004449
14.95,18.030027
379.99,376.09906
3.84,7.287693
700.0,696.8847
700.0,696.70764
600.0,596.109
389.99,388.36035
99.99,103.65856
150.0,148.82901
5.98,6.32743
99.99,103.83741
14.95,17.933777
700.0,696.70764
99.99,103.83741
14.95,17.981943
600.0,586.73315
5.98,6.32743
109.99,116.09512
389.99,386.2449
11.95,15.004449
11.99,15.376216
150.0,148.67563
150.0,148.82901
11.99,15.376216
2.99,6.32743
11.95,15.004449
379.99,376.44208
389.99,386.09482
3.84,7.3099394
99.99,103.33066
600.0,596.109
11.99,15.307935
11.99,15.23622
11.99,15.406947
29.9,17.981943
3.84,7.287693
29.9,17.981943
300.0,296.4379
379.99,376.6002
2.99,6.32743
11.95,15.004449
99.99,103.88673
5.98,6.32743
389.99,386.43832
1700.0,1696.2998
99.99,103.8157
14.95,17.981943
150.0,148.75072
300.0,295.5696
11.95,15.004449
11.95,15.004449
11.95,15.012214
3.84,7.287693
999.99,994.7814
11.95,15.004449
11.99,15.376216
149.99,147.30376
300.0,295.80002
150.0,148.82901
99.99,103.70015
7.68,7.3099394
11.95,15.004449
14.95,17.981943
11.95,14.9966135
14.95,17.981943
999.99,994.7814
11.95,14.963883
14.95,17.981943
99.99,103.527
2.99,6.32743
11.95,15.012214
23.98,15.374248
1700.0,1695.6401
379.99,377.6057
11.99,15.26867
999.99,994.5261
5.98,6.32743
5.98,6.32743
11.95,15.004449
7.68,7.287693
14.95,17.981943
109.99,116.18341
600.0,595.8439
99.99,103.83741
99.99,103.7056
150.0,148.69675
3.84,7.3181686
109.99,116.34036
11.99,15.406947
11.95,15.004449
300.0,295.68372
99.99,103.9707
389.99,386.42328
14.95,18.004467
379.99,376.4174
11.99,15.26867
23.9,15.004449
3.84,7.287693
149.99,147.15535
149.99,147.15535
11.95,15.012214
11.99,15.406947
11.95,15.004449
3.84,7.3181686
2.99,6.32743
7.68,7.287693
149.99,147.11284
149.99,146.9049
2.99,6.32743
3.84,7.287693
99.99,104.85381
3.84,7.287693
8.97,6.3160267
300.0,148.82901
3.84,7.287693
5.98,6.32743
29.9,17.981943
2.99,6.32743
11.95,15.012214
11.95,15.004449
99.99,103.637634
150.0,148.82901
99.99,103.79539
11.95,15.004449
300.0,295.80002
14.95,17.981943
11.95,15.01465
300.0,297.7377
14.95,17.981943
11.99,15.376216
11.95,15.004449
3.84,7.3181686
11.95,14.962919
11.95,15.012214
11.95,15.004449
11.99,15.429671
11.99,15.406947
600.0,596.19214
7.68,7.3099394
11.95,15.004449
150.0,148.82901
2.99,6.32743
99.99,104.82013
11.95,15.012214
3.84,7.287693
11.95,15.004449
11.99,15.374248
149.99,147.05344
109.99,116.36848
99.99,103.85617
11.5199995,7.287693
14.95,17.981943
3.84,7.287693
99.99,103.55998
379.99,376.18167
14.95,17.933777
3.84,7.3099394
11.95,15.004449
99.99,103.79724
11.95,15.004449
14.95,17.981943
14.95,17.981943
14.95,18.030027
11.96,6.32743
389.99,386.65384
150.0,148.88298
150.0,148.9488
150.0,148.67563
300.0,295.54703
149.99,147.15535
150.0,148.82901
11.95,15.012214
400.0,392.40265
2.99,6.32743
389.99,387.0941
11.95,15.004449
5.98,6.3160267
11.95,15.004449
389.99,386.43832
150.0,148.82901
150.0,148.82901
150.0,148.88298
11.99,15.406947
99.99,103.77663
379.99,376.58472
389.99,386.4957
11.99,15.406947
3.84,7.287693
99.99,103.65087
14.95,17.981943
99.99,104.064125
11.95,15.012214
14.95,17.981943
149.99,147.11284
150.0,148.82901
99.99,103.57149
600.0,596.5406
11.95,14.970684
600.0,586.73315
2.99,6.506794
149.99,147.28122
11.95,14.9488125
11.95,15.004449
1700.0,1698.5653
150.0,148.82901
7.68,7.287693
150.0,148.6165
3.84,7.287693
23.98,15.406947
149.99,147.21011
999.99,994.7814
11.5199995,7.287693
600.0,596.5406
3.84,7.287693
99.99,103.88673
300.0,296.22922
379.99,376.09906
5.98,6.32743
150.0,148.82901
8.97,6.32743
11.99,15.374248
150.0,148.82901
14.95,17.981943
3.84,7.287693
149.99,146.86252
3.84,7.287693
150.0,148.82901
99.99,103.78875
7.68,7.287693
11.5199995,7.3181686
14.95,17.981943
700.0,697.1036
109.99,115.97744
150.0,148.9488
11.95,14.9966135
11.95,15.004449
11.99,15.406947
11.99,15.1750145
5.98,6.32743
11.95,15.004449
11.99,15.406947
11.95,15.012214
149.99,147.0903
300.0,296.0082
99.99,103.966805
600.0,596.0359
389.99,386.108
389.99,386.67395
2.99,6.32743
11.99,15.376216
1700.0,1695.3292
99.99,104.02405
700.0,696.8847
99.99,103.55998
99.99,104.0632
300.0,297.15002
149.99,147.30376
99.99,103.708275
300.0,297.19553
150.0,148.82901
700.0,696.70764
999.99,994.7814
11.95,15.023435
23.98,15.376216
11.95,15.004449
389.99,386.65384
14.95,17.981943
400.0,392.5175
11.99,15.519269
11.99,15.376216
2.99,6.32743
14.95,17.981943
600.0,596.5406
14.95,17.981943
199.98,103.82241
3.84,7.287693
2.99,6.506794
149.99,147.15535
2.99,6.32743
23.98,15.374248
109.99,116.36848
23.9,15.004449
150.0,148.82901
99.99,103.934364
11.95,15.004449
149.99,147.30376
99.99,103.708275
14.95,17.981943
149.99,147.11284
999.99,994.7814
99.99,103.33066
150.0,148.82901
149.99,147.30376
2.99,6.32743
23.98,15.26867
99.99,103.22943
379.99,376.8746
600.0,596.19214
109.99,116.34036
11.99,15.374248
1700.0,1696.9395
3.84,7.287693
11.95,15.004449
3.84,7.3181686
2.99,6.32743
2.99,6.32743
3.84,7.287693
11.99,15.396972
999.99,994.7814
11.95,15.012214
7.68,7.287693
23.9,15.004449
1700.0,1695.6522
379.99,379.73654
3.84,7.2700386
3.84,7.3181686
2.99,6.32743
379.99,376.09906
14.95,18.055319
3.84,7.287693
150.0,148.82901
600.0,596.709
5.98,6.32743
3.84,7.2700386
999.99,994.7814
400.0,392.40265
2.99,6.32743
150.0,148.69675
300.0,296.53696
150.0,148.75072
1700.0,1695.6414
11.99,15.26867
700.0,696.70764
999.99,994.7814
700.0,696.70764
14.95,17.981943
3.84,7.287693
14.95,17.981943
23.98,15.406947
11.99,15.376216
389.99,386.1869
11.99,15.376216
3.84,7.287693
14.95,17.981943
600.0,596.19214
99.99,103.85617
8.97,6.32743
300.0,148.68233
14.95,17.981943
2.99,6.32743
600.0,596.5406
3.84,7.287693
389.99,386.1869
2.99,6.32743
109.99,115.95189
11.99,15.307935
3.84,7.287693
14.95,17.981943
2.99,6.32743
300.0,296.46152
300.0,296.2397
2.99,6.32743
149.99,147.34627
389.99,386.67395
11.99,15.374248
99.99,103.83741
700.0,696.45917
14.95,17.981943
379.99,376.11343
14.95,17.981943
1700.0,1695.6401
8.97,6.32743
999.99,994.7814
400.0,392.40265
2.99,6.32743
150.0,148.82901
7.68,7.287693
15.36,7.287693
11.99,15.374248
3.84,7.287693
150.0,148.82901
700.0,696.45917
23.9,15.004449
150.0,148.88298
99.99,103.527
3.84,7.287693
3.84,7.3181686
150.0,148.82901
700.0,696.70764
2.99,6.32743
11.95,14.970684
11.95,15.012214
1700.0,1696.2998
11.95,15.004449
99.99,103.620766
11.99,15.406947
5.98,6.32743
11.99,15.406947
11.95,15.004449
11.95,15.012214
11.99,15.376216
700.0,696.70764
3.84,7.287693
2.99,6.32743
99.99,103.527
11.95,15.012214
14.95,17.981943
14.95,17.981943
14.95,17.981943
11.95,14.9966135
1700.0,1695.6522
11.5199995,7.3181686
11.95,15.004449
3.84,7.287693
3.84,7.287693
999.99,994.7814
700.0,697.1036
700.0,696.70764
14.95,18.004467
2.99,6.3160267
14.95,17.981943
999.99,994.7814
7.68,7.287693
1700.0,1695.6401
14.95,17.981943
379.99,376.40332
11.99,15.376216
5.98,6.3160267
29.9,17.981943
14.95,17.981943
5.98,6.32743
2.99,6.32743
14.95,17.981943
999.99,994.7814
11.95,15.004449
150.0,148.6165
99.99,103.74772
11.99,15.406947
14.95,17.981943
389.99,386.108
999.99,994.7814
99.99,103.966805
700.0,697.3461
379.99,376.4174
379.99,376.09906
600.0,595.8439
11.99,15.374248
14.95,17.981943
99.99,103.424286
2.99,6.32743
11.99,15.429671
700.0,697.1036
700.0,696.70764
14.95,17.981943
11.95,14.9966135
389.99,386.2449
7.68,7.287693
29.9,18.030027
2.99,6.32743
999.99,994.7814
11.99,15.376216
11.95,15.004449
3.84,7.287693
11.99,15.376216
11.95,14.963883
150.0,148.82901
5.98,6.32743
150.0,148.82901
11.95,15.004449
600.0,596.5406
14.95,17.981943
150.0,148.82901
2.99,6.32743
3.84,7.287693
14.95,17.981943
11.95,15.004449
14.95,18.004467
23.98,15.26867
5.98,6.32743
11.99,15.393273
3.84,7.287693
11.95,15.004449
5.98,6.32743
700.0,696.45917
700.0,697.3461
14.95,17.981943
700.0,696.45917
150.0,148.69675
2.99,6.32743
99.99,103.35191
400.0,392.40265
8.97,6.32743
14.95,18.030027
11.99,15.406947
11.95,15.004449
99.99,103.5217
11.99,15.26867
11.99,15.374248
150.0,148.82901
11.99,15.26867
11.95,15.004449
2.99,6.3160267
99.99,103.527
11.95,15.004449
400.0,392.5175
11.95,14.963883
11.95,14.962919
600.0,596.0359
2.99,6.32743
14.95,6.32743
11.99,15.374248
7.68,7.287693
3.84,7.2700386
379.99,376.40332
7.68,7.287693
150.0,148.69675
3.84,7.287693
150.0,148.68233
99.99,103.8157
149.99,146.86252
14.95,17.981943
2.99,6.32743
150.0,148.82901
99.99,104.23364
11.99,15.374248
700.0,696.45917
11.99,15.26867
149.99,147.21011
150.0,148.82901
3.84,7.287693
11.95,15.004449
23.98,15.376216
99.99,103.57149
11.95,15.031746
150.0,148.82901
3.84,7.287693
999.99,994.7814
300.0,297.19553
14.95,17.933777
11.95,15.004449
149.99,147.21011
389.99,386.23508
150.0,148.82901
600.0,595.8439
2.99,6.32743
2.99,6.32743
11.99,15.406947
11.5199995,7.287693
3.84,7.287693
700.0,697.3461
14.95,17.981943
11.95,15.012214
99.99,103.82594
1700.0,1695.6401
29.9,17.981943
150.0,148.69675
150.0,148.82901
3.84,7.287693
379.99,376.44208
11.95,15.023435
11.95,15.004449
15.36,7.287693
5.98,6.32743
2.99,6.32743
2.99,6.32743
379.99,376.40332
11.99,15.374248
3.84,7.287693
14.95,17.981943
300.0,295.9541
379.99,376.40332
150.0,148.67563
389.99,386.09482
5.98,6.32743
11.99,15.376216
1700.0,1695.473
2.99,6.32743
11.95,14.963883
14.95,17.981943
389.99,386.43832
379.99,376.40332
150.0,148.88298
23.98,15.376216
999.99,994.7814
109.99,116.283134
999.99,994.80945
109.99,115.82846
14.95,17.981943
5.98,6.32743
379.99,376.40332
3.84,7.287693
3.84,7.287693
3.84,7.2700386
11.95,15.004449
600.0,596.0359
150.0,148.82901
11.95,15.012214
99.99,103.620766
150.0,148.82901
15.36,7.287693
14.95,17.981943
11.99,15.374248
1700.0,1695.6127
389.99,386.65384
99.99,103.424286
389.99,386.09482
11.95,15.004449
11.95,15.012214
23.9,14.963883
11.95,14.962919
99.99,103.620766
99.99,103.620766
11.95,15.023435
3.84,7.287693
400.0,392.40265
11.95,15.004449
1700.0,1699.8015
11.95,15.004449
2.99,6.32743
2.99,6.32743
99.99,103.620766
149.99,146.86252
11.95,15.012214
11.95,15.012214
99.99,104.0632
150.0,148.9488
379.99,376.40332
99.99,103.84753
2.99,6.32743
14.95,17.981943
5.98,6.32743
109.99,116.34036
150.0,148.82901
11.95,15.004449
2.99,6.32743
3.84,7.287693
300.0,297.7482
11.95,15.004449
5.98,6.32743
99.99,104.0632
99.99,103.694984
3.84,7.287693
5.98,6.32743
99.99,103.88673
149.99,146.86252
11.99,15.374248
150.0,148.68233
11.5199995,7.287693
1700.0,1695.6522
23.98,15.307935
150.0,148.88298
7.68,7.287693
1700.0,1695.5743
14.95,17.981943
11.99,15.519269
2.99,6.32743
389.99,386.35245
11.5199995,7.287693
99.99,103.88673
700.0,696.45917
2.99,6.32743
11.95,15.004449
3.84,7.287693
389.99,386.00906
389.99,386.42328
149.99,146.76997
3.84,7.287693
389.99,386.18744
1700.0,1697.985
11.95,15.004449
300.0,296.13287
11.99,15.376216
11.95,15.004449
149.99,147.30376
300.0,296.33118
11.99,15.376216
11.99,15.26867
5.98,6.32743
11.99,15.374248
3.84,7.287693
1700.0,1695.3777
150.0,148.82901
150.0,148.89484
5.98,6.32743
389.99,386.36197
11.99,15.374248
150.0,148.67563
11.99,15.26867
14.95,17.981943
99.99,103.78875
2.99,6.32743
99.99,103.88673
2.99,6.506794
11.95,15.012214
149.99,147.0903
1700.0,1695.6522
11.95,15.012214
999.99,994.7814
23.9,15.004449
149.99,147.15535
11.95,15.004449
11.99,15.406947
150.0,148.88298
11.99,15.406947
3.84,7.287693
700.0,696.70764
3.84,7.3181686
3.84,7.287693
11.99,15.406947
14.95,17.981943
149.99,147.11284
14.95,17.981943
2.99,6.32743
1700.0,1695.6522
99.99,103.806854
600.0,586.73315
150.0,148.67563
149.99,147.15523
300.0,296.33118
2.99,6.32743
2.99,6.32743
14.95,17.933777
11.95,15.004449
11.95,15.004449
700.0,697.1036
11.95,15.012214
1700.0,1697.123
2.99,6.32743
2.99,6.32743
999.99,994.7814
109.99,116.23186
29.9,17.981943
2.99,6.32743
299.98,147.21011
11.99,15.374248
150.0,148.69675
3.84,7.287693
23.9,15.004449
99.99,103.43608
999.99,994.8366
379.99,376.18167
11.99,15.26867
11.99,15.307935
1700.0,1695.3777
11.5199995,7.287693
14.95,17.981943
3.84,7.287693
3.84,7.287693
149.99,147.30376
14.95,17.933777
99.99,103.606384
14.95,17.933777
11.95,15.004449
1700.0,1695.6401
99.99,103.70015
3.84,7.287693
5.98,6.32743
11.95,15.012214
14.95,17.981943
300.0,298.32
11.95,15.004449
3.84,7.2700386
1700.0,1696.1173
14.95,18.004467
400.0,392.5175
109.99,116.283134
99.99,103.88673
5.98,6.32743
14.95,17.981943
11.95,15.004449
11.95,15.012214
2.99,6.32743
379.99,376.40332
3.84,7.287693
99.99,103.97484
14.95,17.981943
149.99,147.15535
300.0,296.15152
3.84,7.287693
600.0,586.73315
5.98,6.3160267
14.95,17.981943
600.0,596.0359
99.99,103.99217
14.95,17.981943
14.95,17.933777
99.99,104.0632
14.95,17.981943
600.0,595.9819
7.68,7.287693
300.0,296.6731
11.95,15.004449
2.99,6.32743
14.95,18.055319
7.68,7.3181686
150.0,148.82901
14.95,17.981943
99.99,105.77765
150.0,148.82901
379.99,376.91418
3.84,7.3181686
600.0,596.709
3.84,7.287693
14.95,17.933777
3.84,7.287693
400.0,392.40265
14.95,17.981943
150.0,148.82901
999.99,994.7814
99.99,103.606384
11.95,14.9966135
11.99,15.307935
5.98,6.32743
14.95,17.933777
2.99,6.32743
400.0,392.40265
999.99,994.7814
2.99,6.32743
300.0,296.2397
11.95,15.004449
14.95,17.981943
3.84,7.3099394
3.84,7.287693
150.0,148.82901
14.95,17.933777
600.0,586.73315
8.97,6.32743
3.84,7.3181686
99.99,103.668335
14.95,17.981943
14.95,17.981943
109.99,116.08315
11.99,15.26867
8.97,6.32743
99.99,103.424286
99.99,103.35191
11.5199995,7.287693
99.99,103.22943
600.0,596.709
14.95,17.981943
1700.0,1695.6401
11.99,15.406947
2.99,6.32743
11.95,15.012214
99.99,104.02405
5.98,6.32743
149.99,146.86252
3.84,7.287693
11.95,15.012214
14.95,17.981943
11.99,15.374248
150.0,148.89484
2.99,6.32743
17.94,6.32743
400.0,392.40265
379.99,376.11343
3.84,7.287693
2.99,6.32743
14.95,17.981943
11.99,15.376216
99.99,103.424286
11.99,15.374248
14.95,17.981943
11.95,15.012214
3.84,7.287693
14.95,17.933777
99.99,103.7314
2.99,6.32743
150.0,148.89484
2.99,6.32743
14.95,17.981943
99.99,103.620766
11.95,14.962919
600.0,596.0359
150.0,148.88298
14.95,17.981943
109.99,116.462135
11.99,15.376216
150.0,148.88298
5.98,6.32743
2.99,6.32743
999.99,994.7814
700.0,696.45917
3.84,7.287693
11.99,15.406947
8.97,6.32743
5.98,6.32743
3.84,7.287693
11.95,15.012214
150.0,148.69675
109.99,116.21159
11.99,15.26867
99.99,104.05471
150.0,148.82901
29.9,18.004467
379.99,376.40332
600.0,596.0359
3.84,7.287693
14.95,17.933777
35.97,15.406947
14.95,18.030027
11.99,15.376216
2.99,6.3160267
2.99,6.32743
2.99,6.32743
109.99,116.031624
300.0,297.54474
99.99,103.97484
3.84,7.287693
379.99,376.41882
11.95,14.9966135
99.99,103.85617
99.99,103.92633
99.99,103.92633
14.95,17.981943
11.95,15.004449
2.99,6.32743
600.0,596.109
14.95,17.981943
150.0,148.82901
2.99,6.32743
14.95,17.981943
11.99,15.376216
99.99,103.982765
600.0,586.73315
7.68,7.287693
11.95,15.004449
109.99,116.14038
300.0,297.07864
150.0,148.67047
389.99,386.23508
389.99,386.2449
11.95,15.004449
23.9,15.004449
3.84,7.287693
2.99,6.32743
150.0,148.88298
14.95,17.981943
11.95,14.963883
999.99,994.7814
11.95,15.004449
14.95,17.981943
23.98,15.330659
2.99,6.32743
379.99,376.40332
2.99,6.32743
14.95,17.981943
11.95,15.012214
2.99,6.32743
149.99,147.30376
99.99,103.620766
14.95,17.981943
149.99,147.15535
11.95,15.004449
300.0,296.22922
3.84,7.287693
5.98,6.32743
14.95,17.981943
1700.0,1698.9346
300.0,297.41205
99.99,103.9281
700.0,696.62866
389.99,386.35214
7.68,7.287693
3.84,7.287693
11.95,15.023435
11.99,15.406947
1700.0,1697.123
11.99,15.376216
149.99,147.11284
1700.0,1696.1173
11.99,15.406947
11.95,15.004449
11.99,15.406947
1700.0,1695.6127
7.68,7.287693
99.99,103.50367
150.0,148.82901
2.99,6.3160267
23.98,15.26867
99.99,103.50367
109.99,115.82846
999.99,994.7814
3.84,7.287693
389.99,385.95078
300.0,296.24402
150.0,148.82901
300.0,296.2397
149.99,147.30376
99.99,103.87749
3.84,7.3181686
149.99,147.15535
11.95,15.004449
11.95,15.004449
109.99,116.411575
999.99,994.7814
3.84,7.287693
99.99,104.081215
3.84,7.287693
11.99,15.393273
150.0,148.82901
600.0,596.0359
149.99,147.34627
600.0,585.26215
150.0,148.6165
379.99,376.09906
11.95,15.004449
2.99,6.32743
149.99,147.13269
11.99,15.406947
11.99,15.406947
11.95,15.023435
1700.0,1709.7152
11.95,15.004449
109.99,116.192635
389.99,386.67395
14.95,17.981943
11.95,15.031199
2.99,6.3160267
300.0,296.3207
389.99,386.2449
5.98,6.32743
2.99,6.32743
600.0,586.73315
2.99,6.32743
11.99,15.376216
389.99,386.43832
379.99,376.40332
400.0,392.3747
11.99,15.376216
11.99,15.406947
3.84,7.287693
2.99,6.32743
7.68,7.287693
2.99,6.32743
99.99,103.44131
5.98,6.32743
600.0,586.73315
14.95,17.981943
14.95,17.981943
109.99,115.880714
7.68,7.287693
149.99,146.9049
11.99,15.26867
3.84,7.287693
99.99,104.0632
3.84,7.287693
23.9,14.963883
149.99,147.34627
14.95,17.933777
3.84,7.287693
109.99,116.34036
109.99,115.880714
600.0,595.8439
99.99,103.9268
2.99,6.32743
8.97,6.32743
99.99,103.79724
389.99,386.43832
23.98,15.406947
11.99,15.376216
99.99,104.20309
109.99,115.880714
5.98,6.32743
14.95,17.981943
11.99,15.376216
11.99,15.307935
2.99,6.32743
11.95,15.004449
11.99,15.406947
11.99,15.26867
999.99,994.7814
8.97,6.32743
2.99,6.32743
999.99,994.7814
379.99,376.58472
1700.0,1695.5743
14.95,17.981943
600.0,596.19214
14.95,18.004467
149.99,147.19774
7.68,7.287693
7.68,7.3181686
11.95,15.023435
99.99,103.424286
11.95,14.963883
150.0,148.69675
379.99,376.37854
3.84,7.2700386
389.99,386.35645
149.99,147.15535
3.84,7.3181686
300.0,296.83633
11.99,15.307935
11.95,15.012214
600.0,595.8439
11.95,15.004449
149.99,147.34627
1700.0,1695.473
11.95,14.9966135
29.9,17.933777
149.99,147.15523
14.95,17.981943
3.84,7.287693
14.95,17.981943
14.95,17.981943
379.99,376.09906
3.84,7.287693
14.95,17.981943
11.99,15.374248
700.0,696.6241
2.99,6.32743
14.95,17.981943
149.99,147.15535
3.84,7.287693
149.99,147.30376
11.99,15.26867
11.95,15.004449
3.84,7.287693
3.84,7.287693
2.99,6.32743
3.84,7.3099394
2.99,6.32743
389.99,386.65384
300.0,296.2397
3.84,7.287693
99.99,104.0632
99.99,103.65856
11.99,15.429671
150.0,148.89484
150.0,148.82901
999.99,994.7814
389.99,386.05524
149.99,147.05344
999.99,994.7814
11.99,15.376216
700.0,696.70764
300.0,296.22922
11.99,15.406947
150.0,148.82901
11.99,15.406947
2.99,6.32743
8.97,6.32743
109.99,116.032906
99.99,103.41979
11.95,15.012214
11.95,14.970684
150.0,148.82901
150.0,148.82901
2.99,6.32743
3.84,7.287693
999.99,994.7814
99.99,103.7314
5.98,6.32743
150.0,148.82901
14.95,17.981943
700.0,696.6241
14.95,17.981943
300.0,296.4624
29.9,17.981943
5.98,6.32743
3.84,7.287693
11.99,15.26867
14.95,17.981943
11.95,15.004449
149.99,147.15523
11.95,15.004449
99.99,103.23119
2.99,6.32743
379.99,376.09906
700.0,696.70764
11.95,15.004449
3.84,7.287693
11.99,15.406947
379.99,376.5651
150.0,148.6165
35.97,15.406947
150.0,148.68233
11.99,15.374248
5.98,6.32743
379.99,376.40332
8.97,6.32743
2.99,6.32743
11.95,15.004449
11.99,15.376216
14.95,17.933777
11.95,15.004449
700.0,696.45917
3.84,7.3181686
389.99,386.1869
99.99,103.74796
14.95,17.981943
219.98,116.19889
2.99,6.32743
99.99,103.8157
99.99,104.23364
999.99,994.7814
11.99,15.376216
400.0,392.40265
11.99,15.406947
150.0,148.82901
14.95,18.030027
149.99,147.30376
3.84,7.287693
11.95,15.004449
5.98,6.32743
3.84,7.287693
149.99,147.15535
3.84,7.3181686
11.95,15.012214
379.99,376.40332
14.95,17.981943
389.99,386.43832
150.0,148.82901
11.99,15.376216
14.95,17.933777
150.0,148.82901
11.95,15.004449
600.0,596.1739
3.84,7.287693
11.99,15.406947
2.99,6.3160267
600.0,595.96063
14.95,17.981943
99.99,104.032646
14.95,17.981943
300.0,296.22922
150.0,148.82901
150.0,148.82901
150.0,148.82901
3.84,7.287693
99.99,103.620766
3.84,7.287693
300.0,296.22922
3.84,7.287693
11.99,15.393273
14.95,18.004467
11.95,15.006886
149.99,146.82
2.99,6.32743
5.98,6.32743
3.84,7.2700386
2.99,6.3160267
11.95,15.004449
2.99,6.3160267
600.0,596.5406
109.99,116.9255
11.95,15.004449
11.99,15.374248
3.84,7.3181686
150.0,148.82901
5.98,6.32743
99.99,103.79724
99.99,103.55503
14.95,18.030027
11.95,15.004449
700.0,696.45917
99.99,104.16261
759.98,376.40332
700.0,696.45917
600.0,596.0359
109.99,116.14038
3.84,7.287693
2.99,6.32743
2.99,6.32743
389.99,386.31033
11.95,15.012214
400.0,392.40265
389.99,386.2449
11.99,15.376216
2.99,6.32743
300.0,296.22922
14.95,17.981943
11.95,15.004449
150.0,148.6165
149.99,146.82
109.99,116.26111
11.95,15.004449
3.84,7.287693
2.99,6.32743
11.99,15.307935
150.0,148.82901
11.95,15.012214
14.95,18.055319
14.95,18.004467
7.68,7.287693
3.84,7.287693
14.95,18.055319
300.0,296.713
150.0,148.82901
150.0,148.88298
379.99,376.44208
7.68,7.287693
11.99,15.376216
379.99,376.44208
7.68,7.287693
3.84,7.287693
5.98,6.32743
2.99,6.32743
3.84,7.287693
389.99,386.35645
149.99,147.15523
14.95,17.981943
11.95,15.01465
5.98,6.32743
400.0,392.40265
14.95,17.981943
99.99,104.05471
14.95,18.004467
11.95,15.004449
389.99,386.15256
11.99,15.406947
11.99,15.376216
14.95,17.981943
11.95,15.004449
7.68,7.3181686
14.95,17.981943
99.99,103.28905
11.99,15.307935
11.95,15.012214
300.0,296.6016
11.99,15.374248
700.0,697.1036
379.99,375.89178
400.0,392.5175
7.68,7.287693
11.95,15.006886
35.97,15.374248
5.98,6.3160267
1700.0,1695.4037
150.0,148.82901
5.98,6.3160267
11.95,15.004449
5.98,6.32743
2.99,6.32743
14.95,17.981943
1700.0,1695.6127
150.0,148.89484
11.95,15.004449
11.95,15.012214
5.98,6.32743
11.95,14.962919
149.99,147.34627
14.95,17.981943
14.95,17.933777
700.0,697.4867
11.99,15.376216
700.0,696.45917
300.0,295.53613
3.84,7.2700386
3.84,7.287693
2.99,6.32743
11.99,15.376216
150.0,148.82901
14.95,18.030027
99.99,103.88673
11.95,15.023435
11.95,15.004449
11.95,15.004449
700.0,697.1036
29.9,17.981943
149.99,146.93521
3.84,7.287693
300.0,296.2397
389.99,386.07486
11.99,15.406947
600.0,595.8439
3.84,7.287693
11.95,15.004449
150.0,148.82901
2.99,6.32743
300.0,296.2397
5.98,6.32743
700.0,697.6562
700.0,696.70764
11.95,15.004449
150.0,148.82901
700.0,696.45917
3.84,7.287693
389.99,385.95078
2.99,6.32743
149.99,147.19774
150.0,148.89484
11.95,15.012214
150.0,148.89484
2.99,6.32743
3.84,7.3181686
11.99,15.26867
11.99,15.376216
3.84,7.287693
300.0,297.28616
2.99,6.32743
149.99,147.30376
1700.0,1695.5743
379.99,377.40094
7.68,7.287693
2.99,6.32743
11.95,15.012214
150.0,148.88298
11.99,15.374248
14.95,17.981943
47.8,15.004449
14.95,17.981943
5.98,6.32743
11.99,15.393273
99.99,103.566826
150.0,148.69675
14.95,17.933777
3.84,7.287693
11.95,15.004449
149.99,147.15535
379.99,376.09906
5.98,6.32743
150.0,148.82901
7.68,7.287693
11.95,15.004449
150.0,148.75072
600.0,596.5406
11.95,15.004449
600.0,596.15265
99.99,103.87749
11.95,14.962919
300.0,295.9541
1700.0,1696.0317
14.95,17.981943
11.95,15.004449
3.84,7.287693
3.84,7.287693
389.99,386.2449
600.0,586.73315
14.95,17.981943
7.68,7.287693
149.99,147.19774
14.95,17.981943
2.99,6.32743
11.5199995,7.287693
2.99,6.32743
150.0,148.82901
300.0,295.80002
3.84,7.287693
14.95,18.004467
11.99,15.406947
2.99,6.32743
7.68,7.287693
29.9,17.981943
14.95,17.981943
14.95,17.981943
11.95,15.004449
109.99,116.34036
99.99,103.88673
379.99,376.09906
389.99,386.4695
11.99,15.307935
99.99,103.8157
99.99,103.76638
8.97,6.32743
1700.0,1695.6401
999.99,994.7814
99.99,103.8157
11.99,15.307935
14.95,17.981943
7.68,7.287693
14.95,17.981943
149.99,147.15535
600.0,596.0359
700.0,696.70764
14.95,18.004467
14.95,17.981943
379.99,376.34326
379.99,376.11343
14.95,17.933777
3.84,7.287693
2.99,6.32743
150.0,148.82901
149.99,147.21011
379.99,376.09906
3.84,7.3181686
379.99,376.09906
3.84,7.287693
11.95,15.004449
150.0,148.67563
2.99,6.32743
14.95,17.981943
99.99,103.50367
379.99,376.11343
3.84,7.287693
999.99,994.7814
150.0,148.67563
14.95,17.981943
150.0,148.82901
700.0,696.45917
11.95,15.004449
99.99,103.22943
150.0,148.82901
99.99,103.8309
99.99,103.52332
1700.0,1695.5743
14.95,17.981943
99.99,104.82013
149.99,147.15535
14.95,17.981943
23.9,15.004449
11.95,15.012214
99.99,103.9268
600.0,595.8439
1700.0,1696.0354
150.0,148.82901
150.0,148.82901
11.95,14.9966135
11.99,15.376216
2.99,6.32743
700.0,696.45917
11.99,15.393273
300.0,148.82901
11.95,15.004449
14.95,17.933777
2.99,6.32743
149.99,147.15535
99.99,103.620766
99.99,103.527
5.98,6.32743
23.98,15.26867
14.95,17.981943
700.0,696.70764
7.68,7.287693
11.99,15.429671
14.95,17.981943
2.99,6.32743
389.99,386.43832
999.99,994.7814
600.0,596.15265
7.68,7.2700386
149.99,147.34627
2.99,6.32743
14.95,18.030027
8.97,6.32743
1700.0,1697.985
14.95,17.981943
99.99,103.50367
150.0,148.82901
600.0,596.19214
700.0,696.70764
2.99,6.32743
5.98,6.32743
389.99,386.67395
700.0,697.3461
11.99,15.406947
150.0,148.82901
3.84,7.292285
3.84,7.3181686
2.99,6.32743
149.99,147.11284
29.9,17.981943
3.84,7.287693
3.84,7.287693
1700.0,1695.4037
11.99,15.376216
109.99,116.34036
3.84,7.287693
2.99,6.32743
14.95,17.933777
389.99,386.00906
5.98,6.32743
2.99,6.32743
379.99,375.89178
3.84,7.282076
600.0,596.19214
99.99,103.99736
11.95,15.004449
11.99,15.376216
14.95,17.981943
700.0,696.70764
29.9,17.981943
11.95,15.004449
14.95,17.981943
5.98,6.32743
2.99,6.32743
700.0,696.4546
300.0,295.91846
999.99,994.7814
8.97,6.32743
11.99,15.406947
1700.0,1696.2998
2.99,6.3160267
11.99,15.374248
99.99,103.424286
11.96,6.32743
600.0,595.8439
23.9,15.012214
11.95,15.004449
379.99,376.1029
389.99,386.09482
7.68,7.287693
600.0,596.19214
2.99,6.32743
99.99,103.76638
149.99,147.19774
14.95,18.055319
3.84,7.2700386
11.95,14.9966135
11.95,15.004449
150.0,148.69675
11.95,14.962919
11.95,15.012214
3.84,7.287693
14.95,17.981943
11.95,15.004449
379.99,377.243
14.95,17.981943
11.95,15.012214
7.68,7.287693
999.99,994.7814
700.0,696.70764
23.9,15.012214
14.95,17.981943
3.84,7.287693
7.68,7.287693
1700.0,1695.473
11.96,6.32743
109.99,116.19889
3.84,7.3181686
1700.0,1696.9395
400.0,392.40265
5.98,6.32743
14.95,18.030027
14.95,17.933777
11.96,6.32743
14.95,17.981943
11.95,15.004449
7.68,7.287693
14.95,17.981943
23.9,15.004449
14.95,17.981943
11.95,15.004449
14.95,17.981943
11.5199995,7.287693
150.0,148.82901
11.95,15.012214
8.97,6.32743
23.98,15.429671
600.0,595.8439
14.95,17.981943
14.95,18.055319
2.99,6.32743
600.0,597.2137
14.95,18.030027
3.84,7.3099394
14.95,17.981943
11.95,15.004449
11.99,15.26867
1700.0,1696.1173
99.99,103.76638
29.9,17.981943
14.95,18.030027
300.0,297.7377
2.99,6.32743
5.98,6.32743
3.84,7.287693
11.99,15.406947
3.84,7.3099394
11.99,15.376216
14.95,17.981943
700.0,697.1036
99.99,103.424286
11.95,15.004449
14.95,17.981943
300.0,296.2397
11.95,15.004449
999.99,994.7814
23.98,15.376216
600.0,596.15265
11.99,15.393273
14.95,17.933777
14.95,17.981943
11.95,15.012214
150.0,148.82901
389.99,386.353
11.99,15.396972
11.99,15.374248
149.99,146.93521
14.95,17.981943
3.84,7.287693
1700.0,1698.9241
11.99,15.376216
2.99,6.32743
300.0,297.61258
2.99,6.32743
14.95,17.933777
300.0,296.9128
3.84,7.287693
11.99,15.406947
389.99,387.0941
600.0,595.8439
400.0,392.40265
3.84,7.287693
23.9,15.004449
150.0,148.7296
149.99,146.9776
14.95,18.004467
14.95,17.981943
11.95,15.004449
11.99,15.423194
300.0,296.2497
3.84,7.287693
389.99,386.17462
11.95,15.012214
389.99,386.23508
2.99,6.32743
11.95,15.004449
3.84,7.287693
109.99,116.3065
2.99,6.32743
1700.0,1695.3777
150.0,148.69675
14.95,17.981943
600.0,596.5406
11.95,14.963883
8.97,6.32743
2.99,6.32743
14.95,17.981943
150.0,148.82901
150.0,148.82901
14.95,18.030027
14.95,17.981943
11.99,15.376216
149.99,146.82
11.99,15.376216
14.95,17.981943
389.99,386.26007
700.0,696.8847
23.9,15.004449
149.99,146.86252
3.84,7.3181686
11.95,15.004449
5.98,6.32743
600.0,596.19214
11.99,15.406947
14.95,17.981943
14.95,17.981943
109.99,116.283134
2.99,6.32743
14.95,17.981943
14.95,17.933777
5.98,6.32743
99.99,103.98368
5.98,6.32743
11.95,15.012214
11.95,15.012214
14.95,17.981943
99.99,103.28905
14.95,17.933777
3.84,7.287693
14.95,17.981943
149.99,147.11284
700.0,696.8847
1700.0,1695.6127
150.0,148.82901
14.95,17.981943
2.99,6.32743
14.95,17.981943
7.68,7.287693
99.99,103.30144
14.95,18.030027
389.99,386.15256
3.84,7.3181686
2.99,6.32743
600.0,596.19214
199.98,103.35191
8.97,6.32743
109.99,116.09542
389.99,386.43832
1700.0,1695.6127
7.68,7.287693
7.68,7.287693
2.99,6.32743
5.98,6.32743
300.0,297.28616
14.95,17.981943
11.95,15.004449
14.95,18.055319
99.99,103.52332
11.95,15.012214
999.99,994.7814
149.99,147.19774
700.0,696.70764
389.99,386.17462
150.0,148.82901
14.95,17.981943
600.0,596.1739
150.0,148.82901
11.99,15.376216
11.95,15.004449
7.68,7.287693
99.99,103.79539
99.99,104.23364
11.99,15.307935
11.95,15.004449
5.98,6.32743
700.0,696.70764
389.99,387.69778
1700.0,1697.8785
11.96,6.32743
11.95,14.963883
3.84,7.3181686
14.95,17.933777
109.99,116.19889
149.99,147.11284
1700.0,1696.1173
7.68,7.3181686
5.98,6.32743
150.0,148.69675
11.95,15.012214
11.99,15.374248
2.99,6.32743
14.95,17.981943
379.99,376.40332
400.0,392.40265
2.99,6.32743
150.0,148.82901
11.99,15.406947
7.68,7.287693
3.84,7.287693
150.0,148.82901
389.99,386.26007
3.84,7.287693
3.84,7.287693
11.95,15.004449
11.99,15.406947
150.0,148.67563
1700.0,1698.5653
14.95,17.933777
379.99,376.6002
11.95,15.004449
14.95,17.981943
2.99,6.32743
109.99,116.34036
11.99,15.376216
1700.0,1695.5743
150.0,148.67563
99.99,103.33066
14.95,17.981943
11.95,15.031746
2.99,6.32743
150.0,148.82901
600.0,585.26215
400.0,392.40265
11.99,15.406947
11.99,15.26867
3.84,7.287693
14.95,17.981943
2.99,6.32743
99.99,103.9268
99.99,103.50367
11.99,15.406947
11.95,15.012214
11.95,15.004449
5.98,6.32743
11.96,6.32743
109.99,116.79018
11.95,14.9966135
3.84,7.3181686
11.99,15.374248
11.95,15.012214
11.95,15.004449
11.95,15.004449
149.99,147.15535
300.0,296.35812
29.9,17.981943
11.95,15.012214
150.0,148.69675
5.98,6.32743
150.0,148.82901
700.0,696.70764
11.99,15.307935
3.84,7.287693
1700.0,1696.9395
150.0,148.82901
2.99,6.32743
11.95,15.012214
99.99,103.694984
3.84,7.287693
14.95,17.933777
2.99,6.32743
150.0,148.82901
11.95,15.012214
11.95,14.962919
3.84,7.2700386
7.68,7.3181686
99.99,103.85617
11.95,15.004449
14.95,17.981943
2.99,6.32743
379.99,376.40332
14.95,18.004467
3.84,7.3181686
2.99,6.32743
14.95,17.981943
11.95,15.004449
14.95,17.981943
3.84,7.3181686
7.68,7.287693
11.99,15.374248
5.98,6.32743
700.0,696.45917
149.99,147.0903
11.95,15.004449
149.99,146.8624
2.99,6.506794
14.95,17.981943
23.9,15.012214
150.0,148.82901
2.99,6.32743
379.99,377.1137
11.99,15.376216
150.0,148.67047
700.0,696.70764
11.99,15.374248
14.95,17.981943
11.95,14.9488125
99.99,104.032646
11.95,15.004449
14.95,17.981943
149.99,147.34627
389.99,387.12982
149.99,147.15535
999.99,994.7814
11.95,15.012214
23.98,15.376216
150.0,148.82901
149.99,146.86252
99.99,103.8309
149.99,147.15535
2.99,6.32743
3.84,7.287693
11.99,15.374248
700.0,696.70764
11.95,15.012214
600.0,586.73315
5.98,6.32743
3.84,7.3181686
11.95,15.004449
2.99,6.32743
11.95,15.004449
1700.0,1695.6522
2.99,6.506794
1700.0,1699.8015
5.98,6.32743
11.99,15.26867
379.99,376.40332
14.95,18.004467
999.99,994.7814
5.98,6.32743
14.95,17.981943
2.99,6.32743
11.95,15.004449
11.99,15.406947
3.84,7.3181686
14.95,17.981943
3.84,7.287693
149.99,147.15535
700.0,696.6241
14.95,17.981943
2.99,6.32743
600.0,596.0359
3.84,7.287693
400.0,392.40265
11.95,15.004449
700.0,696.70764
2.99,6.3160267
3.84,7.3181686
150.0,148.68233
3.84,7.287693
14.95,18.055319
11.99,15.26867
1700.0,1695.473
99.99,103.22943
23.9,15.004449
3.84,7.3181686
11.95,15.004449
300.0,296.9128
11.95,15.004449
379.99,376.11343
11.95,15.012214
11.95,15.004449
109.99,116.34036
3.84,7.282076
29.9,17.981943
700.0,696.45917
389.99,386.07935
14.95,17.981943
600.0,595.8439
11.99,15.406947
2.99,6.32743
150.0,148.67563
300.0,297.01477
109.99,116.01489
999.99,994.7814
150.0,148.89484
3.84,7.287693
11.99,15.1750145
700.0,696.62866
11.95,15.004449
999.99,994.7814
11.95,15.004449
150.0,148.67563
23.9,15.023435
11.99,15.406947
3.84,7.3181686
150.0,148.6165
600.0,585.26215
7.68,7.287693
14.95,18.004467
11.95,14.963883
14.95,17.981943
379.99,376.6002
150.0,148.6165
99.99,103.83741
150.0,148.88298
11.95,15.004449
150.0,148.82901
3.84,7.287693
2.99,6.32743
2.99,6.32743
14.95,17.933777
389.99,386.67395
99.99,105.21419
11.95,15.004449
149.99,146.9185
150.0,148.82901
2.99,6.32743
5.98,6.32743
14.95,17.981943
11.95,15.004449
600.0,586.73315
11.99,15.374248
14.95,17.981943
600.0,595.8439
11.95,15.023435
11.95,15.004449
109.99,116.192635
600.0,586.73315
150.0,148.82901
150.0,148.6165
11.99,15.376216
3.84,7.287693
3.84,7.3099394
11.95,14.963883
2.99,6.3160267
389.99,386.07507
5.98,6.32743
11.95,15.004449
2.99,6.32743
400.0,392.40265
7.68,7.287693
14.95,17.981943
150.0,148.82901
99.99,103.55998
29.9,17.981943
109.99,115.95189
11.5199995,7.287693
11.99,15.376216
149.99,147.19774
11.99,15.26867
11.95,15.004449
1700.0,1695.6414
11.99,15.374248
700.0,696.70764
150.0,148.67563
99.99,103.55503
3.84,7.287693
700.0,696.70764
150.0,148.82901
109.99,116.26111
14.95,17.981943
14.95,17.933777
11.95,15.012214
1700.0,1695.6522
14.95,18.004467
11.95,14.9488125
379.99,376.09906
2.99,6.32743
11.99,15.406947
11.99,15.429671
3.84,7.3181686
99.99,103.9268
23.9,15.004449
389.99,386.43832
150.0,148.82901
99.99,104.0632
14.95,17.981943
2.99,6.32743
7.68,7.287693
149.99,147.12613
3.84,7.287693
99.99,103.83741
149.99,147.19774
14.95,17.981943
11.95,15.004449
14.95,17.981943
11.95,14.962919
2.99,6.32743
14.95,17.933777
2.99,6.3160267
2.99,6.32743
11.99,15.393273
2.99,6.32743
389.99,386.65384
3.84,7.287693
14.95,17.981943
2.99,6.32743
3.84,7.287693
14.95,17.981943
2.99,6.32743
389.99,386.4695
11.99,15.406947
150.0,148.82901
14.95,17.981943
150.0,148.88298
11.95,15.012214
14.95,17.981943
11.95,15.004449
700.0,696.70764
600.0,585.26215
14.95,17.981943
1700.0,1695.6414
600.0,595.8439
379.99,376.40332
3.84,7.287693
11.95,15.004449
11.99,15.307935
14.95,17.981943
11.95,14.963883
14.95,17.981943
150.0,148.82901
379.99,376.8746
99.99,103.09601
389.99,386.35645
14.95,17.981943
11.95,15.023435
150.0,148.82901
3.84,7.2700386
2.99,6.32743
300.0,296.24402
379.99,376.40332
14.95,17.981943
3.84,7.287693
11.5199995,7.287693
14.95,18.030027
150.0,148.82901
389.99,386.43832
8.97,6.32743
14.95,17.981943
300.0,296.22922
149.99,147.15523
23.98,15.374248
389.99,386.43832
150.0,148.89484
389.99,386.07935
389.99,386.33044
14.95,18.030027
2.99,6.32743
150.0,148.82901
999.99,994.7814
11.95,15.004449
11.95,15.004449
150.0,148.82901
1700.0,1695.5743
700.0,696.45917
11.5199995,7.287693
99.99,104.032646
3.84,7.3181686
150.0,148.88298
2.99,6.32743
300.0,295.6906
11.99,15.406947
99.99,104.0632
14.95,17.981943
109.99,115.880714
29.9,17.981943
11.95,15.004449
1700.0,1695.629
389.99,386.2449
14.95,17.981943
150.0,148.82901
150.0,148.69675
300.0,297.28616
2.99,6.32743
99.99,103.33066
3.84,7.287693
99.99,103.97484
11.95,15.004449
11.95,15.004449
379.99,377.73404
99.99,103.078
11.95,15.004449
11.96,6.32743
379.99,376.40332
149.99,147.34627
11.95,14.962919
11.99,15.406947
379.99,376.5651
150.0,148.89484
389.99,386.17462
11.95,15.012214
300.0,297.0439
389.99,386.17462
5.98,6.32743
389.99,386.00906
379.99,376.44208
379.99,376.18167
7.68,7.287693
109.99,116.2413
11.95,15.012214
14.95,17.981943
300.0,296.92328
14.95,17.981943
379.99,376.6002
2.99,6.3160267
999.99,994.7814
11.99,15.453925
150.0,148.88298
11.5199995,7.287693
2.99,6.32743
379.99,376.44208
700.0,696.45917
300.0,296.67743
149.99,147.19774
2.99,6.32743
11.99,15.376216
99.99,103.3635
11.99,15.376216
11.99,15.26867
11.99,15.26867
11.99,15.376216
23.98,15.406947
11.99,15.429671
600.0,595.8439
2.99,6.32743
14.95,17.981943
14.95,17.981943
14.95,17.981943
14.95,17.981943
11.95,15.004449
14.95,17.981943
99.99,103.3635
700.0,696.70764
1700.0,1697.8785
14.95,18.004467
3.84,7.287693
2.99,6.32743
150.0,148.82901
150.0,148.48424
150.0,149.33424
700.0,696.62866
150.0,148.82901
7.68,7.3181686
11.99,15.429671
11.95,15.004449
23.9,15.004449
2.99,6.32743
11.95,15.004449
11.99,15.307935
11.95,15.012214
2.99,6.32743
11.95,15.004449
5.98,6.32743
389.99,386.43832
11.5199995,7.287693
2.99,6.32743
109.99,115.95189
7.68,7.287693
11.99,15.26867
14.95,17.981943
999.99,994.7814
2.99,6.32743
2.99,6.3160267
300.0,296.1356
109.99,115.73779
1700.0,1697.985
14.95,17.981943
99.99,103.28905
2.99,6.32743
700.0,696.45917
379.99,376.40332
1700.0,1695.3777
109.99,116.79018
11.95,15.004449
8.97,6.32743
2.99,6.32743
2.99,6.32743
150.0,148.82901
14.95,17.981943
11.95,15.004449
11.99,15.374248
149.99,147.11284
99.99,103.74796
11.95,14.9966135
11.95,15.004449
600.0,596.15265
600.0,596.15265
600.0,595.8439
14.95,17.933777
379.99,376.09906
149.99,147.28122
99.99,103.703476
379.99,376.40332
11.95,15.012214
11.99,15.406947
11.99,15.406947
14.95,18.055319
99.99,103.424286
3.84,7.287693
11.95,15.031199
11.95,14.9966135
389.99,386.43832
5.98,6.32743
5.98,6.32743
379.99,376.44208
11.95,15.004449
11.99,15.374248
5.98,6.32743
20.93,6.32743
2.99,6.32743
150.0,148.88298
600.0,596.1739
11.95,14.9966135
14.95,17.981943
150.0,148.75072
379.99,376.6002
29.9,18.055319
14.95,17.981943
109.99,116.34036
2.99,6.32743
11.95,15.004449
11.95,15.004449
3.84,7.287693
11.99,15.406947
11.95,14.962919
150.0,148.82901
150.0,148.82901
11.95,15.012214
14.95,17.933777
7.68,7.287693
11.95,15.012214
600.0,596.0359
99.99,103.83741
14.95,17.981943
300.0,296.68903
11.99,15.406947
149.99,146.82
7.68,7.3099394
11.99,15.374248
150.0,148.82901
150.0,148.82901
700.0,696.45917
14.95,17.981943
2.99,6.32743
700.0,696.62866
700.0,696.70764
99.99,103.88673
2.99,6.32743
11.99,15.26867
1700.0,1695.3777
300.0,297.19553
11.99,15.406947
23.9,15.004449
300.0,296.92328
11.95,15.004449
11.95,14.962919
150.0,148.6165
2.99,6.32743
150.0,148.82901
600.0,596.0359
11.99,15.376216
11.99,15.26867
19.199999,7.287693
2.99,6.32743
14.95,17.981943
3.84,7.3099394
11.5199995,7.287693
5.98,6.32743
11.95,15.004449
3.84,7.287693
300.0,297.6856
700.0,696.45917
3.84,7.3181686
99.99,105.14316
300.0,296.2497
389.99,387.1554
11.96,6.32743
11.99,15.453925
11.95,15.004449
379.99,375.89178
2.99,6.32743
11.99,15.406947
109.99,115.76435
2.99,6.3160267
150.0,148.82901
99.99,104.23364
150.0,148.89484
11.99,15.374248
14.95,17.981943
14.95,17.981943
11.95,15.004449
1700.0,1695.5743
700.0,696.62866
2.99,6.32743
5.98,6.32743
14.95,17.981943
11.96,6.32743
23.9,15.004449
11.95,15.004449
2.99,6.32743
3.84,7.287693
14.95,17.933777
99.99,103.9268
11.95,15.012214
11.99,15.393273
99.99,103.393036
14.95,17.933777
11.95,15.004449
99.99,103.8157
150.0,148.6165
150.0,148.82901
150.0,148.69675
11.99,15.376216
999.99,994.7814
149.99,147.19774
14.95,17.981943
3.84,7.287693
3.84,7.287693
150.0,148.82901
14.95,17.933777
700.0,696.70764
14.95,17.981943
11.99,15.26867
14.95,17.981943
389.99,386.33044
2.99,6.32743
11.99,15.376216
3.84,7.287693
14.95,18.030027
999.99,994.7814
1700.0,1696.1173
379.99,376.5651
389.99,386.24042
379.99,376.40332
11.95,15.004449
2.99,6.32743
7.68,7.282076
11.99,15.406947
300.0,296.38327
150.0,148.82901
3.84,7.287693
11.99,15.376216
600.0,596.15265
3.84,7.287693
11.95,14.962919
2.99,6.32743
29.9,17.981943
99.99,103.88673
23.9,15.004449
3.84,7.3181686
23.9,15.004449
150.0,148.82901
3.84,7.287693
379.99,376.40332
999.99,994.7814
379.99,376.40332
14.95,17.981943
3.84,7.287693
99.99,104.0632
379.99,376.09906
149.99,147.34627
150.0,148.82901
2.99,6.32743
11.99,15.374248
2.99,6.32743
2.99,6.32743
999.99,994.5261
11.95,15.004449
14.95,17.981943
1200.0,596.19214
150.0,148.82901
14.95,18.030027
3.84,7.3099394
150.0,148.82901
109.99,116.26232
99.99,103.806854
379.99,376.6002
3.84,7.287693
11.95,15.004449
600.0,596.5406
1700.0,1695.3292
14.95,17.981943
700.0,696.70764
2.99,6.32743
11.95,15.012214
999.99,994.7814
11.99,15.39894
99.99,103.99736
8.97,6.32743
11.99,15.406947
11.95,15.004449
99.99,103.76638
379.99,376.09906
11.95,14.970684
11.95,14.9966135
14.95,17.981943
600.0,595.9819
700.0,696.62866
2.99,6.32743
23.98,15.374248
5.98,6.32743
3.84,7.287693
11.99,15.26867
1700.0,1695.3777
700.0,696.70764
29.9,17.981943
7.68,7.287693
150.0,148.67563
5.98,6.3160267
99.99,103.99736
11.95,15.004449
150.0,148.6165
600.0,596.5406
11.99,15.374248
109.99,115.95189
19.199999,7.287693
11.99,15.307935
300.0,295.65677
1700.0,1695.6401
99.99,103.3635
14.95,17.981943
99.99,103.83741
389.99,386.35645
14.95,17.933777
1700.0,1695.6522
11.99,15.393273
14.95,17.933777
14.95,18.030027
3.84,7.287693
2.99,6.32743
23.9,15.01465
8.97,6.32743
150.0,148.82901
14.95,17.981943
149.99,147.11284
1700.0,1695.6522
7.68,7.3181686
2.99,6.32743
3.84,7.282076
11.99,15.376216
11.95,15.012214
2.99,6.32743
389.99,386.42328
600.0,596.1739
600.0,596.109
14.95,17.981943
150.0,148.6165
600.0,586.73315
11.95,15.031199
700.0,697.3461
99.99,103.620766
99.99,104.047066
11.95,15.004449
400.0,393.22757
11.99,15.406947
11.99,15.23622
14.95,17.981943
600.0,596.709
3.84,7.287693
11.95,15.004449
99.99,103.99736
5.98,6.32743
3.84,7.287693
11.99,15.374248
11.95,15.004449
389.99,386.02106
400.0,397.80524
14.95,17.981943
11.95,14.963883
14.95,17.981943
3.84,7.287693
150.0,148.89484
3.84,7.287693
5.98,6.32743
11.99,15.26867
3.84,7.287693
150.0,148.89484
14.95,17.933777
11.95,15.004449
14.95,18.030027
3.84,7.287693
11.99,15.374248
379.99,376.8746
389.99,386.8105
11.99,15.406947
389.99,386.02106
14.95,17.981943
11.99,15.406947
2.99,6.32743
11.99,15.374248
11.95,15.006886
14.95,17.933777
3.84,7.287693
11.99,15.26867
11.95,15.004449
99.99,103.527
11.95,15.031199
14.95,17.981943
2.99,6.32743
3.84,7.287693
99.99,103.99217
109.99,116.14038
11.99,15.26867
3.84,7.287693
700.0,696.70764
1700.0,1696.1173
150.0,148.67563
389.99,386.35245
300.0,296.10355
2.99,6.32743
29.9,17.981943
99.99,103.34855
150.0,148.82901
150.0,148.82901
14.95,17.981943
600.0,596.19214
1700.0,1697.0934
2.99,6.32743
99.99,104.005394
109.99,115.82846
14.95,17.981943
14.95,18.055319
3.84,7.287693
700.0,696.45917
11.99,15.1750145
300.0,295.80002
14.95,17.981943
11.99,15.406947
600.0,595.8439
3.84,7.287693
2.99,6.32743
14.95,17.981943
150.0,148.82901
999.99,994.7814
14.95,17.981943
14.95,17.981943
1700.0,1695.6127
600.0,596.109
5.98,6.32743
3.84,7.287693
11.95,15.004449
150.0,148.69675
11.95,14.963883
15.36,7.287693
99.99,103.76638
14.95,17.981943
3.84,7.287693
150.0,148.82901
149.99,147.60657
23.98,15.374248
2.99,6.3160267
1700.0,1698.1686
14.95,18.386488
7.68,7.287693
379.99,376.18167
150.0,148.82901
150.0,148.9488
11.99,15.374248
5.98,6.32743
11.95,15.004449
2.99,6.32743
2.99,6.32743
11.95,15.012214
389.99,386.15256
11.99,15.376216
99.99,103.83741
150.0,148.89484
99.99,104.032646
1700.0,1699.7542
999.99,994.7814
11.95,15.004449
3.84,7.287693
2.99,6.32743
11.95,15.012214
11.99,15.406947
14.95,17.981943
99.99,104.000656
14.95,17.981943
11.95,15.012214
700.0,696.62866
2.99,6.32743
11.95,14.9966135
150.0,148.6165
14.95,17.981943
11.95,15.004449
7.68,7.287693
2.99,6.32743
14.95,17.981943
3.84,7.287693
11.95,15.004449
11.99,15.376216
7.68,7.3181686
150.0,148.82901
11.99,15.23622
11.95,15.004449
14.95,17.981943
23.9,15.004449
11.95,15.012214
150.0,148.88298
3.84,7.3099394
11.95,15.012214
150.0,148.67563
99.99,103.12848
14.95,18.004467
379.99,376.40332
29.9,17.933777
3.84,7.287693
379.99,376.09906
14.95,17.933777
99.99,103.245834
2.99,6.32743
600.0,596.0359
5.98,6.32743
99.99,103.9268
300.0,296.83633
7.68,7.287693
389.99,389.0445
11.99,15.307935
11.95,15.004449
150.0,148.6165
3.84,7.287693
11.95,15.004449
11.95,15.004449
2.99,6.32743
11.95,15.004449
700.0,696.70764
35.85,14.9966135
11.99,15.26867
2.99,6.32743
999.99,994.7814
149.99,147.11284
379.99,376.74603
150.0,148.82901
600.0,586.73315
11.95,14.962919
14.95,17.933777
379.99,376.5651
14.95,17.981943
2.99,6.32743
3.84,7.287693
99.99,103.97473
5.98,6.32743
11.99,15.406947
14.95,17.981943
3.84,7.3099394
11.5199995,7.287693
300.0,296.67743
11.95,15.004449
2.99,6.32743
149.99,147.05344
99.99,104.09479
14.95,17.933777
999.99,994.7814
11.95,14.962919
11.95,15.004449
150.0,149.19907
999.99,994.7814
109.99,116.192635
11.95,15.004449
99.99,103.442314
300.0,310.0712
3.84,7.287693
11.95,15.004449
150.0,148.88298
2.99,6.32743
11.95,14.9488125
700.0,696.45917
14.95,17.933777
7.68,7.287693
300.0,295.71185
7.68,7.287693
14.95,17.981943
150.0,148.82901
11.95,15.004449
389.99,386.1166
3.84,7.287693
23.98,15.376216
700.0,697.1036
11.99,15.26867
23.9,15.004449
2.99,6.32743
14.95,18.030027
99.99,103.83741
150.0,148.82901
14.95,17.981943
2.99,6.32743
150.0,148.6165
5.98,6.32743
99.99,103.424286
2.99,6.32743
150.0,148.82901
3.84,7.3181686
999.99,994.7814
1700.0,1696.0317
2.99,6.32743
11.99,15.39894
149.99,147.19774
11.95,15.004449
379.99,376.40332
3.84,7.3181686
23.9,15.012214
150.0,149.19907
3.84,7.287693
109.99,116.34036
300.0,296.6731
14.95,18.004467
2.99,6.32743
11.99,15.376216
3.84,7.287693
11.99,15.376216
99.99,103.61364
600.0,596.19214
14.95,17.933777
379.99,376.09906
109.99,116.462135
300.0,297.28616
150.0,148.82901
700.0,696.8847
3.84,7.3099394
11.95,14.962919
99.99,103.424286
11.95,15.004449
700.0,696.45917
379.99,376.403
2.99,6.32743
600.0,585.26215
11.99,15.374248
700.0,697.1036
14.95,17.933777
11.95,15.004449
5.98,6.32743
379.99,376.09906
11.99,15.26867
300.0,296.33118
14.95,17.981943
3.84,7.2700386
150.0,148.82901
11.95,15.004449
389.99,386.2449
11.99,15.376216
300.0,296.33118
99.99,103.79724
3.84,7.287693
2.99,6.32743
14.95,17.933777
300.0,296.2397
150.0,148.67563
999.99,994.7814
14.95,17.981943
14.95,17.981943
11.95,15.004449
14.95,17.981943
11.95,15.004449
300.0,297.12726
700.0,696.45917
600.0,596.15265
7.68,7.287693
2.99,6.32743
7.68,7.287693
11.99,15.23622
109.99,116.462135
23.9,15.023435
150.0,148.69675
99.99,104.0632
999.99,994.7814
2.99,6.32743
109.99,116.34036
99.99,103.9268
14.95,17.981943
1700.0,1695.4037
14.95,18.004467
11.95,15.004449
11.99,15.374248
150.0,148.82901
700.0,696.45917
14.95,17.981943
149.99,147.21011
600.0,596.0359
149.99,147.34627
29.9,17.981943
400.0,392.40265
11.95,15.012214
11.95,15.004449
379.99,376.5651
11.95,15.004449
2.99,6.32743
14.95,17.981943
5.98,6.32743
150.0,148.82901
300.0,296.68903
11.95,15.004449
99.99,103.99736
11.95,15.004449
11.99,15.374248
600.0,595.8439
5.98,6.32743
11.99,15.26867
11.95,14.9966135
7.68,7.287693
99.99,103.37658
150.0,148.89484
5.98,6.32743
389.99,386.43832
99.99,103.76638
2.99,6.32743
17.94,6.32743
3.84,7.287693
150.0,148.82901
3.84,7.287693
149.99,147.34627
11.95,15.023435
11.5199995,7.287693
149.99,147.05542
2.99,6.32743
700.0,696.70764
14.95,18.004467
2.99,6.32743
3.84,7.287693
11.95,15.004449
700.0,696.62866
3.84,7.287693
7.68,7.287693
600.0,595.9819
600.0,596.709
7.68,7.287693
11.99,15.374248
1700.0,1697.8785
11.99,15.39894
14.95,18.030027
600.0,596.5406
7.68,7.287693
999.99,994.7814
11.95,14.963883
150.0,148.67563
600.0,596.0359
14.95,17.981943
11.99,15.376216
3.84,7.287693
379.99,376.18167
150.0,148.82901
389.99,386.05524
600.0,595.9819
3.84,7.287693
11.99,15.307935
11.99,15.376216
99.99,103.527
2.99,6.32743
1700.0,1697.985
99.99,103.43608
700.0,696.45917
14.95,17.981943
11.99,15.307935
14.95,17.981943
2.99,6.32743
150.0,148.82901
3.84,7.287693
400.0,392.40265
23.98,15.374248
150.0,148.67563
2.99,6.32743
3.84,7.287693
11.95,15.031199
999.99,994.7814
2.99,6.32743
300.0,296.2497
3.84,7.287693
99.99,103.424286
11.95,15.012214
11.99,15.376216
14.95,17.981943
999.99,994.7814
11.99,15.376216
14.95,17.933777
389.99,386.35214
150.0,148.69675
11.95,15.012214
14.95,17.981943
11.99,15.376216
150.0,148.82901
3.84,7.3181686
23.9,15.006886
150.0,148.82901
109.99,115.880714
3.84,7.3181686
3.84,7.287693
11.95,15.004449
11.95,15.004449
11.95,15.01465
389.99,386.43832
2.99,6.32743
700.0,696.70764
2.99,6.32743
11.99,15.374248
99.99,103.806854
14.95,17.981943
23.9,15.004449
1700.0,1695.6401
11.99,15.376216
23.9,15.004449
14.95,17.981943
700.0,696.8847
14.95,17.933777
2.99,6.3160267
14.95,6.32743
99.99,103.424286
11.95,15.004449
150.0,148.82901
149.99,147.15523
14.95,17.981943
2.99,6.32743
150.0,148.82901
149.99,146.82
3.84,7.287693
5.98,6.32743
99.99,103.620766
150.0,148.82901
999.99,994.7814
109.99,116.26111
600.0,596.5406
149.99,146.86252
400.0,392.40265
300.0,296.22922
23.98,15.376216
150.0,148.82901
1700.0,1695.6522
3.84,7.3181686
1700.0,1695.473
14.95,17.981943
11.95,15.004449
2.99,6.32743
11.95,15.004449
999.99,994.7814
11.95,15.004449
3.84,7.287693
109.99,116.032906
379.99,376.5651
150.0,148.82901
389.99,386.35214
1700.0,1695.5743
99.99,104.032646
11.95,15.004449
11.99,15.406947
2.99,6.32743
11.99,15.406947
11.95,15.012214
2.99,6.3160267
23.9,15.031746
14.95,17.933777
3.84,7.287693
11.99,15.26867
29.9,17.981943
1700.0,1696.2998
11.95,15.012214
3.84,7.3181686
149.99,147.34627
11.99,15.406947
149.99,147.11284
7.68,7.287693
2.99,6.32743
389.99,386.17462
11.96,6.32743
149.99,147.11284
379.99,376.09906
11.95,15.023435
99.99,104.05471
11.99,15.376216
11.95,15.004449
3.84,7.287693
14.95,17.981943
99.99,103.694984
150.0,148.82901
2.99,6.32743
150.0,148.88298
389.99,386.09482
150.0,148.82901
11.95,15.004449
14.95,17.933777
14.95,17.981943
11.95,15.004449
109.99,116.192635
3.84,7.287693
5.98,6.32743
3.84,7.287693
99.99,103.88673
999.99,994.7814
150.0,148.67563
14.95,18.055319
99.99,103.32522
109.99,116.11382
5.98,6.32743
999.99,994.7814
379.99,375.89178
150.0,148.82901
99.99,103.97484
150.0,148.6165
3.84,7.287693
149.99,146.82
1700.0,1695.3292
600.0,599.99005
379.99,376.8746
300.0,297.54474
150.0,148.82901
99.99,103.89625
379.99,376.09906
3.84,7.287693
3.84,7.287693
14.95,17.981943
999.99,994.7814
5.98,6.3160267
3.84,7.287693
11.95,15.004449
379.99,376.40332
14.95,17.981943
300.0,298.49527
23.9,15.012214
14.95,17.981943
3.84,7.287693
11.99,15.374248
389.99,386.2449
3.84,7.287693
99.99,103.95873
149.99,147.34627
150.0,148.82901
99.99,103.43608
14.95,17.981943
14.95,17.933777
149.99,146.9776
5.98,6.32743
300.0,295.4771
2.99,6.32743
3.84,7.3099394
379.99,376.40332
11.99,15.374248
2.99,6.32743
149.99,147.11284
14.95,17.981943
11.95,14.962919
149.99,146.86252
379.99,376.09906
14.95,17.981943
3.84,7.287693
700.0,696.45917
150.0,148.6165
11.99,15.374248
11.95,15.023435
999.99,994.7814
11.95,15.004449
7.68,7.287693
2.99,6.32743
3.84,7.2700386
14.95,17.981943
7.68,7.287693
23.9,15.004449
379.99,376.41882
11.99,15.374248
14.95,17.981943
8.97,6.32743
2.99,6.32743
14.95,17.981943
2.99,6.3160267
23.9,15.012214
14.95,17.981943
700.0,696.70764
99.99,103.12848
11.99,15.374248
2.99,6.32743
11.95,15.004449
400.0,392.40265
2.99,6.32743
14.95,17.981943
99.99,103.384865
11.95,15.004449
14.95,18.004467
389.99,386.11353
3.84,7.287693
389.99,386.09482
3.84,7.2700386
14.95,17.981943
14.95,17.981943
150.0,148.82901
600.0,596.0359
3.84,7.287693
149.99,147.30376
199.98,103.76638
999.99,994.7814
11.99,15.429671
11.95,15.004449
3.84,7.287693
11.99,15.374248
300.0,297.7482
11.99,15.376216
389.99,386.26007
999.99,994.7814
11.99,15.374248
150.0,148.82901
99.99,103.97473
109.99,116.34036
149.99,147.30376
1700.0,1695.473
11.99,15.376216
389.99,386.35214
150.0,148.82901
300.0,296.24402
11.95,15.004449
99.99,103.527
700.0,696.45917
3.84,7.287693
14.95,17.981943
29.9,17.981943
11.95,14.9966135
379.99,385.1607
7.68,7.287693
379.99,376.40332
109.99,115.880714
2.99,6.32743
19.199999,7.287693
389.99,385.92
700.0,696.4546
99.99,104.0632
300.0,295.54703
11.95,15.012214
2.99,6.32743
2.99,6.32743
11.95,15.004449
11.99,15.376216
149.99,146.82
11.95,15.004449
3.84,7.2700386
3.84,7.3099394
11.99,15.39894
109.99,116.26232
149.99,147.11284
600.0,596.19214
14.95,17.981943
11.95,15.004449
29.9,17.981943
2.99,6.32743
109.99,116.2413
99.99,104.23364
11.99,15.376216
1700.0,1695.6492
14.95,17.981943
149.99,146.93521
999.99,994.7814
23.9,15.004449
8.97,6.32743
389.99,386.1869
11.99,15.376216
3.84,7.287693
11.95,14.9966135
14.95,17.933777
150.0,148.89484
3.84,7.3099394
23.98,15.26867
2.99,6.32743
14.95,17.981943
11.5199995,7.287693
11.99,15.374248
11.95,15.004449
700.0,696.45917
14.95,17.981943
1700.0,1695.422
999.99,994.7814
3.84,7.287693
150.0,148.82901
99.99,104.11638
150.0,148.82901
3.84,7.292285
23.9,15.004449
379.99,376.18167
11.99,15.396972
109.99,115.97744
14.95,17.981943
3.84,7.287693
600.0,595.8439
379.99,376.44208
3.84,7.287693
150.0,148.88298
3.84,7.287693
14.95,17.933777
150.0,148.89484
150.0,148.82901
11.95,15.023435
11.95,15.004449
11.95,15.012214
389.99,387.12247
3.84,7.2700386
150.0,148.67563
11.99,15.26867
3.84,7.287693
11.95,15.012214
600.0,586.73315
1700.0,1695.5743
11.95,14.963883
389.99,386.35645
99.99,103.88673
14.95,6.32743
11.95,15.012214
3.84,7.287693
99.99,103.424286
99.99,103.934364
11.99,15.406947
11.99,15.26867
600.0,585.26215
8.97,6.32743
3.84,7.287693
149.99,147.11284
150.0,148.82901
999.99,994.7814
14.95,17.981943
11.95,14.962919
99.99,103.76638
149.99,147.11284
149.99,147.30376
14.95,17.981943
11.95,15.004449
150.0,148.6165
11.95,15.004449
14.95,17.981943
700.0,696.45917
99.99,103.8157
11.99,15.376216
150.0,148.89484
99.99,103.83741
2.99,6.32743
150.0,148.82901
700.0,696.62866
14.95,17.981943
11.95,14.963883
3.84,7.287693
14.95,17.981943
11.95,14.962919
14.95,18.004467
11.95,15.012214
11.99,15.429671
2.99,6.506794
11.95,15.012214
14.95,17.981943
389.99,385.95078
11.95,15.012214
149.99,147.15535
3.84,7.287693
14.95,17.981943
150.0,148.69675
99.99,103.84753
14.95,17.981943
14.95,18.030027
150.0,148.82901
11.95,15.004449
600.0,586.73315
1700.0,1695.6522
14.95,17.981943
600.0,595.8439
11.95,15.004449
99.99,103.70015
11.95,14.962919
14.95,17.981943
5.98,6.32743
150.0,148.89484
11.99,15.406947
11.99,15.406947
11.99,15.307935
389.99,386.35645
2.99,6.32743
14.95,17.933777
11.95,15.004449
11.99,15.1750145
11.95,15.004449
14.95,17.981943
14.95,18.085264
14.95,17.981943
99.99,103.82594
389.99,386.24042
7.68,7.287693
389.99,386.17462
5.98,6.32743
11.95,15.012214
389.99,386.23508
150.0,148.69675
400.0,392.3747
14.95,17.981943
99.99,103.620766
7.68,7.2700386
300.0,296.46152
5.98,6.32743
14.95,17.981943
999.99,994.7814
99.99,103.75491
389.99,386.05524
3.84,7.287693
11.95,15.004449
99.99,103.82594
150.0,148.82901
2.99,6.32743
2.99,6.32743
3.84,7.2700386
150.0,148.82901
700.0,696.45917
3.84,7.287693
3.84,7.282076
11.95,15.004449
14.95,17.981943
389.99,385.94113
99.99,103.806854
389.99,386.33044
11.99,15.376216
389.99,386.1648
11.99,15.406947
3.84,7.287693
109.99,116.34036
379.99,376.09906
11.95,14.962919
999.99,994.7814
999.99,994.7814
11.99,15.406947
2.99,6.32743
379.99,376.09906
109.99,116.192635
14.95,18.034414
2.99,6.32743
11.95,15.004449
14.95,18.030027
11.99,15.376216
379.99,376.40332
700.0,696.70764
600.0,595.8439
999.99,994.7814
11.95,15.004449
999.99,994.7814
300.0,296.22922
99.99,104.04793
11.99,15.393273
2.99,6.3160267
150.0,148.82901
11.95,15.012214
8.97,6.3160267
11.99,15.374248
99.99,103.811646
150.0,148.89484
700.0,696.62866
150.0,148.82901
149.99,147.62923
14.95,17.981943
14.95,18.030027
2.99,6.32743
600.0,595.9819
700.0,696.45917
11.95,15.012214
11.99,15.376216
14.95,17.981943
700.0,696.70764
99.99,103.708275
7.68,7.3181686
11.99,15.307935
3.84,7.287693
150.0,148.7296
3.84,7.287693
7.68,7.287693
149.99,147.01093
11.95,15.004449
14.95,17.981943
600.0,595.8439
29.9,17.981943
379.99,376.09906
14.95,17.933777
300.0,296.22922
14.95,17.981943
14.95,17.981943
999.99,994.80945
300.0,297.22357
400.0,392.40265
14.95,17.981943
300.0,296.45285
11.99,15.406947
11.99,15.406947
11.95,15.012214
2.99,6.32743
600.0,596.19214
99.99,104.05471
11.95,15.004449
8.97,6.32743
11.99,15.307935
11.95,15.004449
99.99,104.032646
7.68,7.287693
11.95,15.004449
14.95,17.981943
999.99,994.7814
14.95,17.981943
600.0,586.73315
11.95,14.970684
11.99,15.376216
1700.0,1699.0679
149.99,147.09781
999.99,994.5261
11.99,15.374248
99.99,103.99217
2.99,6.32743
14.95,17.981943
11.95,15.012214
11.95,15.012214
7.68,7.3181686
14.95,18.055319
149.99,147.30376
11.5199995,7.287693
389.99,386.67395
600.0,595.9819
379.99,376.09906
11.95,15.004449
11.95,15.004449
150.0,148.82901
99.99,103.50367
379.99,376.8746
150.0,148.82901
149.99,147.34627
3.84,7.287693
700.0,696.70764
14.95,17.981943
150.0,148.89484
150.0,148.82901
11.95,15.004449
3.84,7.287693
3.84,7.287693
3.84,7.287693
600.0,596.0359
11.95,15.004449
600.0,586.73315
600.0,585.26215
14.95,18.004467
11.95,14.9966135
14.95,17.933777
379.99,376.09906
99.99,103.43608
14.95,17.981943
2.99,6.32743
99.99,103.527
300.0,297.7482
14.95,18.004467
600.0,596.1739
400.0,393.6818
11.95,15.004449
150.0,148.82901
2.99,6.32743
3.84,7.2700386
11.99,15.376216
1700.0,1698.3942
7.68,7.287693
14.95,17.981943
99.99,104.05471
2.99,6.32743
11.95,14.963883
700.0,696.62866
11.95,15.004449
150.0,148.82901
2.99,6.32743
150.0,148.82901
11.99,15.39894
150.0,148.82901
11.95,14.962919
600.0,596.15265
1700.0,1695.6401
389.99,386.07935
11.95,14.962919
99.99,103.68212
150.0,148.89484
379.99,376.11343
5.98,6.32743
11.99,15.376216
700.0,696.70764
11.99,15.519269
11.95,15.004449
3.84,7.287693
149.99,147.15535
99.99,103.35191
14.95,17.981943
3.84,7.287693
999.99,994.7814
3.84,7.3181686
700.0,696.45917
300.0,296.22922
3.84,7.287693
8.97,6.32743
35.85,15.004449
14.95,18.030027
14.95,17.981943
700.0,696.70764
14.95,17.981943
14.95,17.981943
3.84,7.3181686
7.68,7.287693
150.0,148.82901
99.99,103.65856
389.99,386.35245
11.95,15.012214
11.99,15.376216
600.0,602.9915
2.99,6.32743
11.95,15.004449
7.68,7.287693
400.0,392.40265
2.99,6.3160267
149.99,147.21011
150.0,148.82901
700.0,696.8847
3.84,7.3181686
300.0,296.67743
150.0,148.89484
149.99,146.82
149.99,147.15535
14.95,17.981943
3.84,7.287693
3.84,7.287693
999.99,994.7814
389.99,386.15256
150.0,148.82901
600.0,596.5406
11.95,15.023435
3.84,7.287693
3.84,7.287693
14.95,17.981943
99.99,104.82013
150.0,148.82901
150.0,148.69675
11.95,14.963883
149.99,147.13269
150.0,148.89484
11.95,15.012214
389.99,386.1869
2.99,6.32743
3.84,7.287693
3.84,7.287693
15.36,7.3181686
11.99,15.307935
389.99,386.0497
389.99,386.43832
7.68,7.287693
11.95,15.004449
2.99,6.32743
150.0,148.82901
300.0,296.83633
379.99,376.18167
14.95,17.981943
300.0,298.02844
150.0,148.82901
999.99,994.7814
14.95,17.981943
3.84,7.3181686
99.99,103.55503
14.95,17.981943
3.84,7.287693
11.95,15.004449
14.95,18.004467
150.0,148.88298
14.95,17.981943
99.99,104.69115
700.0,696.6241
11.99,15.406947
149.99,147.11284
2.99,6.32743
11.99,15.376216
700.0,696.70764
999.99,994.7814
11.95,15.004449
3.84,7.3181686
14.95,18.030027
150.0,148.89484
11.95,15.004449
400.0,392.40265
14.95,17.933777
14.95,17.981943
99.99,103.95768
99.99,103.708275
11.99,15.26867
150.0,148.69675
3.84,7.287693
3.84,7.292285
150.0,148.69675
700.0,696.6241
150.0,148.88298
99.99,103.966805
14.95,17.981943
400.0,392.40265
2.99,6.3160267
3.84,7.2700386
23.9,15.004449
600.0,595.96063
3.84,7.287693
700.0,696.62866
379.99,376.40332
300.0,148.6165
3.84,7.287693
109.99,116.192635
11.99,15.26867
400.0,392.5175
99.99,103.424286
11.95,15.004449
99.99,104.0632
600.0,595.96063
150.0,148.89484
14.95,17.981943
14.95,17.981943
5.98,6.32743
14.95,17.981943
300.0,296.713
14.95,17.981943
11.95,14.9966135
11.99,15.374248
11.5199995,7.287693
99.99,103.50367
149.99,147.11284
150.0,148.82901
5.98,6.32743
3.84,7.3099394
99.99,103.79724
3.84,7.287693
379.99,376.44208
600.0,585.26215
149.99,147.28122
150.0,148.67047
11.95,15.004449
11.95,15.004449
150.0,148.82901
14.95,17.981943
29.9,18.030027
3.84,7.287693
7.68,7.287693
600.0,596.5406
14.95,17.981943
150.0,148.89484
14.95,17.933777
23.9,15.004449
7.68,7.287693
11.99,15.376216
3.84,7.287693
389.99,385.95078
99.99,103.76638
2.99,6.506794
99.99,103.88673
11.99,15.39894
11.99,15.406947
14.95,17.981943
3.84,7.287693
379.99,376.1029
14.95,18.055319
150.0,148.88298
700.0,696.70764
14.95,18.034414
700.0,697.1036
300.0,296.0217
11.95,15.004449
99.99,103.65856
11.95,15.004449
150.0,148.82901
2.99,6.32743
300.0,296.38327
600.0,586.73315
149.99,147.30376
149.99,146.93521
99.99,103.44131
14.95,17.981943
3.84,7.287693
14.95,18.034414
149.99,147.11284
3.84,7.287693
14.95,17.933777
379.99,376.40332
150.0,148.67563
300.0,297.7482
14.95,17.981943
150.0,148.82901
14.95,17.981943
11.95,15.004449
2.99,6.32743
149.99,147.11284
3.84,7.3181686
99.99,103.82594
11.95,15.004449
700.0,696.45917
1700.0,1696.5453
23.9,15.004449
3.84,7.287693
14.95,17.981943
14.95,17.981943
3.84,7.287693
1700.0,1695.6675
2.99,6.32743
99.99,104.024155
99.99,103.65087
99.99,103.527
379.99,376.40332
14.95,17.981943
11.96,6.32743
150.0,148.88298
150.0,148.89484
11.95,15.004449
389.99,386.43832
11.99,15.307935
2.99,6.32743
2.99,6.32743
379.99,376.6002
389.99,386.2449
1700.0,1696.0317
11.96,6.506794
11.95,15.004449
150.0,148.82901
149.99,147.0903
600.0,596.5406
11.99,15.26867
5.98,6.32743
300.0,296.22922
11.95,15.012214
3.84,7.287693
14.95,17.981943
150.0,148.82901
700.0,696.45917
11.95,15.004449
150.0,148.82901
379.99,376.8746
700.0,696.8847
300.0,296.2397
14.95,17.981943
99.99,103.620766
150.0,148.82901
600.0,595.96063
3.84,7.287693
11.95,15.004449
150.0,148.88298
11.95,15.012214
99.99,103.55503
3.84,7.287693
400.0,392.40265
2.99,6.32743
379.99,376.09906
149.99,147.15535
11.95,15.004449
7.68,7.287693
3.84,7.287693
2.99,6.32743
2.99,6.32743
999.99,994.7814
700.0,696.70764
3.84,7.287693
3.84,7.287693
300.0,296.1356
14.95,18.004467
2.99,6.32743
600.0,596.5406
149.99,147.60657
3.84,7.3181686
2.99,6.32743
11.95,15.004449
14.95,17.981943
11.95,15.012214
99.99,104.20309
3.84,7.3099394
2.99,6.32743
150.0,148.82901
150.0,148.82901
14.95,17.981943
149.99,147.28122
11.95,15.004449
149.99,147.19774
11.95,15.004449
7.68,7.287693
5.98,6.32743
14.95,17.933777
3.84,7.287693
14.95,17.981943
379.99,375.89178
149.99,147.15523
1700.0,1695.6401
29.9,17.981943
600.0,595.9819
2.99,6.32743
379.99,376.41882
8.97,6.32743
150.0,148.89484
11.99,15.26867
400.0,392.40265
389.99,386.07486
7.68,7.3181686
11.99,15.376216
700.0,696.45917
1700.0,1695.6401
300.0,296.68903
14.95,17.981943
400.0,392.40265
150.0,148.82901
11.99,15.376216
14.95,17.981943
700.0,696.45917
300.0,296.2497
5.98,6.32743
379.99,376.58472
14.95,17.981943
2.99,6.32743
389.99,386.42328
99.99,103.424286
300.0,296.713
11.99,15.374248
11.95,15.012214
700.0,696.62866
2.99,6.32743
379.99,376.09906
150.0,148.82901
400.0,392.40265
23.9,15.004449
1700.0,1697.985
2.99,6.32743
2.99,6.32743
35.85,15.012214
5.98,6.32743
11.95,15.012214
300.0,148.82901
14.95,17.933777
14.95,17.981943
11.95,15.012214
2.99,6.32743
1700.0,1697.985
379.99,376.37854
14.95,17.981943
99.99,103.65087
11.99,15.406947
300.0,296.67743
400.0,392.5175
600.0,596.15265
2.99,6.32743
379.99,376.40332
2.99,6.32743
2.99,6.32743
149.99,147.30376
3.84,7.287693
109.99,115.90097
389.99,386.25772
5.98,6.32743
2.99,6.32743
400.0,392.40265
14.95,17.981943
11.99,15.374248
14.95,17.981943
29.9,17.981943
11.95,15.004449
2.99,6.32743
379.99,376.1029
11.95,15.023435
11.99,15.374248
389.99,386.28217
99.99,103.28905
999.99,994.5261
11.99,15.406947
14.95,17.981943
99.99,103.55998
11.99,15.307935
1700.0,1695.6522
11.99,15.376216
14.95,17.981943
11.95,15.004449
389.99,386.00906
99.99,103.57149
99.99,103.55503
600.0,595.96063
11.99,15.376216
389.99,386.2449
1700.0,1695.5743
23.98,15.23622
11.99,15.26867
29.9,17.981943
11.95,15.004449
600.0,596.0359
19.199999,7.287693
11.99,15.488538
400.0,392.40265
300.0,297.28616
11.99,15.376216
389.99,386.09482
3.84,7.287693
3.84,7.287693
14.95,17.981943
149.99,147.05344
3.84,7.287693
999.99,994.7814
11.96,6.32743
600.0,595.8439
2.99,6.32743
14.95,17.981943
14.95,17.981943
3.84,7.287693
379.99,376.09906
700.0,696.45917
149.99,147.12613
14.95,17.981943
11.99,15.429671
150.0,148.82901
700.0,696.70764
700.0,696.45917
150.0,148.89484
150.0,148.88298
99.99,103.76638
14.95,17.981943
700.0,696.70764
99.99,104.0632
700.0,696.45917
389.99,386.02106
14.95,17.981943
389.99,385.92
999.99,994.7814
14.95,18.004467
14.95,17.981943
11.99,15.376216
1700.0,1695.6401
11.95,15.004449
389.99,386.42328
999.99,994.7814
7.68,7.287693
23.9,15.004449
2.99,6.32743
379.99,376.58472
379.99,376.8746
379.99,376.09906
8.97,6.506794
99.99,103.424286
2.99,6.32743
389.99,386.35645
11.95,15.004449
389.99,386.65384
150.0,148.82901
11.99,15.406947
150.0,148.82901
14.95,17.981943
8.97,6.32743
14.95,17.933777
389.99,385.92233
600.0,585.26215
3.84,7.287693
389.99,386.36197
3.84,7.3181686
11.99,15.374248
99.99,103.51044
150.0,148.82901
3.84,7.3181686
14.95,17.981943
3.84,7.3181686
15.36,7.3099394
150.0,148.82901
150.0,148.82901
2.99,6.32743
600.0,595.8439
7.68,7.3181686
3.84,7.287693
99.99,103.424286
99.99,103.527
99.99,103.55503
389.99,386.43832
11.99,15.374248
379.99,376.8746
999.99,994.7814
999.99,994.7814
11.95,15.012214
3.84,7.287693
3.84,7.287693
11.99,15.307935
379.99,376.37854
11.99,15.376216
700.0,696.70764
149.99,147.15535
11.95,15.012214
99.99,103.8157
600.0,596.709
11.99,15.374248
150.0,148.82901
14.95,18.004467
1700.0,1695.6414
11.95,14.962919
23.9,15.004449
11.95,15.004449
2.99,6.32743
3.84,7.287693
11.96,6.32743
11.99,15.376216
2.99,6.32743
150.0,148.82901
99.99,103.28905
389.99,386.67395
149.99,147.15535
99.99,103.8157
1700.0,1695.4037
11.99,15.376216
2.99,6.32743
11.95,15.004449
11.99,15.519269
2.99,6.32743
2.99,6.32743
11.95,15.004449
2.99,6.32743
11.95,15.012214
999.99,994.7814
379.99,376.09906
11.95,14.962919
700.0,697.1036
149.99,147.15523
379.99,376.18167
300.0,295.9541
14.95,17.981943
23.9,15.004449
389.99,386.26007
3.84,7.3181686
149.99,147.0903
3.84,7.3181686
300.0,297.07864
109.99,116.36848
7.68,7.287693
14.95,17.981943
300.0,296.22922
5.98,6.32743
1700.0,1696.1173
300.0,296.32608
700.0,696.45917
300.0,296.15152
14.95,17.933777
14.95,17.981943
1700.0,1695.3292
23.9,15.012214
11.99,15.406947
14.95,17.981943
149.99,147.30376
2.99,6.32743
11.95,15.004449
600.0,595.8439
2.99,6.32743
400.0,392.40265
14.95,17.981943
1700.0,1695.6401
3.84,7.3181686
14.95,18.030027
11.95,15.012214
11.99,15.406947
5.98,6.32743
2.99,6.32743
2.99,6.32743
109.99,115.880714
14.95,17.981943
700.0,696.70764
11.95,14.962919
99.99,103.65856
11.99,15.376216
14.95,17.981943
99.99,103.835464
999.99,994.7814
3.84,7.3099394
11.95,15.004449
600.0,585.26215
99.99,103.99736
149.99,147.15523
700.0,696.6241
14.95,17.981943
11.99,15.396972
400.0,392.40265
99.99,103.811646
7.68,7.287693
99.99,103.83741
11.95,14.9966135
99.99,103.620766
3.84,7.287693
5.98,6.32743
389.99,386.4695
300.0,296.4379
379.99,376.44208
99.99,103.85617
379.99,376.18167
23.98,15.374248
99.99,104.23364
14.95,17.981943
999.99,994.7814
11.95,15.004449
2.99,6.32743
11.95,15.012214
379.99,376.44208
2.99,6.32743
23.98,15.406947
2.99,6.32743
11.99,15.406947
29.9,17.981943
2.99,6.3160267
99.99,103.88673
149.99,147.0903
99.99,103.36843
5.98,6.32743
11.95,15.004449
11.99,15.39894
2.99,6.32743
150.0,148.82901
14.95,18.030027
2.99,6.32743
99.99,103.620766
150.0,148.82901
11.95,15.004449
11.95,15.012214
389.99,387.1554
99.99,103.56226
300.0,296.24402
150.0,148.82901
11.95,15.012214
11.99,15.406947
11.99,15.26867
109.99,116.462135
11.99,15.393273
99.99,104.0632
99.99,103.527
389.99,386.07507
149.99,147.0903
11.95,15.012214
7.68,7.287693
2.99,6.32743
300.0,296.33118
14.95,17.981943
15.36,7.287693
23.9,15.004449
23.98,15.23622
2.99,6.32743
109.99,116.08315
11.99,15.26867
149.99,147.0903
14.95,17.933777
389.99,386.15256
11.5199995,7.3181686
14.95,18.386488
3.84,7.287693
14.95,17.981943
7.68,7.2700386
99.99,103.9533
99.99,103.79724
5.98,6.32743
7.68,7.287693
99.99,103.74933
3.84,7.287693
11.99,15.519269
150.0,148.88298
2.99,6.32743
3.84,7.287693
300.0,296.22922
14.95,17.981943
3.84,7.287693
11.99,15.376216
999.99,994.7814
389.99,386.43832
600.0,585.26215
14.95,17.981943
14.95,17.981943
11.95,15.012214
3.84,7.287693
99.99,103.703476
14.95,17.981943
2.99,6.32743
11.95,15.004449
149.99,147.11284
14.95,17.981943
3.84,7.3181686
3.84,7.287693
300.0,296.83633
14.95,17.981943
3.84,7.3181686
14.95,17.981943
150.0,148.82901
15.36,7.287693
29.9,17.981943
99.99,103.99217
379.99,376.6002
300.0,295.66388
379.99,376.403
600.0,596.709
600.0,595.8439
11.99,15.429671
3.84,7.287693
14.95,18.004467
3.84,7.287693
300.0,296.22922
600.0,586.73315
11.95,15.012214
11.95,15.031199
14.95,17.981943
11.95,15.004449
600.0,595.8439
11.95,15.004449
1700.0,1699.8015
3.84,7.287693
2.99,6.32743
149.99,147.69244
149.99,147.11284
300.0,296.3335
99.99,103.7314
14.95,17.981943
2.99,6.32743
389.99,387.69778
3.84,7.3099394
5.98,6.32743
99.99,103.98368
2.99,6.32743
400.0,392.40265
2.99,6.32743
11.99,15.406947
14.95,17.981943
379.99,376.09906
11.99,15.406947
149.99,147.15535
14.95,18.030027
5.98,6.32743
11.95,15.004449
3.84,7.287693
23.98,15.453925
999.99,994.7814
2.99,6.32743
14.95,18.004467
2.99,6.32743
99.99,103.28905
14.95,17.933777
8.97,6.32743
14.95,17.981943
11.95,14.962919
11.99,15.519269
99.99,103.56226
2.99,6.32743
379.99,376.403
23.9,14.963883
11.95,15.012214
11.5199995,7.287693
2.99,6.32743
99.99,103.99217
14.95,17.981943
2.99,6.32743
11.95,15.006886
2.99,6.32743
149.99,146.86252
600.0,596.82574
3.84,7.287693
11.95,15.012214
11.95,15.01465
23.98,15.376216
150.0,148.88298
300.0,295.71185
11.95,15.023435
5.98,6.3160267
14.95,18.030027
600.0,596.5406
3.84,7.3181686
23.98,15.376216
379.99,375.89178
600.0,585.26215
11.95,15.004449
7.68,7.287693
11.95,15.004449
11.95,15.012214
11.99,15.376216
11.95,15.004449
7.68,7.287693
3.84,7.287693
14.95,17.981943
11.99,15.376216
999.99,994.7814
109.99,116.031624
1700.0,1695.3292
11.99,15.376216
14.95,17.981943
99.99,103.393036
150.0,148.82901
2.99,6.32743
149.99,147.15523
23.9,15.004449
11.99,15.374248
150.0,148.75072
199.98,103.76638
99.99,104.005394
600.0,596.0359
700.0,696.62866
300.0,295.56528
1700.0,1695.6522
389.99,386.17462
14.95,17.981943
2.99,6.32743
11.95,15.004449
7.68,7.287693
3.84,7.287693
11.95,15.004449
389.99,386.43832
300.0,296.713
99.99,103.52332
11.95,15.004449
150.0,148.68233
149.99,147.12613
600.0,596.0359
99.99,103.65087
2.99,6.32743
11.95,15.012214
150.0,148.67563
2.99,6.32743
379.99,376.09906
11.95,15.004449
379.99,375.89178
14.95,17.981943
14.95,17.981943
149.99,147.01093
14.95,17.981943
700.0,697.3461
2.99,6.32743
2.99,6.32743
11.95,15.004449
3.84,7.287693
11.95,15.004449
99.99,103.76638
99.99,103.7314
99.99,103.68212
150.0,148.89484
8.97,6.3160267
11.99,15.396972
150.0,148.89484
11.99,15.23622
14.95,17.981943
11.99,15.1750145
11.99,15.26867
700.0,696.45917
3.84,7.287693
14.95,17.981943
3.84,7.287693
600.0,596.0359
379.99,376.74603
379.99,376.1029
149.99,147.05344
14.95,17.933777
14.95,17.981943
11.95,15.012214
150.0,148.82901
600.0,595.96063
11.99,15.374248
11.95,15.004449
600.0,595.9819
3.84,7.287693
2.99,6.32743
11.99,15.374248
8.97,6.32743
600.0,595.96063
3.84,7.287693
600.0,596.19214
29.9,17.981943
14.95,17.981943
99.99,103.424286
389.99,386.09482
14.95,17.981943
14.95,17.981943
2.99,6.32743
149.99,147.30376
14.95,18.055319
11.95,15.004449
3.84,7.2700386
11.99,15.376216
700.0,697.6562
11.95,15.012214
14.95,17.981943
3.84,7.3099394
700.0,696.45917
14.95,17.981943
11.99,15.453925
600.0,595.8439
11.95,15.012214
379.99,376.09906
14.95,17.981943
14.95,17.981943
11.95,15.004449
2.99,6.32743
109.99,116.03735
11.95,15.004449
14.95,17.933777
11.95,15.012214
14.95,17.981943
11.95,15.012214
2.99,6.32743
11.95,15.012214
3.84,7.287693
11.95,15.012214
3.84,7.287693
600.0,596.0359
3.84,7.287693
11.99,15.376216
11.95,15.012214
3.84,7.287693
150.0,148.82901
11.95,15.012214
11.95,15.004449
14.95,17.981943
379.99,376.09906
99.99,103.83741
11.99,15.376216
11.95,15.004449
99.99,103.966805
11.99,15.374248
14.95,18.030027
11.95,15.004449
600.0,596.0359
300.0,298.32
14.95,18.030027
2.99,6.32743
11.99,15.376216
600.0,596.109
150.0,148.6165
99.99,103.527
3.84,7.287693
149.99,147.01093
600.0,595.8439
11.99,15.453925
99.99,103.245834
3.84,7.287693
600.0,595.8439
379.99,376.11343
2.99,6.32743
300.0,295.8915
11.96,6.32743
3.84,7.287693
11.95,15.012214
11.95,15.004449
35.85,14.9966135
99.99,104.82013
99.99,103.28905
2.99,6.32743
2.99,6.32743
7.68,7.287693
14.95,18.055319
23.98,15.406947
3.84,7.287693
2.99,6.32743
150.0,148.69675
1700.0,1695.6522
3.84,7.287693
14.95,17.981943
14.95,17.981943
11.95,15.004449
11.99,15.376216
14.95,18.030027
600.0,596.0359
99.99,103.35191
2.99,6.32743
3.84,7.287693
109.99,116.34036
14.95,17.933777
11.99,15.374248
150.0,148.6165
600.0,596.0359
700.0,696.62866
11.95,15.004449
14.95,17.981943
389.99,386.26007
150.0,148.82901
14.95,17.981943
109.99,115.97744
2.99,6.32743
2.99,6.32743
14.95,17.933777
150.0,148.82901
700.0,696.70764
11.95,15.004449
23.98,15.406947
300.0,296.6731
7.68,7.287693
150.0,148.82901
8.97,6.32743
600.0,596.5406
150.0,148.82901
109.99,116.411575
300.0,295.91846
11.95,15.012214
11.95,15.004449
14.95,17.981943
389.99,386.2449
99.99,103.694984
8.97,6.3160267
99.99,103.76638
99.99,103.20875
11.95,15.004449
2.99,6.32743
11.95,15.004449
3.84,7.3099394
2.99,6.32743
400.0,392.40265
389.99,386.67395
700.0,696.70764
11.99,15.406947
14.95,17.933777
3.84,7.287693
7.68,7.287693
11.99,15.374248
3.84,7.287693
99.99,103.95873
600.0,596.109
14.95,17.981943
379.99,376.09906
14.95,17.981943
14.95,17.981943
11.95,15.012214
7.68,7.287693
5.98,6.32743
300.0,297.13208
99.99,103.637634
300.0,296.34396
14.95,17.981943
14.95,17.981943
150.0,148.82901
7.68,7.287693
11.99,15.374248
14.95,17.981943
3.84,7.287693
11.95,14.963883
389.99,386.09482
11.99,15.393273
1700.0,1696.3542
99.99,104.005394
600.0,595.8439
11.99,15.376216
300.0,296.15152
5.98,6.32743
3.84,7.287693
150.0,148.67563
14.95,17.981943
5.98,6.32743
11.96,6.32743
11.95,15.004449
2.99,6.32743
300.0,296.83633
2.99,6.32743
149.99,146.86252
11.99,15.376216
14.95,17.981943
99.99,103.83741
99.99,103.88673
300.0,296.6731
5.98,6.3160267
14.95,18.004467
3.84,7.287693
150.0,148.9488
8.97,6.32743
379.99,377.243
3.84,7.3181686
11.95,15.01465
700.0,696.70764
379.99,376.40332
11.99,15.376216
14.95,17.981943
379.99,376.403
14.95,17.981943
11.95,15.012214
389.99,386.00458
379.99,376.41882
7.68,7.287693
14.95,17.981943
3.84,7.287693
389.99,386.67395
11.95,15.012214
600.0,596.5406
150.0,148.89484
14.95,17.981943
149.99,147.30376
999.99,994.80945
11.5199995,7.2700386
600.0,596.109
14.95,17.981943
5.98,6.32743
379.99,377.00977
150.0,148.82901
11.95,15.004449
11.99,15.376216
150.0,148.82901
11.95,15.004449
3.84,7.287693
700.0,696.45917
700.0,696.70764
7.68,7.287693
11.95,14.9966135
149.99,147.05344
99.99,103.934364
11.95,15.004449
11.95,15.012214
109.99,116.34036
7.68,7.287693
14.95,17.933777
389.99,386.05524
150.0,148.82901
2.99,6.32743
700.0,696.8847
149.99,147.15535
7.68,7.287693
2.99,6.32743
150.0,148.82901
150.0,148.82901
11.95,15.012214
2.99,6.32743
999.99,994.7814
149.99,147.28122
14.95,17.981943
11.99,15.376216
1700.0,1696.9395
1700.0,1695.5613
11.95,15.004449
600.0,597.2137
2.99,6.32743
2.99,6.32743
389.99,386.28217
150.0,148.82901
99.99,103.637245
11.99,15.376216
150.0,148.88298
3.84,7.287693
7.68,7.287693
11.95,15.004449
379.99,376.40332
379.99,376.09906
99.99,104.16261
150.0,148.6165
150.0,148.88298
150.0,148.89484
379.99,376.41882
379.99,376.58472
11.95,15.023435
23.9,15.012214
11.99,15.376216
7.68,7.3099394
149.99,147.11284
3.84,7.2700386
3.84,7.287693
149.99,147.05344
14.95,17.981943
2.99,6.32743
379.99,376.40332
14.95,17.981943
14.95,18.055319
3.84,7.287693
150.0,148.82901
149.99,147.11284
99.99,103.966805
2.99,6.32743
14.95,17.981943
600.0,596.1739
14.95,18.030027
150.0,148.82901
2.99,6.32743
600.0,596.109
400.0,392.40265
1700.0,1695.5743
99.99,103.55503
3.84,7.287693
600.0,596.1739
600.0,596.109
11.99,15.406947
11.95,15.004449
99.99,103.510704
99.99,103.442314
400.0,392.40265
14.95,17.981943
5.98,6.32743
11.95,15.004449
14.95,17.981943
11.99,15.376216
379.99,376.40332
29.9,17.981943
14.95,18.030027
14.95,17.981943
2.99,6.32743
11.95,15.004449
11.95,15.004449
14.95,17.933777
300.0,295.5696
999.99,994.7814
99.99,103.424286
149.99,147.15535
150.0,148.82901
149.99,147.15523
11.95,15.004449
99.99,104.23364
300.0,295.80002
11.95,15.012214
150.0,148.88298
3.84,7.287693
2.99,6.32743
14.95,17.981943
3.84,7.3099394
109.99,116.26232
5.98,6.32743
8.97,6.32743
5.98,6.32743
11.95,15.012214
11.99,15.1750145
11.99,15.406947
11.95,15.012214
11.95,15.004449
11.95,15.012214
11.95,15.012214
149.99,147.34627
11.99,15.376216
11.95,15.004449
11.95,15.012214
11.99,15.376216
14.95,17.933777
14.95,17.981943
23.9,14.9966135
2.99,6.32743
11.95,15.004449
300.0,297.7482
199.98,103.8309
99.99,104.0632
29.9,17.981943
150.0,148.82901
11.5199995,7.287693
5.98,6.32743
3.84,7.287693
11.95,14.962919
14.95,18.030027
150.0,148.69675
14.95,17.981943
11.95,15.004449
11.95,15.004449
999.99,994.7814
2.99,6.32743
3.84,7.287693
11.99,15.406947
99.99,103.65856
379.99,376.403
3.84,7.287693
11.99,15.374248
99.99,103.620766
3.84,7.2700386
149.99,147.13269
29.9,17.981943
11.99,15.374248
150.0,148.82901
29.9,17.981943
149.99,147.34627
700.0,696.70764
700.0,696.8847
3.84,7.287693
2.99,6.32743
2.99,6.32743
389.99,386.09482
150.0,148.67563
14.95,17.981943
11.95,15.012214
14.95,17.981943
2.99,6.32743
11.99,15.26867
29.9,17.981943
14.95,17.981943
29.9,17.981943
99.99,103.9268
3.84,7.287693
2.99,6.32743
299.98,147.34627
150.0,148.82901
11.95,14.963883
11.95,15.004449
3.84,7.2700386
14.95,17.981943
7.68,7.287693
600.0,596.0359
149.99,147.15523
149.99,147.19774
389.99,386.1648
11.99,15.376216
3.84,7.287693
14.95,17.981943
11.95,15.004449
14.95,17.981943
300.0,298.32
2.99,6.32743
150.0,148.89484
11.95,15.004449
700.0,696.45917
14.95,18.030027
700.0,696.62866
109.99,116.15235
400.0,392.40265
3.84,7.287693
14.95,17.933777
700.0,696.45917
150.0,148.89484
3.84,7.3099394
11.99,15.376216
150.0,148.89484
23.9,15.004449
99.99,104.60411
400.0,392.5175
29.9,18.030027
11.99,15.393273
14.95,17.981943
109.99,116.490395
600.0,585.26215
3.84,7.287693
2.99,6.32743
29.9,17.933777
150.0,148.9488
150.0,148.82901
99.99,104.032646
14.95,17.981943
5.98,6.32743
14.95,17.981943
1700.0,1695.6127
379.99,376.11343
2.99,6.32743
11.99,15.376216
2.99,6.32743
999.99,1000.99133
3.84,7.287693
11.5199995,7.287693
149.99,147.11284
2.99,6.32743
389.99,386.0497
99.99,104.04793
3.84,7.2700386
11.95,15.004449
150.0,148.75072
109.99,115.95189
379.99,376.18167
99.99,103.7314
1700.0,1695.6675
11.99,15.406947
99.99,104.20309
150.0,148.69675
2.99,6.32743
149.99,147.13269
11.95,15.023435
3.84,7.287693
7.68,7.287693
7.68,7.287693
11.95,15.023435
600.0,595.8439
99.99,103.99736
300.0,299.59525
99.99,103.694984
14.95,17.981943
700.0,696.4546
11.99,15.26867
149.99,147.11284
149.99,147.11284
14.95,17.981943
149.99,147.0903
11.99,15.376216
14.95,17.981943
14.95,17.981943
300.0,296.22922
999.99,994.7814
150.0,148.82901
14.95,17.981943
150.0,148.69675
389.99,386.07935
11.99,15.374248
3.84,7.287693
14.95,17.981943
11.95,15.004449
5.98,6.32743
389.99,386.36197
23.9,14.963883
11.99,15.376216
14.95,18.004467
999.99,994.7814
700.0,696.45917
11.99,15.420968
3.84,7.287693
11.95,15.004449
14.95,17.981943
14.95,17.981943
14.95,17.981943
149.99,147.15535
600.0,586.73315
379.99,376.11343
389.99,386.15256
11.95,15.023435
23.98,15.307935
14.95,17.981943
700.0,696.45917
2.99,6.3160267
3.84,7.287693
14.95,17.981943
11.95,15.004449
3.84,7.287693
3.84,7.287693
14.95,17.981943
1700.0,1695.6401
14.95,17.981943
150.0,148.54337
99.99,103.43608
150.0,148.82901
150.0,148.82901
14.95,17.981943
150.0,148.82901
11.95,15.004449
99.99,103.83741
379.99,376.09906
999.99,994.7814
3.84,7.287693
150.0,148.48424
99.99,103.99736
11.95,15.012214
11.95,15.012214
3.84,7.287693
149.99,146.93521
150.0,148.82901
14.95,17.981943
2.99,6.32743
300.0,296.24402
14.95,17.981943
2.99,6.32743
600.0,586.73315
11.99,15.1750145
11.99,15.376216
149.99,147.21011
3.84,7.287693
300.0,297.27567
600.0,595.96063
2.99,6.32743
2.99,6.32743
5.98,6.32743
5.98,6.32743
389.99,386.43832
150.0,148.75072
1700.0,1695.6414
3.84,7.287693
99.99,103.3635
11.99,15.26867
11.5199995,7.2700386
2.99,6.32743
150.0,148.69675
99.99,103.97473
14.95,17.981943
379.99,376.18167
7.68,7.287693
379.99,376.09906
2.99,6.3160267
379.99,376.6002
149.99,147.0903
2.99,6.32743
5.98,6.32743
99.99,103.41523
3.84,7.287693
11.99,15.307935
99.99,103.43608
99.99,104.0632
389.99,387.0941
379.99,376.09906
14.95,17.981943
3.84,7.287693
700.0,697.1036
3.84,7.287693
2.99,6.32743
5.98,6.32743
23.9,15.012214
99.99,103.806854
14.95,17.981943
149.99,147.34627
99.99,104.0632
5.98,6.32743
11.99,15.26867
300.0,295.91846
389.99,386.2449
149.99,147.30376
14.95,17.981943
149.99,147.15535
5.98,6.32743
14.95,17.981943
150.0,148.82901
379.99,376.8746
11.99,15.406947
3.84,7.287693
150.0,148.82901
3.84,7.287693
700.0,696.70764
700.0,696.45917
150.0,148.6165
11.99,15.376216
379.99,376.2752
7.68,7.287693
400.0,392.40265
11.95,15.004449
2.99,6.32743
11.99,15.519269
389.99,386.15256
99.99,103.97484
11.95,15.004449
99.99,103.67772
11.95,14.970684
300.0,297.28616
99.99,103.98368
600.0,585.26215
1700.0,1695.6401
14.95,17.981943
379.99,376.41882
14.95,18.004467
3.84,7.292285
14.95,17.981943
109.99,116.34036
99.99,103.424286
99.99,103.7314
149.99,147.11284
14.95,17.981943
14.95,17.981943
3.84,7.287693
2.99,6.32743
3.84,7.287693
5.98,6.32743
11.95,15.004449
149.99,146.93521
149.99,147.11284
23.98,15.307935
149.99,147.15523
150.0,148.82901
14.95,17.981943
300.0,296.0217
14.95,17.981943
150.0,148.82901
7.68,7.287693
379.99,375.89178
150.0,148.69675
150.0,148.67563
14.95,17.981943
14.95,17.981943
23.98,15.376216
300.0,296.24402
99.99,103.28018
150.0,148.69675
15.36,7.287693
150.0,148.82901
99.99,103.41979
99.99,103.634415
11.95,15.004449
14.95,17.981943
3.84,7.287693
11.95,15.004449
14.95,17.981943
8.97,6.32743
11.99,15.376216
7.68,7.287693
300.0,297.28616
99.99,103.8157
3.84,7.282076
149.99,147.19774
11.95,15.012214
149.99,146.93521
14.95,17.981943
11.99,15.307935
1700.0,1695.6401
999.99,994.5261
2.99,6.3160267
11.95,15.148256
2.99,6.32743
99.99,103.83741
379.99,376.5651
999.99,994.7814
14.95,17.981943
99.99,103.88673
150.0,149.33424
700.0,696.70764
14.95,17.981943
11.99,15.376216
999.99,994.7814
3.84,7.287693
29.9,18.004467
300.0,296.11356
1700.0,1700.045
99.99,103.424286
5.98,6.32743
1700.0,1696.1173
99.99,105.02847
1700.0,1695.3292
14.95,17.981943
11.95,15.012214
3.84,7.3099394
14.95,18.055319
300.0,296.713
11.95,15.004449
3.84,7.287693
11.95,14.963883
11.95,15.004449
11.95,15.012214
999.99,994.7814
7.68,7.287693
150.0,148.82901
600.0,596.0359
23.98,15.376216
700.0,696.70764
3.84,7.287693
3.84,7.287693
11.95,15.004449
379.99,376.44208
3.84,7.287693
700.0,696.70764
389.99,386.65384
109.99,116.36848
400.0,392.40265
150.0,148.82901
700.0,697.3461
23.9,15.004449
23.9,15.012214
300.0,296.3753
11.99,15.374248
3.84,7.3181686
149.99,147.19774
11.95,15.012214
11.95,15.004449
3.84,7.3099394
14.95,18.004467
11.99,15.406947
11.99,15.406947
14.95,18.030027
99.99,103.7056
150.0,148.82901
999.99,994.8964
14.95,18.030027
2.99,6.32743
600.0,596.15265
400.0,392.40265
150.0,148.82901
150.0,148.89484
400.0,392.40265
149.99,147.0903
11.95,15.004449
99.99,103.83741
99.99,103.83741
14.95,18.004467
11.95,15.004449
109.99,116.34036
999.99,994.7814
14.95,18.004467
109.99,116.09542
99.99,103.527
149.99,147.30376
150.0,148.82901
700.0,696.45917
150.0,148.67563
3.84,7.3099394
14.95,18.030027
149.99,147.15535
3.84,7.287693
109.99,116.192635
1700.0,1709.7152
14.95,17.933777
99.99,103.76638
11.99,15.330659
2.99,6.32743
11.95,15.004449
700.0,696.45917
3.84,7.287693
8.97,6.32743
11.99,15.376216
150.0,148.82901
11.95,15.004449
389.99,387.1554
11.95,15.004449
11.95,15.004449
109.99,116.26111
11.95,15.004449
700.0,696.70764
11.99,15.374248
379.99,376.09906
389.99,386.2449
999.99,994.7814
300.0,296.22922
14.95,17.981943
389.99,386.33044
2.99,6.32743
2.99,6.32743
11.95,15.004449
999.99,994.7814
3.84,7.287693
300.0,295.78232
150.0,148.88298
600.0,596.19214
2.99,6.32743
99.99,103.83741
149.99,147.11284
700.0,696.70764
400.0,392.40265
150.0,148.67563
149.99,147.19774
400.0,392.40265
7.68,7.287693
5.98,6.32743
99.99,103.88673
3.84,7.287693
7.68,7.3181686
150.0,148.82901
99.99,103.78875
14.95,17.981943
700.0,696.45917
3.84,7.287693
11.99,15.376216
7.68,7.287693
7.68,7.287693
11.99,15.406947
14.95,17.933777
11.95,15.004449
2.99,6.32743
7.68,7.3181686
14.95,17.981943
400.0,392.3747
99.99,103.99736
11.99,15.406947
999.99,994.7814
11.95,15.012214
5.98,6.32743
2.99,6.32743
149.99,147.15535
600.0,595.8439
3.84,7.287693
11.99,15.376216
99.99,103.88673
14.95,17.981943
150.0,148.82901
1700.0,1695.6522
150.0,148.82901
99.99,103.424286
600.0,585.26215
23.98,15.26867
14.95,17.981943
3.84,7.287693
11.99,15.374248
99.99,103.76638
379.99,376.09906
3.84,7.287693
14.95,17.981943
400.0,392.40265
600.0,596.15265
600.0,596.0359
999.99,994.7814
2.99,6.32743
150.0,148.67563
109.99,115.82349
11.95,15.004449
2.99,6.32743
600.0,596.1739
1700.0,1695.5743
99.99,103.668335
3.84,7.287693
600.0,596.0359
2.99,6.32743
300.0,295.80002
150.0,148.69675
11.99,15.406947
11.95,15.004449
14.95,17.981943
2.99,6.32743
150.0,148.82901
11.95,14.963883
700.0,696.45917
11.95,14.970684
149.99,147.21011
3.84,7.287693
11.99,15.376216
149.99,146.86252
2.99,6.32743
99.99,103.9268
14.95,18.030027
149.99,147.15535
11.95,15.004449
1700.0,1696.9395
600.0,596.0359
99.99,104.0632
14.95,17.981943
11.95,15.004449
99.99,103.424286
149.99,147.19774
11.95,14.962919
3.84,7.287693
99.99,104.032646
999.99,994.7814
11.99,15.393273
11.95,15.012214
14.95,17.981943
11.95,15.004449
3.84,7.287693
14.95,17.981943
11.95,15.012214
11.99,15.406947
11.95,15.012214
389.99,386.10904
600.0,596.15265
150.0,148.9488
3.84,7.287693
149.99,147.15535
11.95,15.012214
99.99,103.76638
11.95,15.012214
23.98,15.406947
3.84,7.3181686
14.95,17.933777
11.99,15.374248
14.95,17.981943
11.95,15.012214
700.0,696.6241
14.95,17.981943
99.99,103.68212
150.0,148.6165
379.99,376.40332
99.99,103.83741
11.99,15.376216
11.99,15.374248
23.9,15.004449
600.0,596.0359
3.84,7.3181686
150.0,148.69675
29.9,17.933777
11.95,15.004449
5.98,6.32743
999.99,994.7814
11.95,15.023435
11.95,14.9966135
11.95,15.004449
150.0,148.82901
14.95,17.981943
7.68,7.2700386
2.99,6.32743
23.98,15.406947
149.99,147.15535
14.95,17.981943
1700.0,1697.985
150.0,148.89484
14.95,17.981943
11.5199995,7.287693
11.95,15.004449
14.95,17.981943
2.99,6.32743
109.99,116.19889
149.99,147.15535
14.95,17.981943
3.84,7.287693
2.99,6.32743
2.99,6.32743
11.99,15.374248
11.95,15.004449
23.9,15.004449
11.95,15.004449
99.99,103.99736
11.95,15.004449
1700.0,1695.6414
11.95,15.012214
5.98,6.32743
300.0,296.22922
1700.0,1695.5743
11.99,15.376216
47.8,15.004449
149.99,146.86252
700.0,697.3461
389.99,386.02106
3.84,7.287693
149.99,147.19774
11.95,15.004449
7.68,7.3181686
389.99,387.69778
150.0,148.89484
700.0,696.45917
11.99,15.374248
11.99,15.23622
600.0,596.0359
11.95,14.9966135
3.84,7.287693
109.99,115.82349
600.0,596.15265
150.0,148.88298
11.99,15.26867
149.99,146.9049
5.98,6.32743
5.98,6.32743
379.99,376.44208
11.99,15.374248
1700.0,1695.6675
2.99,6.32743
379.99,376.09906
700.0,696.45917
5.98,6.32743
7.68,7.287693
11.95,15.004449
29.9,17.981943
150.0,148.75072
99.99,103.8157
389.99,386.07486
3.84,7.287693
109.99,116.02116
23.9,15.004449
600.0,596.0359
11.99,15.23622
7.68,7.3181686
150.0,148.82901
3.84,7.287693
14.95,17.981943
11.95,15.004449
11.95,15.004449
2.99,6.32743
99.99,103.909454
2.99,6.32743
11.95,15.004449
11.95,15.004449
1700.0,1695.6401
389.99,386.00458
11.99,15.23622
379.99,376.6002
379.99,376.5651
11.99,15.406947
150.0,148.82901
1700.0,1696.3542
11.95,15.012214
3.84,7.287693
14.95,18.034414
11.99,15.406947
2.99,6.32743
150.0,148.82901
14.95,17.981943
3.84,7.287693
99.99,103.424286
400.0,392.40265
11.95,14.963883
379.99,376.8746
389.99,386.67395
2.99,6.32743
99.99,103.703476
23.98,15.406947
14.95,18.386488
150.0,148.54337
11.95,15.004449
1700.0,1695.6414
7.68,7.287693
3.84,7.287693
600.0,596.5406
99.99,104.69115
14.95,17.981943
999.99,994.7814
700.0,696.70764
5.98,6.32743
3.84,7.287693
150.0,148.82901
2.99,6.3160267
1700.0,1695.6414
700.0,696.70764
7.68,7.3181686
5.98,6.32743
389.99,386.07486
8.97,6.32743
14.95,17.981943
3.84,7.287693
300.0,297.19553
3.84,7.287693
99.99,103.33066
400.0,392.40265
300.0,295.70886
11.99,15.406947
3.84,7.287693
389.99,388.36035
11.99,15.406947
11.95,15.004449
3.84,7.3181686
3.84,7.287693
2.99,6.506794
14.95,17.981943
14.95,17.981943
379.99,376.09906
150.0,148.82901
199.98,103.85617
149.99,147.2525
389.99,386.8119
999.99,994.7814
1700.0,1695.6522
5.98,6.32743
2.99,6.32743
23.98,15.406947
99.99,103.87749
7.68,7.287693
300.0,296.24402
11.99,15.406947
3.84,7.287693
99.99,104.0632
14.95,17.981943
379.99,375.89178
700.0,696.70764
600.0,585.26215
14.95,18.004467
11.95,15.012214
11.99,15.23622
11.99,15.406947
700.0,696.70764
99.99,103.09601
700.0,696.45917
700.0,697.3461
99.99,103.49425
150.0,148.82901
1700.0,1695.3777
379.99,376.403
3.84,7.292285
700.0,696.45917
14.95,17.981943
3.84,7.287693
2.99,6.32743
11.99,15.374248
99.99,104.16261
600.0,596.109
11.99,15.374248
149.99,147.24634
11.99,15.26867
11.99,15.307935
11.95,15.004449
700.0,696.45917
99.99,103.934364
300.0,297.28616
99.99,103.99736
2.99,6.32743
11.99,15.406947
11.99,15.376216
2.99,6.3160267
379.99,376.40332
11.95,15.012214
389.99,386.10904
999.99,994.7814
1700.0,1695.473
11.95,15.004449
11.95,15.004449
3.84,7.287693
3.84,7.287693
11.95,15.004449
11.95,15.004449
11.95,15.004449
2.99,6.32743
99.99,103.703476
149.99,147.09781
700.0,696.45917
14.95,17.981943
2.99,6.32743
99.99,104.04793
149.99,147.15535
700.0,696.70764
11.99,15.406947
1700.0,1695.6414
14.95,17.981943
99.99,103.28905
3.84,7.287693
14.95,18.055319
400.0,393.22757
23.9,15.004449
23.9,15.004449
11.95,15.004449
99.99,104.09479
389.99,386.07935
11.99,15.376216
11.99,15.374248
7.68,7.287693
11.95,15.004449
14.95,17.981943
600.0,595.9819
389.99,386.3053
999.99,994.7814
150.0,148.82901
99.99,103.36843
379.99,376.09906
149.99,147.24634
3.84,7.287693
99.99,104.032646
150.0,148.82901
379.99,376.09906
14.95,17.981943
3.84,7.287693
5.98,6.32743
14.95,18.386488
23.9,15.004449
99.99,103.88673
109.99,116.79018
99.99,103.36843
2.99,6.32743
11.95,15.004449
700.0,696.70764
150.0,148.69675
3.84,7.2700386
600.0,596.19214
14.95,17.981943
11.95,15.004449
99.99,103.3635
2.99,6.32743
14.95,17.981943
14.95,17.981943
389.99,385.84973
150.0,148.67563
700.0,696.45917
11.95,15.004449
109.99,115.79502
11.96,6.32743
1700.0,1695.473
109.99,116.192635
700.0,696.45917
11.99,15.376216
999.99,994.7814
1700.0,1695.5743
389.99,386.07486
8.97,6.32743
600.0,596.1739
11.99,15.376216
11.95,15.004449
700.0,696.62866
14.95,17.933777
11.95,15.012214
7.68,7.287693
11.99,15.374248
99.99,104.0632
2.99,6.32743
5.98,6.32743
2.99,6.32743
2.99,6.32743
150.0,148.67563
3.84,7.287693
999.99,994.7814
7.68,7.287693
700.0,696.45917
99.99,103.99736
600.0,595.9819
11.95,14.963883
2.99,6.32743
14.95,17.981943
149.99,147.15523
109.99,116.18341
11.99,15.406947
3.84,7.287693
11.99,15.374248
700.0,696.45917
7.68,7.287693
1700.0,1699.0679
149.99,147.11284
14.95,17.981943
149.99,147.15535
389.99,386.2449
2.99,6.32743
3.84,7.287693
14.95,17.981943
150.0,148.89484
11.95,15.004449
2.99,6.32743
11.99,15.406947
3.84,7.3181686
149.99,147.15535
99.99,103.82594
11.95,14.962919
99.99,103.64621
14.95,17.981943
379.99,376.09906
14.95,18.004467
379.99,376.44208
7.68,7.287693
11.99,15.307935
400.0,392.5175
14.95,17.981943
2.99,6.32743
11.95,15.004449
2.99,6.32743
150.0,148.82901
11.99,15.374248
11.95,15.004449
11.99,15.374248
379.99,376.09906
150.0,148.82901
11.99,15.376216
150.0,149.19907
44.85,17.981943
23.9,15.004449
600.0,595.8439
5.98,6.32743
11.95,15.004449
14.95,17.981943
3.84,7.2700386
150.0,148.67563
11.99,15.376216
150.0,148.67563
14.95,17.981943
1700.0,1695.6401
14.95,17.933777
23.98,15.39894
3.84,7.287693
150.0,148.82901
99.99,103.86602
14.95,6.32743
2.99,6.32743
600.0,596.19214
29.9,17.981943
700.0,697.3461
5.98,6.32743
3.84,7.287693
14.95,17.981943
1700.0,1695.473
149.99,147.11284
150.0,148.89484
109.99,116.76497
999.99,994.7814
11.95,15.004449
3.84,7.3099394
11.99,15.406947
11.95,15.012214
3.84,7.3099394
149.99,147.11284
379.99,377.6057
11.99,15.406947
11.99,15.376216
2.99,6.32743
14.95,17.981943
11.96,6.32743
389.99,386.43832
11.99,15.1750145
150.0,148.89484
389.99,385.92
99.99,104.23364
99.99,103.620766
2.99,6.32743
600.0,595.96063
2.99,6.32743
99.99,103.95768
14.95,17.981943
23.98,15.23622
11.99,15.406947
109.99,116.34036
109.99,116.192635
379.99,376.44208
999.99,994.7814
3.84,7.287693
11.99,15.376216
11.95,15.012214
11.99,15.376216
14.95,17.981943
11.99,15.376216
14.95,17.981943
3.84,7.287693
3.84,7.287693
150.0,148.82901
14.95,17.933777
11.95,15.004449
149.99,147.21011
150.0,148.89484
379.99,376.11343
99.99,103.424286
150.0,148.82901
14.95,17.981943
150.0,148.82901
14.95,17.981943
300.0,297.01477
3.84,7.287693
5.98,6.32743
2.99,6.32743
99.99,103.515465
11.99,15.429671
3.84,7.287693
3.84,7.3181686
300.0,297.13953
300.0,298.32
14.95,17.981943
11.99,15.406947
14.95,17.933777
99.99,104.0632
14.95,17.981943
99.99,104.62093
700.0,697.4867
700.0,696.6241
389.99,386.35214
2.99,6.32743
2.99,6.32743
600.0,596.5406
11.95,15.012214
150.0,148.82901
14.95,17.981943
11.5199995,7.287693
150.0,148.82901
389.99,386.28217
379.99,376.74603
379.99,376.1029
999.99,994.7814
379.99,376.09906
14.95,17.981943
389.99,386.31033
379.99,376.5651
3.84,7.3099394
5.98,6.32743
99.99,103.32522
300.0,296.13287
11.99,15.396972
11.99,15.26867
14.95,18.004467
99.99,104.23364
379.99,376.09906
7.68,7.287693
149.99,147.0903
5.98,6.3160267
11.99,15.307935
149.99,147.0903
150.0,148.67563
2.99,6.32743
5.98,6.32743
600.0,595.96063
389.99,386.09482
7.68,7.287693
11.99,15.26867
23.98,15.374248
14.95,17.981943
2.99,6.32743
99.99,103.50367
2.99,6.32743
99.99,103.28905
14.95,17.981943
11.95,14.9488125
11.99,15.374248
150.0,148.75072
379.99,379.57837
379.99,379.73654
400.0,417.28836
5.98,6.32743
2.99,6.32743
7.68,7.287693
400.0,392.40265
11.95,15.004449
11.96,6.32743
11.99,15.23622
11.99,15.376216
99.99,103.74796
99.99,104.0632
99.99,103.708275
2.99,6.32743
11.95,15.004449
389.99,386.24042
11.99,15.374248
99.99,103.79724
11.95,15.004449
14.95,18.030027
14.95,17.981943
11.99,15.307935
3.84,7.287693
150.0,148.82901
999.99,994.7814
700.0,696.45917
99.99,103.28905
2.99,6.32743
11.95,15.004449
3.84,7.287693
99.99,103.966805
379.99,376.5651
150.0,148.69675
379.99,376.09906
2.99,6.32743
14.95,17.981943
2.99,6.32743
99.99,104.0632
379.99,375.89178
149.99,147.15535
700.0,696.70764
149.99,147.11284
109.99,116.18341
11.99,15.374248
3.84,7.287693
14.95,17.981943
389.99,386.17462
2.99,6.32743
11.95,15.004449
5.98,6.32743
999.99,994.5261
5.98,6.32743
11.99,15.406947
700.0,696.70764
5.98,6.32743
14.95,18.004467
14.95,17.981943
3.84,7.282076
11.95,15.004449
23.98,15.406947
2.99,6.32743
11.5199995,7.2700386
11.99,15.406947
11.99,15.406947
14.95,17.981943
150.0,148.88298
11.5199995,7.287693
2.99,6.32743
14.95,17.981943
2.99,6.32743
11.95,15.012214
1700.0,1695.473
11.95,15.004449
11.95,15.004449
150.0,148.82901
600.0,596.19214
44.85,17.981943
11.99,15.374248
999.99,994.7814
150.0,148.89484
389.99,386.1869
14.95,17.981943
11.95,15.004449
150.0,148.6165
14.95,17.981943
14.95,17.933777
150.0,148.88298
109.99,116.031624
379.99,376.18167
11.99,15.406947
149.99,147.34627
11.95,15.004449
99.99,103.620766
150.0,148.67563
3.84,7.287693
150.0,148.82901
149.99,147.19774
600.0,596.709
2.99,6.32743
11.99,15.307935
149.99,147.11284
5.98,6.32743
11.95,15.012214
400.0,392.40265
14.95,17.981943
11.95,15.004449
3.84,7.287693
150.0,148.82901
700.0,697.1036
14.95,17.933777
2.99,6.32743
389.99,386.33044
3.84,7.287693
300.0,296.9128
11.95,15.004449
7.68,7.287693
14.95,17.981943
14.95,17.981943
23.9,15.004449
3.84,7.3181686
14.95,17.981943
99.99,104.09479
2.99,6.32743
150.0,148.88298
7.68,7.287693
3.84,7.287693
14.95,17.981943
1700.0,1695.6401
11.99,15.376216
14.95,17.981943
14.95,17.981943
150.0,148.54337
600.0,596.109
7.68,7.287693
11.99,15.406947
1700.0,1695.5743
5.98,6.32743
3.84,7.287693
5.98,6.32743
11.99,15.374248
14.95,17.981943
2.99,6.32743
150.0,148.82901
11.99,15.406947
11.99,15.374248
3.84,7.287693
14.95,17.981943
14.95,17.981943
11.95,14.9488125
14.95,17.933777
11.95,15.004449
2.99,6.32743
5.98,6.32743
23.9,15.004449
999.99,994.80945
11.99,15.374248
109.99,116.34036
400.0,392.5175
1700.0,1695.6522
11.99,15.406947
3.84,7.3181686
149.99,147.15535
150.0,148.69675
700.0,696.45917
300.0,299.59525
150.0,148.82901
7.68,7.287693
99.99,103.55503
29.9,17.981943
149.99,147.0903
300.0,295.56528
149.99,146.9049
5.98,6.32743
11.99,15.26867
600.0,596.109
109.99,115.85993
11.99,15.26867
14.95,17.981943
99.99,103.95768
379.99,376.09906
300.0,296.35812
14.95,17.933777
11.99,15.376216
14.95,17.981943
2.99,6.3160267
5.98,6.32743
150.0,148.88298
11.95,14.962919
5.98,6.32743
11.95,15.004449
379.99,376.18167
109.99,115.974396
3.84,7.287693
999.99,994.7814
11.99,15.39894
389.99,386.2449
3.84,7.287693
300.0,296.99594
11.99,15.26867
11.99,15.374248
11.95,15.004449
999.99,994.5261
999.99,994.7814
150.0,148.82901
379.99,376.11343
11.99,15.23622
14.95,17.981943
14.95,18.004467
379.99,376.09906
11.99,15.376216
11.99,15.406947
14.95,17.981943
2.99,6.32743
300.0,296.3207
150.0,148.69675
23.9,15.004449
23.98,15.26867
149.99,147.15523
400.0,392.40265
300.0,297.76996
15.36,7.287693
14.95,17.981943
3.84,7.287693
150.0,148.82901
2.99,6.3160267
11.99,15.23622
3.84,7.3181686
2.99,6.32743
11.95,15.004449
23.98,15.376216
99.99,103.50367
11.99,15.429671
2.99,6.32743
14.95,17.981943
14.95,17.981943
14.95,18.004467
600.0,595.8439
3.84,7.287693
150.0,148.82901
11.95,15.004449
8.97,6.32743
99.99,103.527
150.0,148.67563
700.0,696.62866
99.99,103.8157
3.84,7.287693
3.84,7.287693
14.95,17.981943
11.99,15.376216
14.95,17.981943
99.99,103.18072
23.9,14.962919
2.99,6.3160267
700.0,696.45917
149.99,147.0903
11.99,15.26867
600.0,585.26215
2.99,6.32743
2.99,6.32743
149.99,147.15535
11.99,15.406947
11.96,6.32743
7.68,7.287693
99.99,103.95768
150.0,148.69675
14.95,17.933777
3.84,7.287693
600.0,596.19214
11.95,15.004449
600.0,595.8439
11.99,15.406947
8.97,6.32743
150.0,148.88298
11.5199995,7.287693
700.0,697.1036
2.99,6.32743
11.95,15.004449
149.99,147.30376
2.99,6.32743
23.98,15.376216
11.95,15.004449
149.99,147.15535
600.0,596.19214
600.0,596.0359
11.99,15.393273
150.0,148.82901
150.0,148.82901
300.0,295.9378
2.99,6.32743
389.99,386.09482
14.95,17.981943
2.99,6.32743
149.99,146.72758
3.84,7.287693
389.99,385.92233
14.95,17.981943
2.99,6.32743
99.99,103.527
11.95,15.004449
99.99,103.09601
150.0,148.82901
150.0,148.82901
99.99,103.85617
14.95,18.030027
109.99,116.14038
11.99,15.406947
600.0,595.8439
99.99,103.76638
149.99,147.11284
3.84,7.287693
3.84,7.287693
389.99,387.1554
11.95,15.004449
7.68,7.287693
11.95,14.963883
109.99,116.24315
149.99,147.28122
14.95,17.981943
600.0,595.96063
2.99,6.32743
2.99,6.32743
11.95,15.004449
3.84,7.287693
23.9,15.004449
99.99,103.55503
1700.0,1696.0317
1700.0,1698.9241
300.0,295.90268
11.95,14.963883
2.99,6.32743
109.99,116.15235
8.97,6.32743
389.99,386.35214
23.9,15.004449
11.95,15.031199
2.99,6.32743
300.0,295.8463
2.99,6.32743
11.95,15.004449
389.99,386.07507
150.0,148.82901
11.99,15.376216
389.99,386.67395
2.99,6.32743
3.84,7.287693
149.99,147.11284
2.99,6.32743
600.0,596.19214
2.99,6.3160267
99.99,104.02405
150.0,148.88298
14.95,17.981943
149.99,147.0903
8.97,6.32743
600.0,595.8439
11.95,15.004449
14.95,18.030027
14.95,18.004467
11.95,15.004449
14.95,17.981943
150.0,148.82901
99.99,103.8157
5.98,6.32743
3.84,7.287693
14.95,17.981943
150.0,148.69675
2.99,6.32743
11.95,15.004449
3.84,7.287693
700.0,696.70764
3.84,7.287693
3.84,7.287693
2.99,6.3160267
11.95,15.004449
3.84,7.287693
11.95,15.023435
14.95,17.981943
7.68,7.287693
11.95,15.004449
11.95,15.004449
149.99,147.19774
389.99,386.09387
5.98,6.32743
3.84,7.287693
99.99,103.527
14.95,17.981943
700.0,696.45917
11.99,15.376216
11.96,6.32743
5.98,6.32743
2.99,6.32743
149.99,147.15535
600.0,596.847
11.99,15.376216
600.0,595.8439
11.95,15.004449
14.95,17.981943
389.99,387.12982
150.0,148.82901
11.99,15.393273
600.0,586.73315
999.99,994.7814
11.99,15.307935
99.99,103.83741
7.68,7.287693
600.0,586.73315
389.99,386.65384
2.99,6.32743
150.0,148.82901
11.95,15.004449
7.68,7.287693
109.99,116.34036
14.95,17.981943
150.0,148.82901
14.95,18.004467
14.95,17.981943
99.99,103.703476
23.9,15.004449
11.99,15.39894
3.84,7.287693
2.99,6.32743
2.99,6.32743
14.95,17.981943
379.99,376.11343
600.0,602.9915
5.98,6.506794
109.99,115.95189
600.0,586.73315
11.99,15.578958
700.0,696.70764
14.95,17.981943
11.99,15.39894
149.99,147.15523
150.0,148.69675
11.95,15.004449
14.95,17.981943
14.95,17.933777
2.99,6.32743
11.95,15.004449
11.99,15.406947
5.98,6.32743
2.99,6.32743
14.95,17.981943
14.95,17.981943
149.99,146.86252
2.99,6.32743
11.99,15.39894
14.95,17.933777
150.0,148.6165
11.99,15.26867
700.0,696.70764
99.99,103.442314
14.95,17.933777
11.5199995,7.287693
149.99,147.15535
11.95,15.004449
1700.0,1695.6401
1700.0,1696.1173
7.68,7.287693
11.99,15.406947
99.99,103.49425
15.36,7.287693
600.0,596.709
7.68,7.287693
11.99,15.376216
5.98,6.32743
11.95,15.004449
2.99,6.32743
2.99,6.32743
14.95,17.981943
99.99,104.032646
150.0,148.9488
5.98,6.3160267
14.95,18.034414
149.99,147.19774
11.99,15.26867
3.84,7.3181686
389.99,386.17462
300.0,297.15002
1700.0,1695.6401
1700.0,1696.0317
11.99,15.376216
2.99,6.32743
379.99,376.40332
11.95,15.004449
14.95,17.981943
3.84,7.287693
600.0,596.109
149.99,146.93521
99.99,103.32522
3.84,7.3181686
11.95,15.012214
99.99,103.606384
2.99,6.32743
11.95,15.012214
11.95,15.004449
149.99,147.13269
379.99,376.40332
2.99,6.3160267
11.95,15.004449
99.99,104.005394
99.99,103.703476
1700.0,1695.3959
600.0,595.8439
150.0,148.9488
2.99,6.32743
99.99,103.424286
99.99,103.620766
5.98,6.3160267
99.99,103.77663
11.95,15.004449
23.9,15.004449
11.99,15.376216
3.84,7.287693
700.0,696.45917
2.99,6.32743
150.0,148.69675
150.0,148.82901
11.95,15.004449
150.0,148.89484
600.0,595.8439
11.95,15.031199
11.95,14.9966135
379.99,376.403
14.95,17.981943
14.95,17.981943
99.99,103.99736
23.98,15.374248
3.84,7.287693
11.96,6.32743
600.0,595.8439
29.9,17.981943
700.0,696.62866
14.95,17.981943
379.99,376.44208
99.99,103.35191
3.84,7.287693
23.9,15.004449
11.99,15.376216
11.99,15.376216
2.99,6.32743
389.99,386.43832
14.95,17.981943
5.98,6.32743
3.84,7.287693
1700.0,1695.0902
999.99,994.7814
29.9,17.981943
11.95,15.004449
300.0,297.76996
11.95,15.012214
2.99,6.32743
379.99,376.58472
99.99,103.83741
11.99,15.406947
2.99,6.32743
400.0,392.40265
2.99,6.32743
150.0,148.75072
3.84,7.2700386
109.99,116.25972
11.95,15.012214
389.99,386.23508
389.99,387.01276
11.95,15.004449
600.0,595.8439
99.99,103.620766
14.95,17.981943
109.99,116.02116
600.0,596.0359
150.0,148.82901
1700.0,1695.6127
14.95,17.981943
700.0,696.62866
7.68,7.287693
149.99,146.9776
8.97,6.32743
99.99,103.09601
99.99,103.76638
3.84,7.287693
700.0,696.8801
600.0,596.0359
379.99,376.95312
23.9,15.012214
11.95,15.012214
2.99,6.32743
149.99,147.11284
999.99,994.7814
14.95,17.981943
14.95,18.030027
2.99,6.32743
2.99,6.32743
11.99,15.374248
149.99,147.21011
389.99,386.75058
600.0,586.73315
700.0,697.4867
99.99,103.99217
999.99,994.7814
300.0,295.56528
99.99,103.245834
3.84,7.287693
11.99,15.376216
29.9,17.981943
14.95,17.981943
11.99,15.374248
11.95,14.962919
14.95,17.981943
11.95,15.004449
600.0,596.109
19.199999,7.282076
11.99,15.406947
5.98,6.32743
99.99,103.97473
11.95,15.004449
11.99,15.26867
14.95,17.981943
700.0,696.45917
2.99,6.32743
379.99,376.09906
11.99,15.376216
1700.0,1695.5743
150.0,148.89484
11.95,15.012214
2.99,6.32743
7.68,7.287693
11.99,15.376216
11.99,15.376216
99.99,103.9533
3.84,7.287693
109.99,116.34036
149.99,147.34627
11.95,15.004449
5.98,6.506794
14.95,18.030027
14.95,18.055319
11.99,15.23622
2.99,6.506794
11.99,15.307935
11.95,14.962919
11.99,15.374248
14.95,17.981943
3.84,7.287693
389.99,386.36197
11.99,15.429671
14.95,18.004467
8.97,6.32743
11.95,15.012214
150.0,148.89484
149.99,147.0903
600.0,596.709
109.99,116.37561
300.0,296.24402
11.99,15.376216
150.0,148.89484
99.99,104.005394
8.97,6.32743
14.95,17.933777
11.99,15.376216
2.99,6.32743
99.99,103.88673
600.0,596.109
700.0,696.62866
11.99,15.26867
11.95,15.004449
150.0,148.67563
11.99,15.26867
700.0,696.6241
29.9,17.933777
11.99,15.406947
11.95,15.012214
2.99,6.32743
1700.0,1698.0223
11.95,14.962919
11.99,15.406947
700.0,696.70764
11.99,15.23622
389.99,385.92233
700.0,696.45917
700.0,697.4867
1700.0,1695.5743
2.99,6.32743
5.98,6.32743
14.95,17.981943
99.99,104.05471
11.95,15.004449
7.68,7.287693
300.0,295.53613
379.99,376.09906
14.95,17.981943
700.0,696.45917
5.98,6.32743
2.99,6.32743
14.95,17.933777
600.0,586.73315
23.98,15.1750145
3.84,7.287693
150.0,148.82901
11.95,15.004449
2.99,6.32743
11.95,15.004449
11.99,15.376216
1700.0,1695.6522
17.94,6.32743
389.99,386.36197
11.95,15.004449
600.0,585.26215
150.0,148.69675
11.95,14.9966135
700.0,696.70764
149.99,147.0903
14.95,17.981943
14.95,18.004467
2.99,6.32743
379.99,376.44208
14.95,17.981943
300.0,296.15152
149.99,147.60657
999.99,994.7814
150.0,148.7296
389.99,386.11353
99.99,104.82013
2.99,6.32743
11.99,15.406947
600.0,596.5406
7.68,7.287693
99.99,103.761986
2.99,6.32743
7.68,7.3099394
11.95,15.004449
389.99,386.3053
11.95,15.004449
300.0,295.80002
11.99,15.374248
150.0,148.82901
2.99,6.32743
300.0,296.35812
14.95,17.933777
150.0,148.88298
109.99,115.97744
2.99,6.32743
11.99,15.423194
999.99,994.7814
11.95,14.9488125
999.99,1000.99133
11.99,15.26867
11.95,15.004449
400.0,392.40265
14.95,18.004467
600.0,596.0359
150.0,148.82901
11.95,15.004449
149.99,147.15535
99.99,103.626045
149.99,147.34627
99.99,103.9268
149.99,147.11284
11.95,15.004449
1700.0,1695.6127
3.84,7.3099394
11.99,15.376216
5.98,6.32743
2.99,6.32743
109.99,116.26111
11.95,15.004449
11.95,14.963883
2.99,6.32743
11.95,14.970684
2.99,6.32743
11.95,14.9966135
150.0,148.6165
1700.0,1695.6492
11.5199995,7.287693
11.99,15.26867
3.84,7.282076
150.0,148.89484
14.95,17.981943
11.99,15.23622
7.68,7.287693
150.0,148.89484
1700.0,1695.6401
11.95,15.004449
14.95,17.981943
150.0,148.75072
600.0,596.19214
149.99,147.15535
600.0,595.96063
3.84,7.287693
11.99,15.519269
8.97,6.32743
300.0,295.5696
99.99,103.50367
150.0,148.82901
14.95,17.981943
379.99,376.11343
14.95,17.933777
379.99,376.37854
11.95,15.004449
150.0,148.89484
11.95,15.012214
11.95,15.012214
14.95,17.981943
14.95,17.981943
3.84,7.287693
14.95,17.981943
3.84,7.287693
14.95,17.981943
150.0,148.82901
300.0,295.9541
11.99,15.376216
8.97,6.32743
150.0,148.82901
99.99,103.966805
11.95,15.012214
23.98,15.330659
999.99,994.7814
150.0,148.82901
379.99,376.09906
11.95,15.004449
389.99,385.94113
150.0,148.89484
99.99,103.55503
11.99,15.374248
379.99,376.09906
99.99,103.424286
149.99,147.05344
11.99,15.376216
23.98,15.374248
700.0,696.70764
2.99,6.32743
150.0,148.7296
150.0,148.6165
3.84,7.287693
8.97,6.32743
150.0,148.82901
29.9,17.981943
11.99,15.453925
11.99,15.376216
700.0,696.8847
14.95,17.981943
11.95,15.004449
379.99,376.09906
300.0,295.56308
99.99,103.55503
11.95,15.023435
5.98,6.32743
2.99,6.32743
300.0,295.9436
11.95,14.962919
600.0,596.109
11.95,15.004449
999.99,994.7814
300.0,295.9541
300.0,296.32608
150.0,148.82901
11.96,6.32743
11.99,15.519269
2.99,6.32743
14.95,17.981943
600.0,595.8439
14.95,17.981943
99.99,103.83741
11.99,15.406947
14.95,17.981943
14.95,17.933777
11.95,15.004449
149.99,147.15535
3.84,7.287693
11.95,15.012214
14.95,17.981943
149.99,147.15523
389.99,386.15256
11.95,15.004449
2.99,6.32743
11.95,15.023435
11.95,15.004449
11.95,15.012214
7.68,7.287693
11.95,15.004449
5.98,6.32743
150.0,148.82901
3.84,7.2700386
23.98,15.406947
11.95,15.004449
3.84,7.287693
150.0,148.67563
11.95,15.012214
11.99,15.406947
11.99,15.376216
11.99,15.406947
700.0,696.45917
150.0,148.82901
14.95,17.981943
109.99,116.13541
99.99,103.79724
11.95,15.004449
11.96,6.32743
149.99,147.11284
3.84,7.287693
11.99,15.26867
150.0,148.48424
5.98,6.32743
7.68,7.3099394
1700.0,1695.6522
11.95,15.004449
11.99,15.376216
11.95,15.004449
7.68,7.3181686
149.99,147.15535
389.99,386.8119
11.99,15.406947
150.0,148.82901
29.9,17.981943
2.99,6.32743
149.99,146.82
149.99,147.15535
14.95,18.055319
14.95,17.981943
3.84,7.3181686
99.99,103.97473
3.84,7.287693
35.85,15.004449
300.0,295.8915
11.95,15.012214
600.0,596.5406
150.0,148.82901
2.99,6.32743
2.99,6.32743
11.99,15.406947
11.99,15.307935
149.99,147.30376
149.99,147.15535
700.0,696.45917
11.95,14.963883
11.99,15.406947
1700.0,1695.6401
11.99,15.307935
389.99,386.4695
11.99,15.406947
11.95,15.004449
11.99,15.406947
3.84,7.3181686
11.99,15.376216
11.95,15.004449
389.99,386.07935
14.95,17.981943
11.95,15.012214
999.99,994.7814
99.99,103.88673
300.0,296.2397
300.0,297.7482
400.0,392.40265
3.84,7.287693
11.95,15.004449
2.99,6.32743
14.95,17.981943
2.99,6.32743
2.99,6.32743
700.0,696.70764
99.99,103.97473
7.68,7.287693
600.0,596.19214
11.5199995,7.2700386
999.99,994.7814
150.0,148.89484
99.99,103.88673
11.99,15.406947
150.0,148.82901
2.99,6.32743
3.84,7.287693
14.95,17.981943
99.99,103.620766
300.0,296.38327
150.0,148.82901
150.0,148.82901
8.97,6.32743
5.98,6.32743
14.95,17.933777
11.95,15.004449
3.84,7.287693
11.95,15.004449
7.68,7.287693
149.99,147.19774
5.98,6.32743
600.0,595.9819
11.95,14.970684
11.99,15.307935
999.99,994.7814
600.0,586.73315
600.0,595.8439
149.99,147.15523
700.0,696.45917
11.99,15.374248
5.98,6.32743
999.99,994.7814
700.0,696.70764
999.99,994.8366
29.9,17.981943
11.95,15.012214
389.99,386.35214
149.99,147.34627
109.99,116.192635
5.98,6.32743
3.84,7.2700386
1700.0,1696.5453
3.84,7.287693
11.99,15.374248
3.84,7.287693
600.0,596.709
11.99,15.374248
1700.0,1695.3777
700.0,696.45917
150.0,148.82901
700.0,696.45917
11.95,15.023435
11.95,15.004449
2.99,6.32743
7.68,7.287693
150.0,148.82901
2.99,6.3160267
2.99,6.32743
99.99,103.634415
23.039999,7.3181686
14.95,18.004467
150.0,148.88298
5.98,6.32743
150.0,148.82901
2.99,6.32743
11.99,15.519269
99.99,103.620766
11.99,15.26867
379.99,376.09906
99.99,103.70015
149.99,147.34627
3.84,7.3181686
379.99,376.44208
3.84,7.3099394
600.0,596.709
14.95,17.981943
300.0,295.56528
400.0,392.40265
1700.0,1695.6522
99.99,103.806854
150.0,148.75072
300.0,296.4379
3.84,7.287693
600.0,596.0359
3.84,7.287693
99.99,103.88673
1700.0,1695.6522
11.95,15.004449
11.99,15.307935
99.99,103.424286
3.84,7.287693
300.0,296.22922
2.99,6.32743
11.99,15.26867
999.99,994.80945
14.95,17.981943
999.99,994.5261
14.95,17.981943
3.84,7.287693
11.95,15.012214
2.99,6.32743
99.99,104.23364
999.99,994.7814
14.95,17.981943
3.84,7.287693
389.99,385.84973
14.95,17.981943
11.95,15.023435
14.95,17.981943
3.84,7.287693
700.0,696.70764
35.85,15.004449
14.95,17.981943
11.5199995,7.287693
150.0,148.69675
99.99,103.52332
3.84,7.2700386
300.0,297.22357
600.0,585.26215
150.0,148.88298
23.9,15.012214
300.0,295.80435
1700.0,1697.8785
999.99,994.7814
11.95,14.963883
999.99,994.7814
99.99,103.7314
14.95,17.981943
11.95,14.963883
3.84,7.287693
3.84,7.287693
14.95,18.034414
700.0,697.1036
149.99,147.15523
109.99,116.02116
14.95,18.004467
150.0,148.82901
149.99,147.0903
14.95,17.981943
99.99,103.57149
2.99,6.32743
700.0,696.70764
2.99,6.506794
700.0,696.70764
149.99,147.11284
3.84,7.287693
700.0,696.70764
389.99,386.07935
3.84,7.287693
5.98,6.32743
14.95,17.981943
11.95,15.004449
999.99,994.7814
389.99,386.25772
11.99,15.376216
3.84,7.287693
700.0,697.1036
8.97,6.32743
11.95,15.012214
700.0,697.1036
2.99,6.32743
14.95,17.981943
379.99,376.5651
11.99,15.376216
2.99,6.32743
11.99,15.26867
149.99,147.19774
14.95,17.981943
14.95,17.933777
150.0,148.88298
14.95,17.981943
11.95,14.962919
149.99,147.2525
379.99,376.09906
11.95,15.004449
999.99,994.7814
389.99,386.2449
11.95,15.004449
379.99,376.6002
14.95,18.004467
2.99,6.32743
11.95,15.004449
8.97,6.32743
99.99,103.9268
600.0,596.1739
379.99,376.4174
11.95,15.004449
3.84,7.2700386
99.99,103.424286
14.95,17.981943
109.99,115.80477
14.95,17.981943
2.99,6.32743
109.99,116.01489
389.99,386.23508
150.0,148.82901
149.99,146.9049
150.0,148.48424
14.95,17.981943
2.99,6.32743
99.99,104.0632
11.99,15.393273
11.95,15.004449
99.99,103.424286
389.99,386.33044
15.36,7.287693
600.0,585.26215
3.84,7.287693
300.0,296.15152
600.0,596.19214
99.99,103.65856
14.95,17.981943
11.95,15.012214
150.0,148.82901
700.0,696.70764
11.95,15.012214
99.99,103.85617
11.99,15.39894
11.95,15.004449
99.99,103.55998
3.84,7.287693
389.99,388.3563
8.97,6.32743
11.99,15.376216
14.95,17.981943
400.0,392.40265
99.99,103.18015
11.99,15.406947
11.95,15.004449
11.95,15.012214
379.99,377.41766
2.99,6.32743
600.0,596.109
11.95,15.004449
3.84,7.287693
2.99,6.32743
3.84,7.287693
14.95,17.933777
2.99,6.32743
149.99,147.34627
99.99,103.8157
11.95,15.004449
11.95,15.004449
600.0,596.15265
23.98,15.406947
600.0,586.73315
99.99,103.88673
700.0,696.62866
389.99,386.05524
3.84,7.287693
999.99,994.7814
600.0,596.109
149.99,147.11284
300.0,296.22922
14.95,17.981943
999.99,994.7814
14.95,17.981943
149.99,147.11284
11.95,15.023435
11.95,15.004449
11.95,15.004449
3.84,7.287693
389.99,386.43832
389.99,386.1648
99.99,103.637634
150.0,148.82901
149.99,147.01093
14.95,17.933777
2.99,6.32743
2.99,6.32743
389.99,386.43832
29.9,17.981943
11.95,15.012214
150.0,148.82901
2.99,6.32743
99.99,103.424286
29.9,17.981943
11.95,15.004449
3.84,7.287693
14.95,17.981943
150.0,148.82901
3.84,7.287693
3.84,7.287693
2.99,6.32743
150.0,148.88298
149.99,147.21011
14.95,17.981943
1700.0,1695.6401
14.95,18.004467
11.99,15.406947
379.99,376.09906
150.0,148.82901
14.95,17.981943
379.99,376.09906
5.98,6.3160267
999.99,994.7814
150.0,148.82901
2.99,6.32743
11.99,15.406947
14.95,17.981943
2.99,6.32743
389.99,387.37653
150.0,148.89484
389.99,386.56204
300.0,296.38327
11.95,15.004449
7.68,7.3099394
2.99,6.32743
1700.0,1697.8785
11.99,15.26867
11.99,15.374248
150.0,148.75072
2.99,6.32743
1700.0,1696.1173
14.95,17.981943
999.99,994.8366
150.0,148.82901
3.84,7.287693
11.99,15.374248
3.84,7.2700386
11.5199995,7.287693
5.98,6.32743
389.99,386.1869
3.84,7.287693
700.0,697.1036
11.99,15.376216
5.98,6.3160267
11.99,15.376216
150.0,148.82901
1700.0,1695.6401
400.0,392.40265
14.95,17.981943
14.95,17.933777
999.99,994.7814
999.99,994.7814
149.99,147.34627
11.5199995,7.287693
11.99,15.376216
99.99,104.52697
300.0,297.28616
14.95,17.933777
14.95,17.981943
400.0,393.22757
379.99,376.18167
14.95,17.981943
2.99,6.32743
3.84,7.287693
11.99,15.374248
3.84,7.287693
1700.0,1696.9395
1700.0,1695.6401
5.98,6.32743
5.98,6.32743
99.99,103.28905
149.99,147.15535
2.99,6.32743
149.99,147.11284
11.95,14.963883
3.84,7.3099394
11.99,15.406947
149.99,147.0903
99.99,104.032646
11.99,15.374248
14.95,17.981943
99.99,104.0632
3.84,7.287693
11.95,15.004449
379.99,375.89178
14.95,18.004467
11.99,15.376216
3.84,7.287693
389.99,386.36197
3.84,7.287693
600.0,295.80435
14.95,18.030027
389.99,387.03302
11.95,15.004449
23.98,15.374248
7.68,7.287693
2.99,6.32743
3.84,7.287693
3.84,7.287693
2.99,6.32743
11.95,15.012214
150.0,148.82901
99.99,103.87749
300.0,296.72018
11.95,15.012214
14.95,17.981943
14.95,17.981943
389.99,386.02106
389.99,386.65384
7.68,7.3181686
149.99,147.11284
11.99,15.406947
1700.0,1695.6522
99.99,103.89625
99.99,103.55998
2.99,6.32743
2.99,6.32743
3.84,7.3099394
11.95,15.004449
11.99,15.374248
1700.0,1695.4037
14.95,17.981943
3.84,7.3181686
23.9,15.004449
3.84,7.287693
3.84,7.287693
14.95,17.981943
11.99,15.376216
379.99,376.74603
11.99,15.406947
11.95,15.004449
11.95,15.004449
14.95,17.933777
11.99,15.406947
150.0,148.82901
389.99,387.94623
2.99,6.32743
11.99,15.374248
11.99,15.376216
11.95,15.031199
11.5199995,7.287693
11.99,15.307935
150.0,148.82901
11.95,14.962919
999.99,994.7814
389.99,386.43832
99.99,103.35191
11.99,15.406947
3.84,7.287693
14.95,17.981943
11.95,15.004449
2.99,6.32743
11.95,14.9966135
150.0,148.82901
389.99,386.35645
700.0,696.70764
700.0,696.45917
389.99,386.17462
14.95,17.933777
109.99,116.283134
3.84,7.287693
11.95,15.004449
150.0,148.82901
2.99,6.32743
7.68,7.2700386
2.99,6.32743
11.99,15.406947
150.0,148.82901
3.84,7.3181686
14.95,6.32743
2.99,6.32743
1700.0,1697.0934
11.99,15.406947
11.99,15.307935
14.95,17.981943
99.99,103.934364
11.99,15.374248
11.95,15.004449
400.0,392.40265
150.0,148.69675
11.95,15.031199
14.95,17.981943
150.0,148.6165
35.85,14.963883
149.99,147.11284
149.99,146.86252
29.9,17.981943
7.68,7.287693
11.99,15.307935
150.0,148.82901
150.0,148.75072
11.99,15.406947
11.99,15.406947
11.99,15.376216
600.0,595.96063
600.0,596.15265
300.0,295.81796
109.99,116.34036
14.95,17.981943
5.98,6.3160267
99.99,103.65856
109.99,116.031624
150.0,148.88298
400.0,392.40265
600.0,596.19214
11.95,15.012214
11.95,15.004449
7.68,7.287693
379.99,376.403
389.99,386.17462
150.0,148.88298
150.0,148.82901
1700.0,1695.5743
300.0,296.83633
11.95,14.962919
99.99,103.70015
150.0,148.69675
11.95,14.9966135
2.99,6.32743
11.99,15.374248
3.84,7.287693
11.95,15.004449
389.99,386.67395
150.0,148.82901
389.99,387.19827
11.95,15.004449
99.99,103.708275
14.95,17.981943
150.0,148.82901
5.98,6.32743
7.68,7.287693
109.99,115.82846
2.99,6.32743
11.99,15.376216
11.95,15.004449
389.99,386.33044
2.99,6.32743
14.95,17.933777
14.95,17.981943
15.36,7.287693
389.99,386.8105
14.95,17.933777
3.84,7.287693
999.99,994.7814
3.84,7.287693
400.0,392.40265
3.84,7.287693
14.95,17.981943
14.95,17.933777
11.99,15.376216
23.9,15.004449
150.0,148.82901
389.99,386.1869
5.98,6.32743
2.99,6.32743
5.98,6.3160267
11.99,15.376216
3.84,7.3181686
600.0,595.8439
109.99,115.82846
150.0,148.82901
11.99,15.374248
999.99,994.7814
14.95,17.981943
2.99,6.3160267
7.68,7.287693
700.0,696.70764
11.95,15.012214
5.98,6.32743
14.95,18.030027
99.99,104.047066
11.95,15.004449
389.99,387.1554
3.84,7.292285
150.0,148.67563
3.84,7.3181686
150.0,148.82901
109.99,116.34036
400.0,392.40265
149.99,147.11284
150.0,148.89484
2.99,6.32743
600.0,596.109
1700.0,1695.3777
150.0,148.69675
300.0,298.4817
3.84,7.287693
2.99,6.32743
700.0,696.45917
3.84,7.287693
11.95,15.004449
999.99,994.7814
600.0,595.96063
5.98,6.32743
150.0,148.54337
14.95,17.981943
14.95,17.981943
999.99,994.7814
14.95,17.981943
11.95,15.004449
11.99,15.376216
389.99,386.3053
5.98,6.32743
3.84,7.287693
5.98,6.32743
2.99,6.32743
14.95,17.981943
14.95,17.981943
400.0,392.40265
700.0,696.45917
700.0,696.45917
999.99,994.7814
3.84,7.3099394
3.84,7.287693
149.99,146.72758
149.99,147.19774
149.99,147.34627
11.95,15.004449
2.99,6.32743
389.99,386.67395
150.0,148.82901
3.84,7.3099394
99.99,103.99736
2.99,6.32743
14.95,17.981943
99.99,103.28905
109.99,115.82846
999.99,994.7814
600.0,596.19214
14.95,17.981943
19.199999,7.287693
3.84,7.287693
11.99,15.519269
11.95,15.012214
99.99,103.527
11.95,15.004449
2.99,6.32743
14.95,17.981943
150.0,148.6165
3.84,7.3181686
11.95,15.004449
600.0,585.26215
150.0,148.82901
3.84,7.287693
99.99,103.65087
11.99,15.376216
11.95,15.012214
1700.0,1695.6414
99.99,103.934364
8.97,6.32743
11.96,6.32743
379.99,376.40332
300.0,295.70886
14.95,17.981943
3.84,7.3181686
150.0,148.82901
99.99,103.82594
379.99,376.18167
150.0,148.82901
11.95,14.963883
149.99,147.15535
999.99,994.7814
999.99,994.7814
109.99,115.880714
389.99,386.35245
600.0,596.15265
600.0,596.1739
11.95,15.004449
14.95,17.981943
7.68,7.287693
5.98,6.32743
3.84,7.3181686
999.99,994.7814
11.95,15.004449
99.99,103.761986
150.0,148.89484
14.95,17.981943
5.98,6.32743
99.99,104.05471
14.95,17.981943
11.95,15.004449
7.68,7.287693
11.95,15.004449
17.94,6.32743
14.95,18.030027
389.99,387.0941
2.99,6.3160267
99.99,103.9707
11.95,15.004449
149.99,147.15523
11.95,15.004449
150.0,148.69675
600.0,596.15265
11.95,15.004449
11.95,15.004449
150.0,148.82901
3.84,7.287693
150.0,148.82901
99.99,103.86602
150.0,148.82901
379.99,376.09906
3.84,7.3181686
109.99,115.82846
11.95,14.9966135
11.95,15.012214
2.99,6.32743
11.99,15.374248
5.98,6.32743
99.99,103.79724
99.99,103.12848
2.99,6.32743
11.99,15.374248
300.0,296.38327
2.99,6.32743
2.99,6.32743
2.99,6.32743
11.99,15.374248
379.99,379.73654
389.99,386.07486
5.98,6.32743
150.0,148.82901
11.99,15.376216
2.99,6.32743
11.99,15.406947
5.98,6.32743
999.99,994.7814
150.0,148.69675
2.99,6.32743
11.95,15.004449
600.0,595.96063
11.95,15.004449
1700.0,1695.4037
11.99,15.376216
11.99,15.396972
44.85,18.004467
99.99,103.527
700.0,696.70764
99.99,103.606384
3.84,7.2700386
199.98,104.0632
14.95,17.981943
11.95,15.004449
3.84,7.3181686
300.0,296.90274
600.0,595.9819
600.0,596.15265
99.99,103.57149
2.99,6.32743
11.99,15.376216
3.84,7.287693
11.99,15.26867
23.9,15.004449
3.84,7.3181686
150.0,148.89484
11.95,15.004449
3.84,7.287693
11.95,15.004449
99.99,103.424286
149.99,147.11284
150.0,148.6165
14.95,17.981943
2.99,6.32743
150.0,148.54337
11.99,15.26867
11.99,15.374248
300.0,295.5696
149.99,147.19774
999.99,994.7814
14.95,17.933777
150.0,148.69675
11.95,15.004449
11.95,15.004449
11.95,14.963883
14.95,17.981943
300.0,299.59525
11.95,15.004449
2.99,6.32743
109.99,115.880714
11.95,15.012214
3.84,7.287693
14.95,17.981943
400.0,392.40265
11.99,15.307935
29.9,17.981943
14.95,17.933777
14.95,17.981943
379.99,376.44208
23.9,15.004449
150.0,148.82901
3.84,7.287693
23.9,15.004449
2.99,6.32743
600.0,596.109
389.99,386.15256
3.84,7.287693
11.95,15.004449
99.99,104.23364
11.95,14.962919
99.99,103.35191
1700.0,1695.6522
14.95,17.981943
600.0,595.8439
149.99,147.30376
400.0,393.22757
11.95,15.012214
2.99,6.32743
700.0,696.62866
99.99,103.50367
389.99,386.02106
149.99,147.15535
149.99,147.11284
14.95,17.981943
11.95,15.004449
14.95,18.055319
14.95,17.981943
700.0,696.45917
150.0,148.82901
11.95,15.004449
2.99,6.32743
600.0,596.0359
3.84,7.287693
300.0,295.56528
11.99,15.374248
3.84,7.287693
150.0,148.89484
149.99,147.69244
11.99,15.376216
389.99,387.12247
150.0,148.89484
389.99,386.43832
3.84,7.287693
11.99,15.1750145
1700.0,1699.6108
300.0,296.53696
2.99,6.32743
700.0,696.45917
11.99,15.39894
99.99,104.0632
1700.0,1695.422
11.99,15.406947
379.99,376.4174
11.99,15.23622
7.68,7.287693
99.99,103.424286
5.98,6.32743
11.95,15.004449
700.0,696.45917
14.95,18.055319
14.95,17.981943
400.0,392.5175
5.98,6.32743
23.9,15.004449
11.99,15.376216
150.0,148.82901
5.98,6.32743
11.5199995,7.287693
149.99,147.0903
11.99,15.26867
600.0,596.0359
1700.0,1695.473
150.0,148.82901
7.68,7.3181686
99.99,103.83741
99.99,103.76638
150.0,148.89484
11.99,15.376216
3.84,7.287693
11.95,15.012214
2.99,6.32743
2.99,6.32743
3.84,7.287693
379.99,376.11343
11.99,15.406947
389.99,385.94113
109.99,116.18341
5.98,6.32743
700.0,696.70764
23.9,15.012214
11.95,15.004449
379.99,376.09906
150.0,148.82901
11.99,15.26867
99.99,103.85617
2.99,6.32743
23.98,15.376216
11.96,6.32743
700.0,696.45917
2.99,6.32743
7.68,7.287693
700.0,696.62866
3.84,7.287693
2.99,6.32743
2.99,6.32743
150.0,148.82901
99.99,103.82241
149.99,147.19774
14.95,17.933777
11.95,15.004449
109.99,116.23186
700.0,696.45917
14.95,17.981943
150.0,148.82901
3.84,7.287693
150.0,148.82901
11.99,15.376216
150.0,148.82901
11.95,15.004449
999.99,994.7814
2.99,6.506794
14.95,17.981943
2.99,6.3160267
3.84,7.287693
11.95,14.9488125
149.99,146.9185
700.0,696.45917
400.0,392.40265
14.95,17.981943
150.0,148.89484
11.99,15.376216
7.68,7.287693
150.0,148.82901
11.95,15.031199
379.99,376.95312
11.95,15.012214
11.99,15.26867
14.95,17.981943
700.0,696.45917
2.99,6.32743
379.99,376.18167
5.98,6.32743
3.84,7.287693
23.98,15.374248
150.0,148.88298
389.99,386.1648
11.95,15.004449
379.99,376.74603
3.84,7.287693
149.99,147.15535
14.95,17.981943
149.99,147.2525
150.0,148.9488
600.0,596.0359
99.99,104.032646
14.95,17.933777
150.0,148.88298
149.99,147.15535
11.99,15.406947
99.99,103.424286
99.99,103.9268
300.0,296.713
23.9,15.031746
600.0,596.5406
3.84,7.3181686
99.99,103.55998
11.99,15.26867
700.0,696.70764
99.99,103.6395
1700.0,1695.3777
11.99,15.307935
150.0,148.82901
11.95,15.004449
389.99,386.07486
3.84,7.287693
11.99,15.406947
150.0,148.69675
379.99,376.40332
7.68,7.287693
3.84,7.287693
14.95,17.981943
379.99,376.09906
1700.0,1695.6401
11.96,6.32743
99.99,103.78875
11.99,15.26867
150.0,148.82901
150.0,148.82901
11.99,15.406947
11.99,15.406947
99.99,103.424286
11.95,15.004449
149.99,147.15535
11.99,15.26867
109.99,116.18341
600.0,596.1739
99.99,104.82013
2.99,6.32743
3.84,7.3099394
14.95,17.981943
150.0,148.67047
600.0,596.1739
11.99,15.376216
11.99,15.420968
5.98,6.32743
2.99,6.32743
150.0,148.82901
14.95,18.030027
11.99,15.376216
150.0,148.82901
150.0,148.69675
11.99,15.406947
11.99,15.376216
99.99,103.708275
150.0,148.82901
99.99,103.806854
11.95,15.012214
11.95,14.9966135
2.99,6.32743
11.95,15.012214
11.99,15.453925
11.5199995,7.3099394
11.5199995,7.287693
5.98,6.32743
2.99,6.506794
700.0,696.62866
149.99,147.15535
700.0,696.45917
14.95,17.981943
14.95,17.933777
11.95,15.004449
150.0,148.82901
999.99,994.7814
14.95,17.981943
2.99,6.32743
11.99,15.39894
700.0,697.1036
14.95,17.981943
99.99,104.01529
11.99,15.406947
8.97,6.32743
700.0,696.4546
400.0,392.40265
99.99,103.9037
150.0,148.88298
99.99,103.82241
700.0,696.8847
99.99,103.7314
14.95,17.933777
14.95,17.981943
23.9,15.004449
11.95,15.004449
150.0,148.82901
11.95,15.004449
11.99,15.376216
11.99,15.406947
2.99,6.506794
149.99,147.11284
150.0,148.69675
600.0,595.8439
700.0,696.70764
700.0,696.70764
1700.0,1695.6401
379.99,376.41882
14.95,17.981943
149.99,147.11284
99.99,104.047066
11.99,15.406947
3.84,7.287693
3.84,7.287693
2.99,6.32743
150.0,148.67563
379.99,376.95312
11.95,15.004449
150.0,148.82901
600.0,585.26215
99.99,103.85617
3.84,7.287693
379.99,376.40332
2.99,6.32743
5.98,6.32743
5.98,6.32743
149.99,147.19774
99.99,103.83741
109.99,115.79502
14.95,18.004467
11.99,15.23622
389.99,386.23508
150.0,148.82901
150.0,148.82901
300.0,296.24402
11.95,15.004449
149.99,147.03249
5.98,6.32743
11.95,14.9966135
3.84,7.287693
2.99,6.32743
109.99,116.26575
300.0,148.67047
300.0,297.07864
700.0,696.70764
5.98,6.32743
150.0,148.82901
11.99,15.374248
11.99,15.26867
11.95,15.012214
1700.0,1698.9241
1700.0,1695.5743
3.84,7.287693
300.0,297.28616
11.95,15.004449
14.95,17.981943
1700.0,1695.6522
3.84,7.287693
29.9,17.981943
99.99,103.88673
150.0,148.82901
14.95,17.981943
7.68,7.287693
150.0,148.69675
11.95,15.004449
700.0,696.70764
3.84,7.287693
379.99,376.09906
7.68,7.3181686
3.84,7.2700386
389.99,386.07935
379.99,376.40332
600.0,585.26215
5.98,6.32743
150.0,148.82901
11.99,15.374248
149.99,146.82
600.0,596.109
2.99,6.32743
11.95,15.004449
150.0,148.82901
7.68,7.3099394
2.99,6.32743
379.99,376.34326
99.99,103.909454
11.95,15.012214
14.95,17.981943
11.95,15.012214
7.68,7.287693
11.99,15.406947
149.99,147.34627
11.95,15.012214
11.95,15.012214
11.99,15.519269
150.0,148.88298
3.84,7.287693
14.95,18.004467
14.95,17.981943
3.84,7.2700386
2.99,6.32743
149.99,147.15535
150.0,148.82901
11.95,15.004449
150.0,148.6165
14.95,17.933777
3.84,7.3181686
11.99,15.376216
11.95,14.963883
99.99,103.65556
379.99,376.09906
150.0,148.82901
999.99,994.7814
109.99,116.192635
11.95,15.004449
150.0,148.48424
5.98,6.32743
150.0,148.82901
11.99,15.376216
14.95,17.981943
11.95,15.004449
99.99,103.966805
11.95,15.004449
11.95,15.004449
11.95,15.004449
300.0,297.54474
3.84,7.287693
389.99,386.43832
11.95,15.004449
11.99,15.376216
3.84,7.287693
2.99,6.32743
389.99,386.02106
11.95,15.004449
389.99,386.23508
150.0,148.82901
11.99,15.307935
11.99,15.406947
999.99,994.7814
11.5199995,7.282076
3.84,7.287693
389.99,386.2449
14.95,17.981943
11.5199995,7.287693
700.0,696.70764
600.0,585.26215
5.98,6.32743
11.95,15.004449
3.84,7.287693
23.9,15.012214
14.95,17.981943
14.95,18.004467
11.95,15.012214
150.0,148.82901
150.0,148.89484
14.95,17.981943
14.95,17.981943
2.99,6.32743
149.99,147.0903
11.96,6.32743
11.99,15.406947
150.0,148.82901
600.0,596.1739
150.0,148.82901
14.95,17.981943
149.99,147.11284
3.84,7.3099394
600.0,596.1739
14.95,17.981943
15.36,7.287693
8.97,6.32743
7.68,7.287693
99.99,103.606384
2.99,6.32743
99.99,104.005394
99.99,103.98368
150.0,148.89484
11.95,15.004449
2.99,6.32743
11.95,15.004449
14.95,17.981943
14.95,17.981943
11.99,15.406947
14.95,17.981943
300.0,296.2397
600.0,596.82574
11.99,15.406947
109.99,115.97744
14.95,17.981943
600.0,596.15265
199.98,103.515465
3.84,7.287693
389.99,386.02106
300.0,295.91846
99.99,103.626045
14.95,17.981943
3.84,7.287693
149.99,147.15535
99.99,103.97484
300.0,295.8915
99.99,103.35191
11.99,15.406947
11.95,15.023435
14.95,17.981943
14.95,17.981943
149.99,147.05344
700.0,697.1036
11.99,15.406947
99.99,103.55503
99.99,103.99736
3.84,7.287693
11.99,15.519269
3.84,7.287693
11.99,15.26867
109.99,116.34036
2.99,6.32743
3.84,7.287693
3.84,7.287693
14.95,17.981943
99.99,103.424286
3.84,7.3181686
150.0,148.67563
999.99,994.7814
99.99,103.806854
14.95,18.030027
600.0,596.19214
14.95,17.981943
99.99,103.909454
999.99,994.7814
11.95,15.004449
14.95,17.981943
700.0,696.62866
149.99,147.15535
23.9,15.012214
999.99,994.7814
11.99,15.376216
14.95,17.933777
11.99,15.374248
99.99,103.424286
2.99,6.32743
2.99,6.32743
99.99,103.527
11.95,15.023435
11.95,14.963883
600.0,585.26215
2.99,6.32743
2.99,6.32743
99.99,104.081215
400.0,392.40265
5.98,6.32743
2.99,6.32743
14.95,17.981943
149.99,147.11284
150.0,148.7296
3.84,7.287693
2.99,6.32743
2.99,6.32743
14.95,17.981943
11.95,15.004449
14.95,17.981943
150.0,148.82901
999.99,994.7814
11.95,15.012214
11.95,15.012214
14.95,18.030027
11.95,15.012214
11.95,15.004449
1700.0,1697.8785
5.98,6.32743
389.99,387.37653
14.95,17.981943
149.99,146.8624
11.95,15.004449
11.95,15.004449
11.95,15.012214
109.99,116.24315
99.99,103.424286
109.99,116.20249
14.95,17.981943
11.99,15.406947
14.95,17.981943
150.0,148.75072
99.99,103.46622
2.99,6.32743
11.99,15.374248
99.99,104.23364
23.98,15.26867
99.99,103.76638
600.0,595.8439
109.99,116.14038
2.99,6.32743
99.99,103.424286
2.99,6.32743
11.95,15.004449
99.99,103.65087
11.99,15.376216
7.68,7.287693
23.9,15.004449
14.95,17.981943
600.0,596.19214
11.99,15.307935
700.0,697.1036
300.0,297.28616
11.95,15.023435
14.95,18.055319
11.95,15.004449
1700.0,1695.5743
150.0,148.82901
5.98,6.32743
2.99,6.32743
7.68,7.287693
3.84,7.3181686
150.0,148.82901
3.84,7.287693
600.0,595.8439
2.99,6.32743
379.99,376.40332
3.84,7.287693
14.95,17.981943
700.0,696.62866
3.84,7.287693
3.84,7.287693
700.0,696.70764
99.99,104.16261
11.99,15.406947
11.95,15.004449
14.95,17.981943
14.95,17.981943
2.99,6.32743
150.0,148.82901
11.95,15.012214
11.99,15.406947
3.84,7.287693
99.99,103.12848
14.95,17.981943
3.84,7.287693
7.68,7.287693
11.99,15.307935
400.0,392.40265
99.99,103.92633
150.0,148.82901
700.0,696.70764
150.0,148.67563
700.0,697.1036
109.99,116.34036
14.95,18.004467
300.0,296.6054
99.99,103.95873
999.99,994.7814
379.99,376.40332
7.68,7.287693
3.84,7.287693
109.99,116.15235
150.0,148.89484
3.84,7.287693
11.95,15.023435
11.99,15.26867
11.95,14.963883
150.0,148.82901
1700.0,1695.6522
11.95,15.004449
99.99,103.75491
11.99,15.307935
11.99,15.376216
99.99,103.70015
389.99,386.43832
14.95,17.981943
600.0,586.73315
11.5199995,7.2700386
109.99,116.36848
700.0,696.45917
150.0,148.69675
1700.0,1697.8785
11.99,15.376216
14.95,17.981943
7.68,7.287693
99.99,103.637634
2.99,6.32743
11.95,14.9966135
999.99,994.7814
999.99,994.7814
999.99,994.7814
1700.0,1695.4037
379.99,378.90173
99.99,104.0632
150.0,148.82901
11.99,15.26867
700.0,696.45917
3.84,7.287693
149.99,147.05542
149.99,146.9776
999.99,994.7814
14.95,18.055319
2.99,6.32743
3.84,7.3181686
11.95,14.963883
14.95,17.981943
150.0,148.67563
300.0,295.80002
2.99,6.32743
5.98,6.32743
11.95,15.004449
150.0,149.33424
29.9,17.981943
11.95,15.023435
11.95,15.148256
14.95,17.981943
1700.0,1698.9241
11.99,15.406947
999.99,994.7814
600.0,596.1739
14.95,18.004467
2.99,6.32743
389.99,386.4695
99.99,103.50367
999.99,994.7814
150.0,148.82901
7.68,7.287693
199.98,104.05471
3.84,7.287693
11.95,15.012214
2.99,6.32743
11.99,15.26867
999.99,994.7814
3.84,7.287693
11.99,15.406947
14.95,17.933777
2.99,6.32743
11.95,15.004449
389.99,387.1554
14.95,17.981943
2.99,6.32743
149.99,147.56418
11.99,15.406947
11.95,14.963883
99.99,103.79724
700.0,696.70764
300.0,295.91846
149.99,146.8624
150.0,148.82901
11.5199995,7.287693
29.9,18.030027
5.98,6.32743
11.95,15.004449
5.98,6.506794
11.95,14.970684
300.0,299.38644
99.99,103.65856
5.98,6.3160267
109.99,116.462135
14.95,18.004467
99.99,103.634415
3.84,7.3099394
14.95,18.030027
109.99,115.80477
14.95,17.933777
389.99,386.43832
700.0,696.45917
3.84,7.2700386
2.99,6.32743
3.84,7.287693
150.0,148.82901
389.99,386.15256
150.0,148.89484
11.99,15.429671
99.99,104.032646
149.99,147.19774
99.99,103.88673
11.95,15.004449
600.0,596.5406
400.0,392.40265
999.99,994.7814
14.95,17.981943
11.99,15.374248
23.98,15.376216
2.99,6.32743
700.0,696.45917
999.99,994.7814
2.99,6.32743
2.99,6.32743
11.95,15.031746
379.99,376.09906
389.99,387.1554
3.84,7.2700386
5.98,6.32743
1700.0,1699.6108
3.84,7.287693
14.95,17.981943
109.99,116.11382
150.0,148.88298
379.99,376.4174
300.0,295.9541
389.99,386.43832
1700.0,1697.985
99.99,103.50367
14.95,17.933777
11.99,15.374248
11.95,15.004449
389.99,386.35645
700.0,696.45917
3.84,7.292285
389.99,386.36197
3.84,7.287693
150.0,148.69675
150.0,148.82901
7.68,7.287693
3.84,7.287693
3.84,7.287693
2.99,6.32743
300.0,296.43546
14.95,17.981943
3.84,7.3181686
99.99,103.78875
3.84,7.3181686
5.98,6.32743
150.0,148.82901
3.84,7.287693
300.0,297.15002
600.0,595.8439
7.68,7.287693
14.95,17.981943
2.99,6.32743
700.0,696.45917
11.95,15.004449
2.99,6.32743
3.84,7.287693
2.99,6.32743
700.0,696.45917
11.99,15.406947
11.95,15.004449
23.039999,7.287693
11.99,15.26867
14.95,17.933777
109.99,116.26111
99.99,103.92633
2.99,6.32743
379.99,376.09906
3.84,7.287693
11.99,15.330659
600.0,596.5406
29.9,17.981943
8.97,6.32743
3.84,7.287693
11.99,15.374248
400.0,392.40265
3.84,7.287693
7.68,7.287693
11.99,15.376216
150.0,148.89484
2.99,6.32743
99.99,103.3635
1700.0,1695.6401
11.99,15.406947
11.99,15.26867
11.95,15.004449
300.0,296.72626
11.99,15.376216
150.0,148.69675
14.95,17.981943
300.0,295.80002
14.95,17.981943
11.99,15.23622
600.0,585.26215
1700.0,1695.6401
700.0,707.9867
2.99,6.32743
3.84,7.287693
3.84,7.2700386
11.95,15.012214
3.84,7.287693
2.99,6.32743
3.84,7.287693
14.95,17.981943
11.99,15.393273
99.99,103.9268
2.99,6.32743
5.98,6.32743
600.0,586.73315
11.95,15.012214
14.95,17.981943
700.0,696.8847
379.99,376.09906
11.95,15.012214
700.0,696.45917
600.0,596.109
11.95,15.004449
3.84,7.3181686
150.0,148.82901
3.84,7.287693
149.99,147.15535
11.99,15.376216
11.99,15.376216
11.99,15.406947
150.0,148.82901
3.84,7.287693
7.68,7.3181686
14.95,17.981943
11.95,15.004449
14.95,17.981943
1700.0,1695.3292
11.95,14.963883
99.99,104.032646
149.99,147.30376
5.98,6.32743
11.95,15.004449
11.99,15.26867
99.99,103.384865
2.99,6.32743
150.0,148.7296
379.99,376.40332
150.0,148.82901
5.98,6.32743
3.84,7.287693
29.9,18.030027
3.84,7.287693
2.99,6.32743
150.0,148.82901
14.95,17.981943
2.99,6.32743
379.99,376.40332
99.99,103.966805
14.95,17.933777
14.95,17.933777
14.95,17.981943
11.95,15.004449
149.99,147.15535
11.99,15.429671
2.99,6.3160267
149.99,146.82
999.99,994.7814
2.99,6.32743
3.84,7.287693
999.99,994.7814
700.0,697.1036
600.0,595.8439
1700.0,1695.6401
14.95,17.981943
600.0,586.73315
379.99,376.18167
11.95,15.004449
5.98,6.32743
3.84,7.287693
149.99,147.0903
1700.0,1696.1173
3.84,7.287693
379.99,376.09906
14.95,17.981943
2.99,6.32743
11.99,15.374248
23.98,15.406947
700.0,696.45917
1700.0,1695.6401
99.99,103.634415
3.84,7.287693
11.99,15.26867
700.0,697.1036
109.99,116.26111
300.0,297.27124
23.9,15.012214
150.0,148.82901
14.95,17.933777
11.99,15.39894
11.5199995,7.287693
759.98,376.74603
11.99,15.1750145
14.95,17.981943
99.99,104.032646
11.95,15.004449
150.0,148.82901
2.99,6.32743
99.99,103.43608
700.0,696.45917
999.99,994.7814
700.0,697.3461
2.99,6.32743
700.0,696.4546
8.97,6.3160267
149.99,147.12613
149.99,147.11284
14.95,18.030027
600.0,586.73315
150.0,148.67563
99.99,103.83741
8.97,6.32743
14.95,18.004467
7.68,7.287693
3.84,7.287693
389.99,386.07935
2.99,6.3160267
700.0,696.70764
14.95,17.981943
2.99,6.32743
7.68,7.287693
2.99,6.32743
700.0,697.1036
3.84,7.287693
149.99,147.0903
11.99,15.376216
11.95,15.004449
700.0,696.70764
2.99,6.3160267
14.95,17.933777
14.95,17.981943
11.99,15.376216
3.84,7.2700386
150.0,148.69675
3.84,7.287693
149.99,147.19774
3.84,7.287693
1700.0,1695.6522
11.95,15.004449
700.0,696.70764
14.95,18.004467
150.0,148.82901
3.84,7.287693
2.99,6.32743
150.0,148.6165
3.84,7.287693
149.99,146.86252
600.0,596.0359
600.0,586.73315
99.99,103.620766
14.95,17.981943
23.98,15.376216
11.95,15.004449
11.99,15.429671
11.95,15.004449
700.0,696.62866
5.98,6.32743
99.99,103.12848
14.95,17.981943
23.98,15.429671
11.95,15.004449
389.99,386.8105
2.99,6.32743
109.99,115.880714
14.95,17.933777
11.99,15.374248
14.95,17.981943
700.0,696.4546
7.68,7.3181686
3.84,7.287693
7.68,7.287693
11.95,14.963883
11.95,14.963883
11.95,15.004449
11.95,15.004449
99.99,103.95768
3.84,7.287693
14.95,18.030027
11.99,15.376216
999.99,994.7814
11.95,15.012214
11.95,15.012214
7.68,7.3181686
389.99,386.17462
3.84,7.287693
700.0,696.45917
14.95,18.030027
150.0,148.82901
14.95,17.981943
11.95,15.004449
150.0,148.9488
389.99,386.35645
389.99,387.94623
150.0,148.89484
99.99,103.97473
11.5199995,7.287693
2.99,6.32743
149.99,147.19774
3.84,7.287693
3.84,7.287693
1700.0,1699.7996
2.99,6.32743
5.98,6.3160267
11.99,15.26867
11.95,15.004449
11.95,14.962919
14.95,17.981943
700.0,696.62866
14.95,18.030027
99.99,103.55998
149.99,147.11284
11.99,15.406947
3.84,7.287693
11.95,14.962919
11.99,15.374248
14.95,17.933777
5.98,6.32743
600.0,595.96063
600.0,596.0359
11.99,15.376216
300.0,297.76996
11.95,15.012214
5.98,6.32743
150.0,148.82901
3.84,7.2700386
700.0,696.62866
14.95,17.981943
150.0,148.69675
150.0,148.82901
389.99,386.35645
23.98,15.39894
11.95,15.004449
2.99,6.32743
1700.0,1695.6401
1700.0,1695.6522
11.95,15.004449
389.99,386.15256
11.95,15.004449
300.0,298.80713
379.99,376.40332
150.0,148.82901
11.95,14.963883
11.99,15.374248
5.98,6.32743
11.99,15.26867
379.99,376.09906
1700.0,1695.0902
11.99,15.519269
11.99,15.376216
3.84,7.287693
109.99,116.34036
149.99,147.15535
150.0,148.67563
11.99,15.376216
11.95,15.012214
700.0,696.70764
389.99,386.2449
2.99,6.32743
11.95,15.004449
11.99,15.406947
700.0,696.45917
11.99,15.406947
379.99,376.11343
1700.0,1695.3777
14.95,17.981943
149.99,147.11284
3.84,7.287693
11.99,15.26867
109.99,116.23186
8.97,6.32743
2.99,6.32743
11.95,15.012214
3.84,7.2700386
11.99,15.1750145
11.95,15.004449
150.0,148.82901
2.99,6.32743
2.99,6.32743
11.95,15.004449
2.99,6.32743
109.99,116.26111
600.0,586.73315
14.95,17.981943
389.99,386.2449
2.99,6.32743
999.99,994.7814
1700.0,1695.5743
3.84,7.287693
5.98,6.32743
11.99,15.519269
99.99,103.85617
150.0,148.88298
11.95,15.012214
3.84,7.287693
150.0,148.82901
150.0,148.82901
14.95,17.981943
3.84,7.2700386
3.84,7.3181686
5.98,6.3160267
29.9,17.981943
11.95,14.962919
5.98,6.32743
3.84,7.287693
11.95,14.963883
379.99,376.09906
23.9,14.962919
11.99,15.376216
5.98,6.32743
3.84,7.287693
1700.0,1695.6522
14.95,17.933777
99.99,103.527
3.84,7.3181686
600.0,585.26215
11.99,15.26867
3.84,7.287693
150.0,148.82901
11.95,15.004449
700.0,696.4546
14.95,18.030027
379.99,376.8746
999.99,994.7814
389.99,385.84973
14.95,17.981943
11.99,15.307935
23.98,15.376216
11.95,15.004449
14.95,17.981943
11.99,15.376216
99.99,103.83741
3.84,7.287693
3.84,7.287693
700.0,696.6241
2.99,6.32743
379.99,376.44208
379.99,376.40332
600.0,596.15265
7.68,7.287693
379.99,376.1029
389.99,386.35645
150.0,148.88298
700.0,696.70764
14.95,18.004467
7.68,7.287693
11.99,15.406947
11.96,6.32743
300.0,296.83633
700.0,696.70764
3.84,7.287693
1700.0,1696.016
14.95,17.981943
99.99,103.50367
1700.0,1695.6675
3.84,7.287693
150.0,148.69675
14.95,17.981943
11.99,15.23622
11.99,15.406947
389.99,386.09482
11.95,15.012214
150.0,148.82901
11.95,15.004449
11.95,15.012214
99.99,103.12848
11.5199995,7.287693
149.99,147.19774
11.99,15.376216
109.99,115.79502
700.0,697.1036
11.99,15.26867
109.99,116.462135
14.95,17.981943
8.97,6.32743
379.99,376.18167
11.99,15.307935
11.99,15.26867
149.99,147.11284
23.9,15.004449
389.99,386.43832
11.95,15.004449
14.95,17.933777
14.95,17.981943
300.0,297.27567
150.0,148.9488
150.0,148.89484
11.5199995,7.287693
389.99,386.2449
700.0,696.70764
149.99,147.19774
150.0,148.69675
600.0,585.26215
14.95,18.004467
999.99,994.7814
109.99,116.84453
11.95,15.012214
11.99,15.376216
29.9,17.981943
11.99,15.376216
11.99,15.376216
14.95,17.981943
199.98,103.28905
999.99,994.7814
379.99,376.58472
3.84,7.287693
14.95,17.933777
11.95,15.012214
389.99,386.43832
99.99,104.12075
149.99,147.19774
2.99,6.3160267
99.99,103.49425
11.99,15.39894
3.84,7.287693
23.9,15.004449
14.95,17.981943
14.95,18.004467
99.99,104.05471
150.0,148.82901
759.98,376.1029
389.99,386.56204
999.99,994.7814
14.95,17.981943
14.95,17.981943
99.99,103.424286
389.99,385.95078
14.95,18.004467
300.0,295.44464
149.99,147.30376
3.84,7.3181686
999.99,994.7814
300.0,296.22922
600.0,596.15265
150.0,148.67563
5.98,6.32743
109.99,116.34036
11.95,14.970684
149.99,147.11284
3.84,7.287693
14.95,17.981943
11.99,15.26867
109.99,116.283134
379.99,376.4174
99.99,103.84753
150.0,148.82901
700.0,696.62866
600.0,596.1739
11.95,15.004449
150.0,148.82901
11.96,6.32743
3.84,7.3099394
2.99,6.32743
11.95,15.004449
379.99,376.44208
149.99,146.86252
14.95,17.981943
11.99,15.406947
29.9,17.981943
14.95,17.981943
14.95,17.981943
7.68,7.287693
700.0,697.6562
11.95,15.012214
11.99,15.406947
3.84,7.287693
600.0,596.109
400.0,392.40265
1700.0,1699.0679
11.95,15.023435
1700.0,1696.016
11.99,15.374248
11.95,15.012214
389.99,386.35645
150.0,149.33424
2.99,6.32743
11.99,15.307935
150.0,148.82901
2.99,6.32743
7.68,7.287693
700.0,696.70764
29.9,17.981943
389.99,386.43832
14.95,17.981943
14.95,17.981943
150.0,148.88298
14.95,17.981943
11.99,15.376216
11.95,15.004449
389.99,386.28217
11.95,15.004449
29.9,17.981943
14.95,17.981943
11.99,15.374248
389.99,386.67395
150.0,148.82901
150.0,148.82901
14.95,17.981943
11.95,15.004449
11.95,15.004449
14.95,17.981943
99.99,103.424286
99.99,104.005394
150.0,148.88298
600.0,595.96063
99.99,103.806854
14.95,17.981943
14.95,17.981943
149.99,147.11284
11.99,15.374248
300.0,296.09308
379.99,376.11343
150.0,148.82901
14.95,17.981943
700.0,696.45917
99.99,103.43608
14.95,17.981943
99.99,103.806854
379.99,377.6057
11.95,15.012214
150.0,148.82901
14.95,17.981943
2.99,6.506794
149.99,148.11156
389.99,386.2449
2.99,6.3160267
11.99,15.376216
14.95,17.981943
700.0,696.62866
379.99,376.09906
29.9,18.030027
389.99,386.8105
389.99,386.00906
700.0,696.70764
1700.0,1695.6401
600.0,596.0359
11.95,15.004449
11.95,15.004449
14.95,17.981943
3.84,7.287693
150.0,148.82901
150.0,148.82901
5.98,6.32743
600.0,595.96063
11.96,6.32743
150.0,148.82901
14.95,17.933777
14.95,17.981943
11.95,15.004449
99.99,103.424286
2.99,6.32743
600.0,595.8439
3.84,7.287693
5.98,6.32743
149.99,147.21011
3.84,7.3099394
11.99,15.39894
5.98,6.32743
14.95,18.030027
999.99,994.7814
14.95,18.030027
5.98,6.32743
379.99,376.44208
2.99,6.32743
389.99,386.35214
5.98,6.32743
700.0,696.70764
23.98,15.39894
2.99,6.32743
15.36,7.3181686
11.95,15.004449
23.98,15.330659
389.99,386.67395
11.99,15.376216
379.99,376.09906
7.68,7.2700386
11.99,15.374248
389.99,386.353
2.99,6.32743
14.95,17.981943
14.95,17.981943
11.99,15.396972
3.84,7.287693
99.99,103.88673
11.95,14.9966135
2.99,6.32743
379.99,376.09906
14.95,17.981943
99.99,103.806854
3.84,7.287693
99.99,104.0632
14.95,17.933777
300.0,297.15002
14.95,17.981943
11.5199995,7.287693
150.0,148.88298
11.95,15.004449
600.0,596.19214
14.95,17.981943
2.99,6.32743
14.95,17.981943
389.99,386.35245
2.99,6.32743
11.99,15.1750145
149.99,147.34627
11.95,15.004449
999.99,994.7814
149.99,146.9776
5.98,6.32743
150.0,148.82901
3.84,7.3181686
1700.0,1698.9995
150.0,148.82901
14.95,17.981943
2.99,6.32743
3.84,7.3181686
5.98,6.32743
400.0,392.40265
14.95,17.981943
3.84,7.287693
14.95,17.981943
149.99,147.34627
5.98,6.3160267
23.9,14.970684
3.84,7.3181686
11.99,15.406947
14.95,17.981943
150.0,148.6165
11.99,15.374248
149.99,147.34627
3.84,7.287693
11.95,15.004449
150.0,148.82901
2.99,6.32743
23.98,15.374248
14.95,17.933777
11.95,15.004449
999.99,994.7814
2.99,6.32743
11.95,15.012214
3.84,7.287693
1700.0,1709.9607
149.99,147.15535
2.99,6.32743
11.99,15.406947
150.0,148.82901
400.0,392.40265
11.99,15.406947
14.95,17.981943
11.99,15.26867
700.0,696.70764
99.99,103.708275
2.99,6.32743
14.95,18.030027
11.95,15.023435
400.0,392.5175
109.99,116.031624
2.99,6.32743
11.95,15.004449
389.99,386.3053
11.99,15.376216
11.99,15.307935
23.9,15.004449
11.99,15.374248
999.99,994.7814
600.0,595.8439
999.99,994.7814
3.84,7.287693
600.0,596.0359
14.95,17.981943
2.99,6.32743
389.99,387.12247
14.95,17.981943
14.95,17.981943
2.99,6.32743
11.99,15.374248
2.99,6.32743
11.95,15.004449
14.95,17.933777
7.68,7.3181686
14.95,17.981943
11.99,15.453925
700.0,696.70764
150.0,148.88298
150.0,148.69675
99.99,103.12848
2.99,6.3160267
2.99,6.32743
14.95,18.030027
7.68,7.3099394
109.99,116.031624
11.95,15.004449
11.95,14.962919
149.99,147.15535
149.99,147.30376
149.99,147.11284
11.5199995,7.287693
11.99,15.26867
150.0,148.89484
11.95,15.004449
11.95,14.963883
11.95,15.006886
14.95,17.981943
379.99,376.74603
109.99,116.283134
11.95,15.004449
7.68,7.287693
600.0,585.26215
109.99,115.79502
2.99,6.32743
99.99,103.33066
389.99,386.26007
11.95,14.962919
7.68,7.287693
11.99,15.406947
600.0,596.19214
149.99,147.19774
999.99,994.7814
11.95,15.004449
149.99,147.34627
3.84,7.287693
11.95,15.004449
149.99,147.11284
2.99,6.32743
29.9,18.004467
149.99,147.11284
149.99,147.13269
11.95,15.004449
1700.0,1696.1173
11.99,15.307935
379.99,376.37854
149.99,147.34627
14.95,17.981943
389.99,386.35214
149.99,147.15535
2.99,6.3160267
14.95,17.981943
14.95,17.981943
2.99,6.32743
150.0,148.82901
11.95,15.004449
11.99,15.374248
11.95,15.012214
11.99,15.376216
3.84,7.287693
3.84,7.287693
2.99,6.506794
14.95,17.981943
999.99,994.7814
14.95,17.981943
400.0,392.40265
109.99,116.283134
149.99,147.0903
2.99,6.32743
11.95,15.004449
11.95,15.004449
3.84,7.287693
379.99,377.40094
2.99,6.32743
2.99,6.32743
14.95,17.981943
300.0,296.33118
379.99,380.42496
600.0,586.73315
109.99,115.95189
11.95,15.012214
11.99,15.376216
7.68,7.3181686
11.99,15.376216
11.99,15.393273
14.95,17.981943
14.95,17.981943
3.84,7.287693
5.98,6.32743
14.95,17.981943
7.68,7.2700386
14.95,17.981943
99.99,103.12848
150.0,148.82901
11.95,15.004449
149.99,146.86252
11.95,15.012214
149.99,147.62923
150.0,148.82901
150.0,148.54337
11.99,15.374248
379.99,376.6002
11.95,15.004449
11.99,15.376216
150.0,148.89484
3.84,7.287693
11.95,15.004449
379.99,376.8746
11.99,15.406947
3.84,7.287693
2.99,6.32743
999.99,994.7814
11.95,15.004449
11.95,15.004449
8.97,6.32743
3.84,7.287693
11.95,15.004449
149.99,147.19774
3.84,7.287693
11.95,14.9488125
99.99,103.23119
150.0,148.82901
11.95,15.004449
600.0,596.15265
11.99,15.393273
2.99,6.32743
999.99,994.7814
5.98,6.32743
11.99,15.374248
999.99,994.7814
99.99,103.442314
99.99,104.081215
2.99,6.32743
389.99,386.26007
149.99,147.34627
3.84,7.287693
2.99,6.32743
11.95,14.962919
379.99,376.09906
14.95,17.981943
23.98,15.26867
379.99,376.40332
3.84,7.3181686
11.95,15.004449
600.0,586.73315
29.9,17.933777
300.0,297.13208
109.99,115.880714
11.95,15.004449
2.99,6.32743
389.99,386.1869
379.99,376.40332
1700.0,1699.0679
150.0,148.82901
14.95,17.981943
149.99,147.15535
8.97,6.32743
11.99,15.406947
379.99,376.09906
150.0,148.82901
149.99,147.0903
11.95,15.004449
150.0,148.89484
14.95,17.981943
11.99,15.26867
11.95,15.004449
14.95,17.981943
14.95,17.981943
11.99,15.406947
700.0,696.45917
300.0,297.28616
600.0,596.19214
149.99,146.86252
2.99,6.3160267
11.95,15.023435
11.95,15.004449
389.99,386.42328
11.5199995,7.2700386
109.99,115.95189
11.95,15.012214
11.95,15.012214
14.95,17.981943
379.99,376.91418
14.95,17.981943
2.99,6.506794
379.99,376.41882
379.99,376.40332
11.5199995,7.287693
11.99,15.406947
150.0,148.82901
3.84,7.287693
150.0,148.82901
11.95,15.004449
3.84,7.287693
11.99,15.376216
150.0,148.82901
7.68,7.287693
11.99,15.39894
300.0,297.15002
3.84,7.3181686
14.95,17.981943
379.99,376.40332
11.95,15.004449
379.99,375.89178
300.0,296.713
149.99,147.15535
11.95,15.004449
99.99,103.55503
300.0,295.71185
23.9,14.9966135
109.99,116.031624
7.68,7.3099394
150.0,148.82901
8.97,6.32743
11.95,15.023435
400.0,392.3747
14.95,17.981943
11.99,15.26867
11.99,15.39894
700.0,696.70764
149.99,147.34627
150.0,148.82901
2.99,6.32743
11.95,14.9966135
5.98,6.32743
7.68,7.287693
3.84,7.287693
5.98,6.32743
3.84,7.2700386
700.0,696.45917
300.0,298.32
11.95,15.012214
600.0,596.5406
14.95,17.981943
149.99,147.19774
379.99,376.09906
7.68,7.287693
11.95,15.012214
300.0,295.9541
11.95,14.962919
379.99,376.09906
11.95,15.004449
2.99,6.32743
700.0,696.70764
600.0,596.709
14.95,17.981943
1700.0,1695.5613
300.0,296.713
149.99,147.15535
600.0,596.109
2.99,6.32743
3.84,7.287693
14.95,18.030027
99.99,103.76638
5.98,6.32743
999.99,994.7814
11.99,15.376216
99.99,103.83741
11.99,15.406947
379.99,376.09906
2.99,6.32743
999.99,994.7814
999.99,994.8964
3.84,7.287693
3.84,7.287693
3.84,7.287693
11.99,15.374248
150.0,148.88298
150.0,148.82901
149.99,147.13269
14.95,17.981943
2.99,6.32743
11.99,15.376216
3.84,7.3181686
99.99,103.76638
300.0,296.38327
11.95,15.012214
1700.0,1695.6414
2.99,6.3160267
99.99,104.005394
389.99,386.02106
150.0,148.82901
7.68,7.287693
149.99,147.0903
2.99,6.32743
11.99,15.396972
150.0,148.82901
14.95,17.981943
11.99,15.406947
14.95,17.933777
99.99,103.620766
14.95,17.981943
99.99,103.28905
150.0,148.82901
700.0,696.70764
109.99,115.82349
11.99,15.406947
11.99,15.406947
11.99,15.376216
379.99,376.58472
3.84,7.287693
2.99,6.32743
14.95,17.981943
150.0,148.82901
999.99,994.7814
600.0,586.73315
150.0,148.67563
999.99,994.7814
11.95,15.012214
999.99,994.7814
5.98,6.3160267
389.99,386.43832
300.0,296.713
300.0,296.24402
5.98,6.32743
11.95,15.004449
3.84,7.287693
11.99,15.376216
999.99,994.5261
3.84,7.287693
2.99,6.32743
11.95,15.004449
379.99,376.44208
150.0,148.82901
11.95,15.012214
2.99,6.32743
11.95,14.9488125
379.99,376.11343
29.9,17.981943
11.5199995,7.3181686
11.99,15.406947
11.99,15.374248
2.99,6.32743
999.99,994.5261
11.99,15.406947
7.68,7.287693
149.99,147.15535
11.95,15.004449
999.99,994.7814
11.99,15.307935
150.0,148.82901
11.95,15.004449
150.0,148.82901
11.95,15.012214
14.95,17.981943
11.95,14.963883
99.99,103.28905
14.95,17.933777
109.99,116.22358
300.0,295.80002
3.84,7.287693
149.99,147.15535
300.0,296.33118
3.84,7.3181686
14.95,17.981943
149.99,147.0903
2.99,6.32743
11.99,15.376216
14.95,17.981943
14.95,17.981943
3.84,7.3181686
14.95,17.981943
150.0,148.82901
379.99,376.40332
14.95,17.981943
389.99,386.108
11.99,15.406947
149.99,147.34627
3.84,7.287693
99.99,104.82013
150.0,148.82901
1700.0,1696.1173
99.99,103.88673
11.95,15.004449
379.99,375.89178
700.0,696.70764
150.0,148.82901
11.99,15.307935
379.99,376.09906
149.99,147.15523
999.99,994.80945
99.99,103.620766
700.0,696.45917
14.95,17.981943
14.95,17.981943
2.99,6.32743
2.99,6.32743
2.99,6.32743
7.68,7.287693
150.0,148.67563
99.99,103.9268
11.99,15.26867
2.99,6.32743
14.95,17.981943
379.99,376.40332
300.0,296.9128
400.0,392.5175
600.0,595.96063
109.99,116.75104
14.95,18.004467
11.99,15.429671
150.0,148.89484
11.99,15.26867
150.0,148.82901
14.95,17.981943
11.99,15.376216
99.99,103.55503
379.99,376.40332
150.0,148.67563
5.98,6.32743
23.98,15.26867
2.99,6.32743
3.84,7.287693
109.99,116.34036
11.95,15.004449
2.99,6.32743
11.95,15.012214
700.0,696.70764
389.99,386.42328
23.98,15.406947
2.99,6.32743
14.95,17.933777
379.99,376.5651
2.99,6.32743
3.84,7.287693
29.9,18.004467
379.99,376.09906
11.95,15.004449
11.95,15.012214
700.0,696.70764
109.99,116.490395
11.99,15.376216
14.95,17.981943
14.95,17.981943
700.0,696.70764
379.99,376.18167
600.0,596.15265
300.0,295.9378
11.95,15.012214
999.99,994.7814
150.0,148.82901
600.0,586.73315
300.0,295.96475
11.99,15.23622
11.99,15.39894
150.0,148.82901
99.99,103.7314
109.99,116.18341
999.99,994.7814
5.98,6.3160267
11.99,15.374248
11.99,15.26867
149.99,147.15535
109.99,116.02116
11.95,14.963883
389.99,386.4957
700.0,696.45917
389.99,386.36197
14.95,17.981943
300.0,296.2397
29.9,17.981943
14.95,17.981943
389.99,386.4957
11.95,15.004449
99.99,103.12848
99.99,103.35191
11.99,15.374248
2.99,6.32743
149.99,147.11284
300.0,297.22357
11.95,15.004449
11.95,14.963883
2.99,6.32743
14.95,17.981943
23.9,15.004449
99.99,104.032646
2.99,6.32743
600.0,596.0359
11.95,15.004449
5.98,6.32743
2.99,6.32743
3.84,7.287693
11.95,15.004449
379.99,376.11343
300.0,295.42914
3.84,7.287693
5.98,6.3160267
700.0,696.70764
2.99,6.32743
109.99,115.95189
2.99,6.32743
99.99,103.703476
999.99,994.7814
3.84,7.287693
11.95,15.004449
149.99,147.15535
5.98,6.32743
150.0,148.89484
99.99,103.637634
11.99,15.406947
99.99,103.806854
14.95,17.981943
1700.0,1696.9395
99.99,103.79724
5.98,6.3160267
23.98,15.374248
379.99,376.40332
11.99,15.26867
11.99,15.376216
389.99,386.67395
14.95,17.933777
11.95,15.031746
150.0,148.54337
700.0,696.4546
3.84,7.287693
11.99,15.406947
11.99,15.406947
11.95,15.004449
3.84,7.287693
11.95,15.004449
99.99,103.606384
3.84,7.287693
99.99,104.081215
389.99,386.43832
150.0,148.82901
14.95,17.981943
389.99,386.3053
11.95,15.031199
14.95,18.055319
99.99,103.28905
11.99,15.429671
11.95,15.004449
11.95,15.004449
2.99,6.32743
1700.0,1695.6522
1700.0,1695.6522
11.95,15.012214
14.95,17.981943
11.99,15.26867
11.99,15.406947
3.84,7.287693
11.95,15.031746
11.95,15.004449
389.99,386.3053
5.98,6.32743
3.84,7.287693
11.99,15.406947
14.95,17.981943
150.0,148.9488
11.95,14.9966135
600.0,596.19214
5.98,6.32743
150.0,148.6165
600.0,596.5406
700.0,696.70764
600.0,596.1739
3.84,7.287693
2.99,6.32743
109.99,115.880714
999.99,994.7814
8.97,6.32743
3.84,7.287693
600.0,596.0359
14.95,17.981943
11.99,15.374248
389.99,386.02106
109.99,116.89399
14.95,17.933777
600.0,596.109
19.199999,7.287693
600.0,586.73315
11.95,15.004449
99.99,103.43608
11.99,15.406947
379.99,376.09906
400.0,392.40265
150.0,148.88298
3.84,7.287693
11.95,15.004449
11.95,15.004449
379.99,376.09906
149.99,147.30376
2.99,6.32743
150.0,148.82901
14.95,17.981943
3.84,7.2700386
11.99,15.376216
3.84,7.287693
150.0,148.67563
999.99,994.7814
11.99,15.429671
600.0,596.109
3.84,7.287693
3.84,7.287693
150.0,148.82901
11.95,14.962919
11.95,15.004449
149.99,147.15535
1700.0,1696.9395
2.99,6.32743
150.0,148.88298
14.95,17.981943
11.99,15.376216
1700.0,1697.0934
11.99,15.406947
3.84,7.287693
3.84,7.287693
23.98,15.23622
3.84,7.2700386
999.99,994.7814
150.0,148.82901
11.99,15.406947
600.0,596.5406
700.0,697.3461
14.95,17.981943
1700.0,1697.0292
2.99,6.32743
14.95,17.981943
149.99,147.19774
149.99,147.34627
3.84,7.287693
400.0,392.40265
2.99,6.32743
2.99,6.32743
600.0,595.8439
23.9,15.004449
3.84,7.287693
109.99,116.031624
14.95,17.981943
3.84,7.287693
14.95,17.981943
379.99,376.40332
150.0,148.6165
999.99,994.7814
14.95,17.981943
109.99,116.26232
150.0,148.82901
3.84,7.2700386
3.84,7.287693
150.0,148.88298
23.9,15.004449
2.99,6.32743
2.99,6.32743
11.99,15.406947
150.0,148.69675
11.95,15.004449
600.0,595.8439
150.0,148.82901
150.0,148.82901
2.99,6.32743
149.99,147.13269
14.95,17.981943
11.95,15.004449
99.99,103.9268
5.98,6.506794
379.99,376.44208
379.99,376.09906
11.96,6.32743
700.0,697.1036
149.99,146.9049
2.99,6.32743
11.99,15.376216
3.84,7.287693
999.99,994.7814
2.99,6.32743
999.99,994.7814
2.99,6.32743
3.84,7.287693
11.95,15.004449
14.95,17.981943
11.95,15.012214
11.96,6.32743
700.0,696.45917
379.99,376.88144
99.99,103.76638
3.84,7.287693
99.99,104.032646
600.0,586.73315
11.99,15.374248
14.95,18.004467
5.98,6.32743
11.99,15.376216
600.0,596.0359
389.99,386.09482
11.99,15.374248
999.99,994.7814
1700.0,1695.6492
3.84,7.287693
600.0,585.26215
23.98,15.406947
389.99,386.42328
379.99,376.11343
11.95,15.004449
99.99,103.393036
11.95,15.004449
150.0,148.82901
14.95,17.981943
11.99,15.26867
150.0,148.82901
11.95,15.004449
149.99,146.82
11.99,15.26867
3.84,7.287693
3.84,7.287693
150.0,148.69675
11.99,15.376216
1700.0,1695.6522
14.95,17.933777
1700.0,1697.985
7.68,7.287693
150.0,148.82901
999.99,994.7814
700.0,696.45917
2.99,6.3160267
150.0,148.89484
300.0,297.28616
1700.0,1698.9241
11.95,15.004449
3.84,7.287693
600.0,596.5406
150.0,148.54337
11.95,15.004449
109.99,116.89399
2.99,6.32743
11.99,15.376216
149.99,147.19774
14.95,17.981943
600.0,586.73315
389.99,386.2449
11.99,15.376216
5.98,6.3160267
2.99,6.32743
1700.0,1695.5743
14.95,17.933777
150.0,148.82901
11.95,15.148256
150.0,148.69675
149.99,147.62923
11.99,15.376216
14.95,17.981943
14.95,17.981943
999.99,994.7814
150.0,148.89484
300.0,296.2397
149.99,147.0903
389.99,386.17462
11.99,15.376216
11.99,15.406947
150.0,148.82901
14.95,17.981943
400.0,392.40265
3.84,7.2700386
11.99,15.406947
109.99,115.880714
14.95,17.981943
600.0,596.19214
99.99,103.637245
14.95,17.981943
11.95,15.012214
389.99,386.15256
14.95,18.004467
379.99,376.5651
999.99,994.7814
11.99,15.307935
11.99,15.376216
3.84,7.287693
11.99,15.376216
700.0,696.4546
389.99,386.35645
150.0,148.82901
3.84,7.287693
99.99,103.22943
379.99,376.18167
400.0,392.40265
2.99,6.8192496
11.95,15.004449
14.95,17.981943
11.5199995,7.287693
11.95,14.962919
149.99,147.19774
5.98,6.32743
700.0,697.6562
11.95,15.012214
600.0,586.73315
7.68,7.287693
3.84,7.287693
149.99,147.0903
3.84,7.287693
11.95,15.012214
600.0,596.109
600.0,596.109
300.0,295.70587
3.84,7.287693
2.99,6.32743
2.99,6.32743
14.95,17.981943
700.0,696.45917
3.84,7.287693
300.0,296.22922
150.0,148.82901
150.0,148.82901
300.0,296.3207
999.99,994.7814
11.95,15.004449
11.99,15.374248
5.98,6.32743
3.84,7.287693
1700.0,1695.6401
3.84,7.287693
389.99,386.4695
150.0,148.82901
149.99,146.93521
11.95,14.9966135
14.95,17.981943
99.99,104.032646
109.99,116.192635
14.95,17.981943
149.99,147.15523
400.0,392.40265
150.0,148.82901
14.95,17.981943
2.99,6.32743
109.99,116.283134
389.99,386.1869
5.98,6.32743
11.95,15.004449
700.0,696.45917
14.95,17.981943
11.95,15.004449
99.99,104.047066
14.95,17.933777
600.0,595.96063
3.84,7.287693
29.9,17.981943
11.99,15.376216
700.0,696.45917
11.95,15.004449
14.95,18.030027
3.84,7.287693
14.95,17.981943
1700.0,1699.0679
150.0,148.82901
1700.0,1695.3292
700.0,696.45917
99.99,103.57149
600.0,599.99005
11.99,15.376216
600.0,596.109
11.95,15.012214
14.95,18.004467
2.99,6.32743
150.0,148.6165
14.95,18.004467
11.95,15.004449
999.99,994.5261
99.99,103.83741
600.0,585.26215
14.95,17.981943
2.99,6.32743
11.99,15.374248
149.99,146.86252
14.95,17.981943
14.95,18.030027
5.98,6.32743
150.0,148.82901
2.99,6.32743
14.95,17.933777
99.99,104.69115
11.95,15.023435
109.99,116.25972
109.99,116.192635
700.0,697.1036
99.99,104.58104
14.95,18.030027
11.95,15.004449
11.95,15.004449
23.98,15.396972
3.84,7.292285
300.0,296.6731
2.99,6.32743
14.95,17.981943
5.98,6.32743
2.99,6.32743
14.95,17.981943
150.0,148.88298
2.99,6.506794
2.99,6.32743
109.99,116.031624
11.95,15.004449
7.68,7.2700386
600.0,595.8439
14.95,6.506794
3.84,7.287693
7.68,7.287693
14.95,17.981943
7.68,7.287693
5.98,6.32743
14.95,17.981943
14.95,17.981943
8.97,6.32743
150.0,148.82901
11.95,15.004449
99.99,103.22943
11.95,15.004449
400.0,392.5175
149.99,147.11284
3.84,7.287693
700.0,696.62866
150.0,148.89484
11.99,15.376216
11.95,15.012214
999.99,994.7814
3.84,7.287693
3.84,7.287693
379.99,376.44208
99.99,103.28905
14.95,17.981943
600.0,586.73315
3.84,7.287693
149.99,147.69244
14.95,17.981943
2.99,6.32743
14.95,17.981943
23.9,15.012214
3.84,7.287693
999.99,994.7814
150.0,148.82901
99.99,103.76638
14.95,17.981943
11.99,15.406947
29.9,17.981943
2.99,6.32743
149.99,147.30376
11.99,15.406947
109.99,116.16511
109.99,116.9255
14.95,17.981943
3.84,7.287693
11.95,15.004449
3.84,7.287693
99.99,104.081215
150.0,148.82901
150.0,148.88298
99.99,103.18015
8.97,6.32743
150.0,148.82901
379.99,376.18167
109.99,116.23186
11.95,15.004449
150.0,148.88298
23.98,15.376216
700.0,696.45917
3.84,7.287693
2.99,6.32743
11.99,15.406947
150.0,148.82901
11.95,15.004449
11.99,15.374248
600.0,596.0359
300.0,296.88416
379.99,376.11343
11.95,15.012214
14.95,17.981943
14.95,17.933777
3.84,7.287693
14.95,17.981943
999.99,994.7814
99.99,103.527
3.84,7.3099394
150.0,148.69675
379.99,376.40332
3.84,7.287693
14.95,17.933777
2.99,6.32743
2.99,6.32743
17.94,6.32743
14.95,17.981943
3.84,7.287693
3.84,7.287693
11.95,15.004449
999.99,994.7814
11.95,15.012214
5.98,6.32743
300.0,296.22922
11.95,15.004449
14.95,18.055319
2.99,6.32743
999.99,994.7814
150.0,148.82901
11.95,15.006886
2.99,6.32743
99.99,103.55998
29.9,18.004467
11.95,15.004449
1700.0,1699.6108
300.0,295.9436
29.9,17.981943
2.99,6.32743
11.95,15.004449
11.95,15.004449
7.68,7.287693
999.99,994.7814
11.95,15.012214
14.95,17.933777
23.9,15.148256
14.95,17.981943
99.99,104.032646
99.99,103.65856
11.99,15.376216
389.99,387.01276
14.95,17.981943
150.0,148.82901
14.95,17.981943
379.99,376.18167
109.99,116.41729
700.0,696.70764
1700.0,1695.6414
14.95,6.32743
11.95,15.012214
11.99,15.429671
150.0,148.82901
300.0,296.53696
2.99,6.32743
150.0,148.82901
11.99,15.26867
14.95,17.981943
11.99,15.374248
11.95,15.004449
150.0,148.89484
99.99,104.0632
2.99,6.32743
11.99,15.406947
150.0,148.82901
14.95,17.981943
1700.0,1695.5743
109.99,115.90097
3.84,7.3099394
2.99,6.32743
11.99,15.453925
3.84,7.3181686
379.99,376.09906
3.84,7.3099394
11.95,15.012214
149.99,147.0903
99.99,103.527
150.0,148.82901
700.0,696.45917
14.95,17.933777
150.0,148.82901
999.99,994.7814
14.95,17.981943
379.99,376.09906
400.0,392.40265
3.84,7.287693
3.84,7.287693
149.99,147.15535
11.99,15.376216
14.95,17.981943
14.95,17.981943
99.99,103.87749
14.95,17.981943
11.95,15.012214
11.99,15.406947
99.99,103.8157
3.84,7.2700386
14.95,17.981943
11.99,15.374248
379.99,376.40332
149.99,147.05344
11.99,15.26867
1700.0,1695.6522
149.99,147.11284
379.99,376.44208
11.95,15.012214
99.99,103.966805
11.95,14.962919
150.0,148.82901
3.84,7.287693
7.68,7.287693
11.95,15.004449
3.84,7.287693
150.0,148.69675
14.95,17.981943
150.0,148.89484
3.84,7.287693
300.0,295.80002
11.95,15.012214
11.95,15.004449
2.99,6.32743
11.99,15.374248
7.68,7.287693
600.0,585.26215
3.84,7.3181686
15.36,7.287693
1700.0,1696.0317
1700.0,1695.473
7.68,7.287693
14.95,17.933777
999.99,994.7814
300.0,296.6054
3.84,7.3181686
14.95,17.933777
700.0,696.45917
14.95,17.933777
150.0,148.82901
11.96,6.32743
99.99,103.30144
11.95,15.004449
3.84,7.287693
149.99,147.34627
14.95,17.981943
3.84,7.287693
150.0,148.82901
3.84,7.287693
379.99,376.40332
29.9,18.030027
109.99,116.34036
379.99,376.11343
149.99,147.15535
150.0,148.69675
5.98,6.32743
109.99,115.77123
14.95,17.981943
150.0,148.82901
14.95,17.981943
14.95,17.981943
11.99,15.26867
600.0,585.26215
11.99,15.406947
11.95,15.012214
149.99,146.9049
11.99,15.376216
150.0,148.82901
11.99,15.376216
99.99,103.09601
150.0,148.82901
11.99,15.374248
150.0,148.75072
99.99,103.99217
2.99,6.3160267
150.0,148.67563
5.98,6.32743
14.95,17.981943
11.99,15.429671
150.0,148.82901
23.98,15.453925
389.99,386.43832
3.84,7.287693
999.99,994.7814
11.95,15.004449
11.99,15.376216
300.0,296.46152
11.95,14.963883
99.99,103.8157
5.98,6.32743
11.99,15.374248
700.0,696.70764
11.95,15.004449
14.95,17.981943
2.99,6.32743
11.95,15.004449
99.99,104.01529
11.95,14.9966135
150.0,148.82901
2.99,6.3160267
11.99,15.39894
99.99,103.8157
99.99,103.76638
8.97,6.32743
11.99,15.406947
11.99,15.374248
379.99,376.40332
99.99,104.56924
11.95,15.004449
11.95,15.012214
999.99,994.7814
99.99,103.83741
14.95,17.933777
11.95,15.004449
150.0,148.88298
3.84,7.287693
300.0,297.76996
99.99,103.83741
99.99,103.79724
1700.0,1695.6522
3.84,7.287693
3.84,7.287693
999.99,994.7814
8.97,6.32743
11.99,15.26867
11.95,15.012214
150.0,148.82901
1700.0,1695.6401
3.84,7.287693
11.99,15.26867
11.95,15.004449
389.99,387.1554
11.99,15.406947
14.95,17.981943
99.99,103.83741
14.95,17.981943
150.0,148.82901
2.99,6.32743
700.0,696.4546
99.99,103.708275
3.84,7.287693
3.84,7.287693
99.99,103.88673
14.95,17.981943
11.99,15.26867
389.99,386.108
150.0,148.7296
14.95,17.933777
11.99,15.376216
3.84,7.287693
11.99,15.39894
1700.0,1696.2998
7.68,7.3181686
1700.0,1695.6401
14.95,17.981943
389.99,386.1166
150.0,148.67563
2.99,6.32743
109.99,116.19889
150.0,148.67563
150.0,148.69675
99.99,103.424286
14.95,18.030027
3.84,7.287693
150.0,148.82901
11.95,15.012214
14.95,18.004467
11.99,15.406947
14.95,17.981943
150.0,148.89484
150.0,149.19907
14.95,17.981943
150.0,148.82901
700.0,697.3461
150.0,148.82901
11.95,15.004449
109.99,116.34036
8.97,6.506794
2.99,6.32743
379.99,376.40332
150.0,148.82901
300.0,296.22922
1700.0,1695.6522
3.84,7.287693
700.0,696.70764
11.95,15.004449
3.84,7.287693
11.99,15.420968
999.99,994.7814
389.99,386.35214
11.95,14.962919
700.0,696.6241
11.99,15.374248
379.99,376.40332
400.0,392.40265
999.99,994.5261
300.0,295.9541
5.98,6.32743
11.99,15.406947
99.99,103.8157
3.84,7.2700386
14.95,17.981943
3.84,7.3099394
2.99,6.32743
600.0,586.73315
109.99,115.90097
199.98,103.35191
3.84,7.287693
149.99,147.11284
1700.0,1695.6522
700.0,696.70764
109.99,116.19889
23.98,15.376216
600.0,585.26215
150.0,148.82901
11.99,15.374248
300.0,297.28616
99.99,103.49425
99.99,103.7314
3.84,7.287693
99.99,103.934364
3.84,7.287693
300.0,296.24402
11.95,15.012214
99.99,103.708275
2.99,6.32743
1700.0,1696.9395
11.95,14.962919
11.95,15.031746
999.99,994.7814
99.99,103.9268
2.99,6.32743
600.0,596.15265
14.95,18.030027
3.84,7.2700386
11.99,15.374248
700.0,696.62866
14.95,17.981943
3.84,7.287693
150.0,148.69675
11.99,15.374248
1700.0,1697.8785
5.98,6.32743
14.95,17.933777
109.99,116.031624
14.95,17.981943
300.0,295.9541
14.95,17.981943
14.95,17.933777
11.95,15.012214
11.99,15.406947
14.95,17.981943
149.99,147.11284
5.98,6.32743
2.99,6.32743
150.0,148.69675
389.99,386.43832
11.99,15.1750145
11.95,15.004449
23.9,14.962919
379.99,376.40332
150.0,148.69675
11.95,15.012214
300.0,296.22922
11.99,15.307935
149.99,146.86252
99.99,103.424286
14.95,17.981943
150.0,148.82901
5.98,6.3160267
5.98,6.32743
99.99,103.28905
2.99,6.32743
11.95,15.004449
389.99,386.43832
99.99,104.032646
700.0,696.45917
3.84,7.287693
2.99,6.32743
150.0,148.82901
11.99,15.393273
11.95,14.9966135
11.99,15.39894
150.0,148.88298
150.0,148.48424
3.84,7.287693
14.95,17.981943
11.95,15.004449
23.9,15.004449
14.95,17.933777
2.99,6.32743
11.99,15.393273
2.99,6.32743
11.95,15.004449
389.99,386.1648
5.98,6.32743
14.95,18.386488
400.0,392.40265
99.99,103.83741
3.84,7.287693
300.0,295.70886
11.99,15.374248
999.99,994.7814
14.95,17.981943
149.99,147.30376
379.99,376.44208
11.95,15.004449
150.0,148.67563
149.99,147.15535
11.95,15.004449
8.97,6.32743
2.99,6.32743
150.0,148.88298
2.99,6.32743
2.99,6.32743
150.0,148.82901
99.99,105.21419
14.95,17.981943
600.0,595.9819
149.99,147.19774
3.84,7.287693
99.99,103.811646
1700.0,1695.5743
14.95,17.981943
389.99,387.94623
700.0,696.70764
389.99,387.01276
379.99,376.18167
149.99,146.9049
150.0,148.68233
8.97,6.32743
2.99,6.32743
14.95,18.030027
600.0,585.26215
150.0,148.82901
11.99,15.26867
700.0,697.1036
14.95,17.981943
1700.0,1695.6522
14.95,18.030027
5.98,6.32743
150.0,148.89484
14.95,17.981943
150.0,148.7296
11.99,15.406947
600.0,596.0359
1700.0,1695.6522
2.99,6.3160267
150.0,148.89484
99.99,103.245834
14.95,17.981943
14.95,17.981943
1700.0,1695.3292
379.99,376.44208
23.9,15.004449
3.84,7.287693
11.99,15.26867
11.95,15.004449
7.68,7.287693
11.95,15.004449
2.99,6.32743
11.95,15.012214
11.95,15.004449
999.99,994.7814
11.95,15.012214
23.9,15.004449
99.99,103.620766
999.99,994.7814
1700.0,1695.6522
700.0,696.8847
300.0,295.80002
149.99,146.86252
150.0,148.82901
150.0,148.89484
150.0,148.88298
389.99,386.8119
149.99,147.15535
2.99,6.32743
11.95,15.012214
11.95,15.004449
3.84,7.287693
99.99,103.28905
11.99,15.376216
3.84,7.287693
14.95,17.981943
389.99,386.10904
2.99,6.32743
11.95,15.004449
149.99,146.86252
11.99,15.23622
999.99,994.7814
700.0,696.45917
14.95,17.981943
3.84,7.3099394
99.99,103.637245
2.99,6.32743
14.95,17.981943
5.98,6.32743
700.0,696.45917
5.98,6.32743
109.99,116.031624
150.0,148.89484
600.0,585.26215
300.0,296.22922
11.95,15.004449
11.95,15.004449
99.99,104.0632
11.99,15.26867
11.99,15.406947
99.99,103.8157
389.99,386.67395
2.99,6.32743
11.99,15.406947
149.99,147.15535
3.84,7.3181686
150.0,148.6165
379.99,376.37854
600.0,596.0359
700.0,696.70764
3.84,7.287693
11.95,15.01465
400.0,392.40265
11.99,15.26867
11.99,15.374248
14.95,17.981943
11.95,15.004449
1700.0,1695.3777
3.84,7.287693
2.99,6.3160267
5.98,6.32743
150.0,148.82901
99.99,103.83741
379.99,376.44208
2.99,6.32743
2.99,6.32743
23.9,15.004449
11.99,15.374248
150.0,148.82901
2.99,6.32743
14.95,17.981943
3.84,7.2700386
99.99,103.55998
300.0,148.82901
11.99,15.376216
3.84,7.287693
109.99,116.34036
600.0,595.8439
11.99,15.406947
700.0,696.70764
99.99,103.57149
99.99,103.46622
389.99,386.8105
5.98,6.32743
11.99,15.453925
5.98,6.32743
11.99,15.376216
149.99,147.11284
7.68,7.2700386
11.99,15.396972
150.0,148.88298
99.99,103.68212
14.95,17.981943
99.99,103.515465
14.95,17.981943
14.95,17.981943
14.95,17.981943
2.99,6.32743
300.0,295.56528
11.99,15.26867
149.99,147.05344
149.99,147.21011
150.0,148.89484
11.99,15.376216
7.68,7.287693
3.84,7.287693
150.0,148.67563
11.99,15.374248
99.99,103.620766
150.0,148.75072
11.95,15.004449
2.99,6.32743
3.84,7.287693
11.99,15.374248
1700.0,1695.6522
379.99,376.40332
700.0,696.62866
600.0,596.5406
389.99,386.2449
1700.0,1696.016
150.0,148.69675
389.99,386.2449
150.0,148.54337
11.99,15.406947
150.0,148.67563
150.0,148.82901
389.99,386.02106
14.95,17.981943
150.0,148.82901
2.99,6.32743
99.99,104.23364
3.84,7.287693
150.0,148.82901
149.99,147.15535
29.9,18.030027
3.84,7.287693
11.99,15.406947
14.95,17.981943
389.99,386.2449
400.0,392.40265
600.0,586.73315
3.84,7.287693
389.99,387.12247
379.99,376.44208
150.0,148.82901
3.84,7.287693
2.99,6.32743
99.99,103.3635
379.99,376.8746
14.95,17.981943
99.99,103.806854
2.99,6.32743
11.95,15.004449
150.0,148.82901
7.68,7.3181686
300.0,296.3207
150.0,148.89484
2.99,6.32743
11.95,15.012214
11.99,15.406947
99.99,103.694984
379.99,376.5651
150.0,148.6165
2.99,6.32743
14.95,17.981943
11.95,15.004449
11.99,15.376216
99.99,103.56226
150.0,148.82901
14.95,17.981943
400.0,392.40265
8.97,6.32743
150.0,148.82901
379.99,376.6002
11.99,15.376216
600.0,585.26215
389.99,386.35245
2.99,6.32743
150.0,148.88298
99.99,104.0632
389.99,386.07935
3.84,7.287693
2.99,6.32743
300.0,295.9378
3.84,7.287693
14.95,17.933777
11.95,15.012214
379.99,376.5651
999.99,994.7814
14.95,17.933777
3.84,7.287693
700.0,696.6241
149.99,147.15535
2.99,6.32743
11.95,15.004449
11.95,15.004449
150.0,148.82901
11.95,14.962919
14.95,17.981943
999.99,994.7814
3.84,7.287693
1700.0,1695.6522
7.68,7.3181686
11.95,15.012214
150.0,148.89484
2.99,6.32743
11.99,15.374248
600.0,596.5406
5.98,6.3160267
3.84,7.287693
5.98,6.32743
11.99,15.374248
14.95,18.055319
14.95,17.933777
150.0,148.69675
600.0,595.9819
999.99,994.7814
29.9,17.981943
150.0,148.82901
11.99,15.330659
109.99,116.08315
29.9,17.981943
8.97,6.506794
11.95,15.004449
99.99,103.811646
999.99,994.7814
150.0,148.82901
3.84,7.287693
29.9,17.933777
11.99,15.406947
5.98,6.32743
11.5199995,7.3181686
99.99,103.424286
14.95,17.981943
3.84,7.287693
14.95,17.981943
14.95,17.981943
700.0,696.45917
150.0,148.82901
11.95,15.004449
23.9,15.004449
300.0,297.28616
11.99,15.26867
11.99,15.376216
14.95,17.981943
3.84,7.3181686
700.0,697.1036
2.99,6.3160267
23.9,15.004449
11.99,15.26867
99.99,103.88673
11.99,15.374248
5.98,6.32743
11.99,15.374248
11.95,14.963883
11.95,15.004449
150.0,148.82901
3.84,7.3181686
149.99,147.28122
3.84,7.287693
11.95,15.004449
2.99,6.32743
5.98,6.32743
389.99,386.43832
149.99,147.34627
300.0,296.3335
11.99,15.376216
150.0,148.69675
999.99,994.7814
11.99,15.374248
150.0,148.82901
11.95,15.004449
3.84,7.287693
3.84,7.287693
11.99,15.307935
3.84,7.2700386
5.98,6.32743
379.99,376.40332
11.95,15.004449
1700.0,1695.6401
999.99,1002.48895
150.0,148.82901
379.99,376.403
3.84,7.287693
150.0,148.88298
700.0,697.3461
7.68,7.3181686
11.95,15.004449
11.99,15.453925
14.95,17.981943
700.0,696.45917
149.99,147.15535
14.95,17.981943
99.99,104.44248
3.84,7.3099394
14.95,17.981943
99.99,103.55998
99.99,103.78875
11.95,14.9966135
2.99,6.3160267
14.95,17.981943
11.95,15.004449
11.95,15.004449
29.9,17.981943
389.99,386.43832
99.99,103.88673
2.99,6.32743
11.99,15.376216
99.99,103.76638
7.68,7.287693
300.0,297.76996
389.99,386.2449
150.0,148.88298
3.84,7.287693
29.9,17.981943
11.99,15.406947
11.95,15.004449
11.95,15.004449
14.95,17.981943
700.0,696.45917
5.98,6.32743
2.99,6.32743
23.98,15.376216
99.99,103.99779
999.99,994.7814
11.99,15.406947
11.5199995,7.287693
7.68,7.2700386
99.99,103.28905
109.99,115.880714
11.99,15.374248
700.0,696.45917
99.99,103.637634
149.99,147.12613
11.99,15.376216
99.99,103.442314
99.99,103.835464
3.84,7.287693
759.98,376.6002
1700.0,1695.6522
300.0,296.22922
11.99,15.376216
99.99,104.0632
400.0,392.5175
14.95,17.981943
600.0,595.8439
150.0,148.89484
300.0,295.80002
99.99,103.76638
2.99,6.32743
389.99,387.12247
600.0,596.1739
999.99,1002.48895
11.99,15.374248
11.95,15.004449
2.99,6.32743
14.95,18.004467
11.95,15.012214
3.84,7.3181686
11.95,15.031746
3.84,7.287693
2.99,6.32743
11.95,15.004449
3.84,7.287693
389.99,386.23508
20.93,6.32743
99.99,103.5217
14.95,17.981943
11.99,15.406947
3.84,7.287693
3.84,7.2700386
11.95,15.012214
400.0,392.40265
700.0,696.70764
11.95,15.004449
2.99,6.3160267
109.99,116.16511
3.84,7.287693
3.84,7.2700386
700.0,696.45917
23.9,14.9966135
379.99,376.2752
11.95,15.01465
3.84,7.287693
11.95,15.004449
3.84,7.287693
11.99,15.307935
11.95,15.012214
150.0,148.82901
11.99,15.26867
11.99,15.406947
109.99,116.26111
379.99,378.0339
11.95,15.004449
1700.0,1695.473
2.99,6.32743
14.95,17.981943
14.95,18.030027
600.0,585.26215
14.95,17.981943
11.95,15.012214
3.84,7.287693
23.98,15.406947
5.98,6.32743
3.84,7.282076
11.99,15.376216
379.99,376.09906
8.97,6.32743
379.99,376.44208
2.99,6.32743
600.0,596.5406
2.99,6.32743
150.0,148.88298
300.0,295.56528
2.99,6.32743
389.99,387.12247
14.95,17.981943
14.95,17.981943
700.0,696.62866
149.99,147.30376
3.84,7.287693
5.98,6.32743
99.99,103.83741
14.95,6.3160267
11.95,15.004449
150.0,148.6165
99.99,103.806854
99.99,103.527
11.99,15.406947
14.95,17.981943
300.0,148.75072
8.97,6.32743
2.99,6.32743
11.99,15.26867
14.95,17.981943
150.0,148.82901
15.36,7.287693
2.99,6.32743
150.0,148.6165
2.99,6.32743
11.99,15.26867
150.0,148.82901
99.99,103.626045
99.99,103.55503
1700.0,1696.9395
300.0,295.8463
14.95,17.981943
11.99,15.307935
3.84,7.287693
35.85,15.004449
389.99,387.12247
400.0,392.40265
99.99,103.57149
99.99,103.87749
3.84,7.3181686
11.95,15.004449
149.99,147.11284
11.99,15.406947
14.95,17.981943
149.99,147.15535
150.0,148.82901
150.0,148.82901
3.84,7.287693
14.95,17.981943
11.99,15.429671
3.84,7.287693
11.95,15.006886
300.0,295.9436
700.0,696.70764
150.0,148.82901
99.99,103.8157
300.0,295.44464
11.99,15.374248
23.98,15.374248
5.98,6.32743
11.99,15.393273
1700.0,1695.6401
389.99,387.12982
149.99,147.15523
389.99,386.43832
1700.0,1695.6522
1700.0,1695.6522
14.95,18.004467
14.95,17.981943
29.9,17.981943
600.0,585.26215
379.99,376.6002
8.97,6.32743
14.95,17.933777
11.99,15.376216
3.84,7.287693
3.84,7.287693
700.0,696.70764
99.99,103.442314
3.84,7.287693
5.98,6.32743
600.0,586.73315
2.99,6.32743
14.95,17.981943
11.99,15.376216
149.99,147.11284
149.99,147.11284
14.95,17.981943
600.0,596.109
11.95,15.004449
5.98,6.32743
600.0,596.19214
2.99,6.32743
3.84,7.3181686
11.99,15.26867
3.84,7.287693
149.99,146.93521
150.0,148.67563
150.0,148.82901
11.95,15.004449
44.85,17.981943
300.0,297.28616
14.95,17.981943
99.99,103.88673
150.0,149.0668
11.95,15.004449
150.0,148.82901
600.0,596.0359
700.0,696.45917
11.95,15.004449
3.84,7.287693
150.0,148.89484
1700.0,1695.6127
11.99,15.26867
150.0,148.82901
379.99,376.2752
5.98,6.32743
149.99,147.34627
99.99,103.424286
2.99,6.32743
999.99,994.7814
3.84,7.287693
11.95,15.012214
300.0,296.2497
11.99,15.453925
14.95,17.981943
11.95,15.004449
14.95,17.981943
99.99,103.88673
3.84,7.287693
11.95,15.004449
99.99,104.20309
600.0,596.19214
7.68,7.287693
2.99,6.32743
1700.0,1697.8785
47.8,15.004449
11.99,15.39894
11.5199995,7.287693
3.84,7.287693
400.0,393.6818
11.99,15.39894
99.99,103.7314
379.99,376.09906
3.84,7.2700386
150.0,148.82901
3.84,7.287693
3.84,7.2700386
11.95,15.012214
700.0,696.4546
999.99,994.7814
14.95,17.981943
11.95,15.004449
3.84,7.287693
99.99,104.0632
14.95,17.981943
99.99,103.424286
389.99,386.43832
149.99,147.15535
14.95,17.981943
99.99,103.98368
11.95,15.004449
389.99,386.43832
14.95,17.981943
11.95,15.004449
150.0,148.89484
109.99,115.82846
3.84,7.3181686
11.99,15.376216
14.95,17.981943
1700.0,1695.6414
7.68,7.287693
14.95,17.933777
2.99,6.32743
11.95,14.962919
700.0,696.62866
23.98,15.374248
389.99,386.67395
700.0,696.45917
7.68,7.287693
7.68,7.287693
2.99,6.506794
99.99,104.005394
2.99,6.32743
3.84,7.287693
23.9,15.012214
1700.0,1695.5743
600.0,585.26215
14.95,17.981943
14.95,18.004467
379.99,376.11343
11.99,15.406947
150.0,148.82901
150.0,148.82901
149.99,147.15523
99.99,104.91246
150.0,148.82901
389.99,386.00906
99.99,104.081215
11.95,15.004449
99.99,104.06423
150.0,148.82901
11.99,15.396972
379.99,376.8746
300.0,297.67517
11.5199995,7.287693
999.99,994.7814
11.99,15.26867
700.0,696.70764
14.95,18.030027
7.68,7.287693
14.95,17.933777
14.95,17.981943
150.0,148.82901
1700.0,1696.9395
2.99,6.32743
3.84,7.287693
999.99,994.7814
11.95,15.004449
11.95,15.012214
11.95,15.004449
99.99,103.82241
5.98,6.32743
3.84,7.287693
11.95,15.023435
700.0,696.70764
150.0,148.6165
7.68,7.287693
149.99,147.19774
14.95,17.933777
5.98,6.32743
99.99,103.527
3.84,7.3181686
149.99,147.2525
2.99,6.32743
14.95,17.981943
379.99,376.40332
149.99,147.11284
99.99,103.3635
5.98,6.32743
600.0,586.73315
2.99,6.32743
99.99,103.3635
14.95,17.981943
149.99,147.01093
3.84,7.287693
11.95,15.004449
23.9,15.012214
11.99,15.393273
150.0,148.82901
379.99,376.40332
14.95,17.981943
14.95,17.981943
150.0,148.67563
2.99,6.32743
3.84,7.287693
5.98,6.32743
150.0,148.69675
600.0,596.5406
99.99,103.424286
389.99,386.2449
14.95,17.981943
5.98,6.32743
600.0,595.8439
14.95,17.981943
2.99,6.32743
11.99,15.376216
99.99,103.424286
3.84,7.287693
150.0,148.82901
99.99,104.23364
14.95,18.004467
11.99,15.374248
11.95,15.004449
149.99,147.34627
1700.0,1695.4037
150.0,148.82901
7.68,7.3181686
3.84,7.287693
2.99,6.32743
2.99,6.3160267
700.0,696.70764
400.0,392.3747
14.95,17.981943
11.95,15.004449
11.95,15.004449
3.84,7.287693
150.0,148.82901
3.84,7.287693
14.95,17.981943
7.68,7.287693
14.95,17.981943
109.99,116.397644
11.99,15.376216
14.95,17.981943
11.99,15.23622
300.0,296.22922
2.99,6.32743
14.95,17.981943
389.99,386.26007
99.99,103.934364
14.95,17.981943
11.95,15.004449
99.99,104.23364
150.0,148.82901
11.95,15.004449
400.0,392.40265
150.0,148.89484
8.97,6.32743
150.0,148.82901
11.95,14.9966135
11.99,15.406947
999.99,994.7814
3.84,7.287693
11.95,15.012214
14.95,17.981943
5.98,6.32743
1700.0,1695.6401
389.99,386.67395
11.95,15.012214
300.0,296.38327
150.0,148.82901
109.99,116.79018
3.84,7.287693
2.99,6.32743
109.99,116.388
700.0,696.4546
1700.0,1695.3777
5.98,6.32743
389.99,386.4695
11.95,14.963883
700.0,697.1036
3.84,7.287693
150.0,148.54337
2.99,6.32743
14.95,6.32743
11.95,14.962919
600.0,586.73315
389.99,386.36197
3.84,7.287693
11.95,14.963883
199.98,103.7314
150.0,148.6165
2.99,6.32743
7.68,7.287693
149.99,147.15535
150.0,148.54337
14.95,17.981943
150.0,148.69675
11.99,15.376216
14.95,17.981943
14.95,17.981943
2.99,6.32743
11.95,15.012214
999.99,994.7814
11.95,15.023435
11.95,15.004449
600.0,596.5406
700.0,707.52527
149.99,146.93521
11.95,15.148256
29.9,17.933777
150.0,148.82901
109.99,116.34036
99.99,103.634415
1700.0,1695.6401
14.95,17.981943
389.99,386.1648
11.99,15.406947
150.0,148.82901
3.84,7.3181686
1700.0,1695.6522
3.84,7.287693
400.0,392.40265
3.84,7.3181686
11.95,15.004449
149.99,147.15535
99.99,103.424286
3.84,7.287693
29.9,17.981943
99.99,104.0632
5.98,6.3160267
700.0,696.62866
99.99,104.0632
99.99,103.393036
11.95,15.004449
300.0,296.713
999.99,994.80945
2.99,6.32743
379.99,376.8746
3.84,7.287693
11.99,15.376216
11.99,15.406947
2.99,6.32743
99.99,103.42793
11.95,15.004449
99.99,103.82241
389.99,386.77896
99.99,103.95873
23.98,15.406947
14.95,17.981943
11.99,15.406947
5.98,6.32743
7.68,7.3181686
150.0,148.82901
11.95,15.023435
400.0,392.40265
379.99,376.8746
3.84,7.287693
149.99,147.34627
11.99,15.406947
11.95,15.004449
11.99,15.376216
149.99,146.86252
11.99,15.376216
11.99,15.374248
99.99,103.442314
11.95,15.012214
14.95,18.004467
389.99,386.15256
3.84,7.287693
11.95,15.004449
8.97,6.32743
11.99,15.376216
149.99,147.0903
5.98,6.32743
11.95,15.004449
99.99,103.83577
1700.0,1696.0317
14.95,17.981943
3.84,7.287693
11.95,15.004449
999.99,994.7814
3.84,7.287693
14.95,17.981943
2.99,6.32743
14.95,17.981943
99.99,103.99217
7.68,7.287693
700.0,696.70764
3.84,7.287693
1700.0,1697.8785
700.0,696.70764
150.0,148.89484
11.95,15.004449
379.99,376.8746
700.0,696.45917
2.99,6.32743
400.0,393.6818
150.0,148.82901
11.95,15.012214
109.99,116.09013
11.95,15.004449
23.98,15.26867
150.0,148.82901
2.99,6.3160267
11.95,15.004449
389.99,387.01276
14.95,18.030027
3.84,7.287693
5.98,6.32743
150.0,148.89484
150.0,148.82901
14.95,17.981943
11.96,6.32743
700.0,696.70764
99.99,103.83741
14.95,18.030027
99.99,103.57149
8.97,6.32743
11.99,15.376216
379.99,376.4174
11.99,15.1750145
400.0,392.5175
11.95,15.023435
109.99,116.89399
99.99,105.21419
150.0,148.82901
11.95,15.004449
2.99,6.32743
700.0,696.45917
3.84,7.287693
14.95,18.030027
11.99,15.376216
2.99,6.32743
2.99,6.32743
300.0,297.28616
150.0,148.82901
11.95,15.023435
600.0,595.9819
700.0,696.45917
3.84,7.2700386
11.99,15.406947
149.99,147.15523
3.84,7.287693
600.0,586.73315
300.0,296.83633
389.99,386.35645
1700.0,1695.6401
11.95,15.012214
14.95,17.981943
3.84,7.287693
1700.0,1695.6414
3.84,7.287693
600.0,596.19214
999.99,994.7814
2.99,6.32743
11.95,15.012214
11.95,15.004449
11.95,15.004449
11.99,15.376216
11.95,15.004449
3.84,7.287693
7.68,7.287693
11.99,15.376216
150.0,148.89484
700.0,696.70764
5.98,6.32743
700.0,696.8847
14.95,17.981943
14.95,17.933777
5.98,6.32743
11.95,15.012214
300.0,297.27124
14.95,17.981943
1700.0,1696.1173
5.98,6.32743
5.98,6.32743
149.99,147.30376
300.0,296.24402
150.0,148.82901
11.95,15.031746
11.95,15.004449
199.98,103.83741
1700.0,1695.6401
99.99,103.88673
99.99,103.99736
23.98,15.406947
11.95,14.970684
11.99,15.376216
14.95,17.981943
400.0,392.40265
700.0,696.45917
149.99,147.19774
149.99,147.15535
400.0,393.6818
700.0,696.4546
300.0,297.28616
3.84,7.287693
150.0,148.82901
14.95,17.933777
150.0,148.82901
5.98,6.32743
379.99,376.5651
3.84,7.287693
3.84,7.287693
99.99,103.708275
149.99,147.19774
11.95,15.004449
389.99,386.05524
14.95,17.981943
149.99,147.05344
389.99,386.0497
3.84,7.287693
14.95,17.981943
11.95,15.012214
150.0,148.82901
7.68,7.287693
14.95,17.981943
11.95,15.012214
11.99,15.26867
3.84,7.287693
11.99,15.374248
379.99,376.18167
14.95,17.981943
600.0,596.109
3.84,7.287693
600.0,595.8439
14.95,17.981943
23.98,15.23622
11.95,15.004449
3.84,7.287693
11.95,15.004449
2.99,6.32743
5.98,6.32743
700.0,696.70764
11.99,15.376216
149.99,146.9776
3.84,7.287693
99.99,103.99217
99.99,106.30069
2.99,6.32743
700.0,696.70764
300.0,296.24402
14.95,17.933777
11.95,15.012214
3.84,7.287693
150.0,148.82901
14.95,17.981943
1700.0,1696.9395
11.99,15.376216
99.99,103.79724
11.95,15.004449
11.95,15.004449
14.95,17.981943
11.95,15.004449
2.99,6.32743
2.99,6.32743
14.95,17.981943
700.0,696.45917
11.95,15.004449
150.0,148.82901
14.95,17.981943
199.98,103.5217
999.99,994.7814
3.84,7.287693
14.95,17.933777
11.5199995,7.3181686
99.99,103.83741
11.99,15.376216
11.99,15.406947
150.0,148.9488
11.95,15.004449
8.97,6.32743
11.99,15.406947
11.95,14.963883
3.84,7.287693
150.0,148.89484
8.97,6.3160267
14.95,17.981943
999.99,994.7814
400.0,392.40265
3.84,7.287693
600.0,595.96063
11.99,15.429671
3.84,7.287693
379.99,377.31583
3.84,7.287693
99.99,103.9268
11.99,15.393273
3.84,7.287693
600.0,585.26215
149.99,147.12613
3.84,7.287693
14.95,17.933777
11.95,15.004449
99.99,103.76638
11.99,15.429671
3.84,7.287693
389.99,386.67395
23.98,15.488538
11.95,15.006886
149.99,147.11284
11.99,15.26867
999.99,994.7814
5.98,6.32743
999.99,994.7814
14.95,17.933777
379.99,376.4174
999.99,994.7814
300.0,296.22922
14.95,17.981943
2.99,6.32743
11.95,15.004449
999.99,994.7814
700.0,696.70764
11.95,15.012214
14.95,17.981943
999.99,994.7814
29.9,17.981943
109.99,116.26232
11.99,15.406947
11.95,15.004449
150.0,148.82901
7.68,7.287693
389.99,386.02106
11.99,15.1750145
389.99,387.1554
99.99,104.82013
11.99,15.307935
389.99,385.92233
1700.0,1695.0902
149.99,147.30376
150.0,148.88298
400.0,392.40265
2.99,6.32743
3.84,7.287693
5.98,6.32743
150.0,148.9488
11.99,15.23622
14.95,17.933777
11.99,15.376216
11.95,15.01465
3.84,7.287693
11.95,15.012214
2.99,6.3160267
14.95,17.981943
3.84,7.287693
11.95,14.963883
99.99,103.65087
11.95,15.004449
11.99,15.26867
3.84,7.287693
99.99,103.83741
149.99,147.15535
14.95,18.030027
11.99,15.376216
7.68,7.287693
3.84,7.287693
14.95,17.981943
150.0,148.7296
389.99,386.67395
11.95,15.004449
3.84,7.3181686
150.0,148.88298
2.99,6.32743
3.84,7.2700386
300.0,296.83633
11.99,15.307935
23.98,15.406947
5.98,6.32743
2.99,6.32743
2.99,6.32743
109.99,116.490395
11.99,15.374248
700.0,696.70764
109.99,116.26111
99.99,103.57149
3.84,7.2700386
11.95,15.004449
11.95,15.012214
11.95,15.004449
11.99,15.26867
700.0,696.45917
23.98,15.376216
600.0,596.1739
99.99,103.424286
600.0,596.0359
999.99,994.7814
389.99,386.43832
150.0,148.82901
3.84,7.287693
99.99,103.694984
11.99,15.376216
700.0,696.70764
379.99,376.2752
11.99,15.406947
600.0,596.15265
99.99,103.79724
35.97,15.406947
150.0,148.48424
3.84,7.287693
14.95,17.981943
14.95,17.933777
150.0,148.82901
14.95,17.981943
11.99,15.374248
149.99,146.86252
150.0,148.88298
3.84,7.3181686
150.0,148.82901
2.99,6.32743
23.98,15.374248
999.99,994.7814
1700.0,1695.6522
600.0,596.0359
3.84,7.287693
149.99,147.30376
3.84,7.287693
379.99,376.40332
1700.0,1697.8785
23.9,15.004449
150.0,148.89484
14.95,17.981943
999.99,994.7814
3.84,7.287693
999.99,994.7814
109.99,116.192635
14.95,17.981943
379.99,376.09906
35.85,15.012214
99.99,104.047066
11.5199995,7.287693
7.68,7.287693
11.99,15.374248
109.99,116.19889
11.95,15.004449
99.99,103.55503
3.84,7.287693
11.99,15.453925
150.0,148.67563
600.0,596.109
700.0,696.70764
11.99,15.376216
600.0,585.26215
150.0,148.82901
3.84,7.3099394
11.99,15.26867
389.99,386.02106
11.99,15.376216
3.84,7.287693
379.99,375.89178
109.99,115.974396
11.95,15.004449
11.99,15.406947
14.95,17.933777
3.84,7.287693
999.99,994.7814
11.99,15.26867
99.99,103.88673
11.95,15.012214
1700.0,1695.6401
3.84,7.287693
8.97,6.32743
11.95,15.004449
109.99,116.031624
14.95,17.933777
14.95,17.981943
3.84,7.287693
99.99,103.88673
29.9,17.981943
99.99,103.3635
2.99,6.32743
99.99,103.8157
11.99,15.23622
389.99,386.94247
109.99,116.34036
2.99,6.506794
700.0,696.8847
150.0,148.69675
11.99,15.23622
11.95,15.031746
99.99,103.8157
600.0,595.96063
600.0,595.8439
11.99,15.26867
3.84,7.287693
7.68,7.287693
14.95,17.981943
11.95,15.004449
150.0,148.69675
14.95,17.981943
150.0,148.88298
389.99,386.0497
3.84,7.3181686
14.95,17.933777
11.95,14.9966135
3.84,7.287693
11.99,15.374248
11.95,15.004449
999.99,994.7814
11.95,15.01465
150.0,148.82901
7.68,7.287693
150.0,148.82901
2.99,6.32743
2.99,6.32743
600.0,596.0359
3.84,7.287693
379.99,376.40332
150.0,148.82901
150.0,148.82901
14.95,18.004467
300.0,297.28616
11.99,15.26867
2.99,6.32743
2.99,6.32743
150.0,148.82901
389.99,386.43832
14.95,17.981943
14.95,17.981943
11.95,15.004449
3.84,7.287693
8.97,6.3160267
149.99,147.13269
149.99,147.15535
759.98,377.6057
400.0,392.40265
700.0,697.1036
2.99,6.32743
11.99,15.406947
11.99,15.406947
3.84,7.287693
149.99,147.12613
11.95,14.970684
149.99,147.69244
149.99,147.13269
14.95,17.981943
3.84,7.287693
11.99,15.26867
5.98,6.32743
600.0,596.0359
14.95,17.981943
99.99,103.811646
600.0,596.0359
11.99,15.307935
11.95,15.004449
150.0,148.82901
379.99,376.11343
300.0,296.3207
149.99,147.0903
99.99,103.43608
8.97,6.506794
11.99,15.376216
11.99,15.406947
11.99,15.393273
150.0,148.82901
14.95,17.981943
700.0,696.4546
14.95,17.981943
99.99,103.70015
600.0,596.109
149.99,147.30376
150.0,148.82901
109.99,115.82846
389.99,386.28217
11.95,15.004449
5.98,6.32743
14.95,18.004467
999.99,994.5261
149.99,147.19774
11.99,15.376216
149.99,147.34627
14.95,17.981943
999.99,994.7814
11.95,15.004449
150.0,148.82901
999.99,994.7814
99.99,103.694984
14.95,17.981943
14.95,17.933777
2.99,6.32743
5.98,6.32743
700.0,696.70764
3.84,7.287693
2.99,6.32743
700.0,696.8801
389.99,386.09482
23.9,15.012214
29.9,17.933777
14.95,17.981943
150.0,148.88298
3.84,7.3181686
2.99,6.32743
11.95,15.012214
150.0,148.48424
2.99,6.32743
600.0,596.0359
11.95,14.962919
11.95,15.012214
379.99,376.8746
14.95,17.981943
99.99,103.57149
11.95,15.012214
379.99,376.44208
11.99,15.376216
23.98,15.406947
11.99,15.376216
99.99,103.442314
3.84,7.287693
8.97,6.32743
14.95,17.981943
700.0,696.45917
999.99,994.7814
150.0,148.89484
1700.0,1695.6401
300.0,297.28616
149.99,147.15535
150.0,148.89484
700.0,697.1036
389.99,388.3563
700.0,696.70764
150.0,148.7296
14.95,17.981943
300.0,297.19553
11.99,15.406947
600.0,596.0359
11.95,14.962919
11.95,15.004449
3.84,7.287693
14.95,17.981943
11.95,15.012214
99.99,103.85617
300.0,296.20316
109.99,116.84453
5.98,6.32743
3.84,7.287693
2.99,6.32743
2.99,6.32743
2.99,6.32743
3.84,7.287693
11.95,15.004449
389.99,386.17462
11.95,15.012214
5.98,6.32743
700.0,696.6241
379.99,376.09906
5.98,6.3160267
11.99,15.1750145
14.95,17.981943
99.99,103.708275
600.0,595.8439
389.99,386.2449
3.84,7.3181686
23.98,15.374248
99.99,103.83741
11.95,15.004449
150.0,148.82901
2.99,6.32743
150.0,148.82901
99.99,103.98368
11.95,15.004449
150.0,148.89484
14.95,17.981943
5.98,6.32743
389.99,386.17462
2.99,6.32743
14.95,18.030027
1700.0,1697.123
379.99,376.09906
11.95,15.004449
3.84,7.2700386
2.99,6.32743
99.99,103.637245
150.0,148.7296
5.98,6.32743
379.99,376.44208
1700.0,1695.6522
400.0,392.40265
11.99,15.406947
14.95,17.981943
700.0,697.1036
3.84,7.287693
11.95,15.004449
700.0,696.70764
300.0,297.54474
2.99,6.32743
11.99,15.374248
379.99,376.09906
11.95,15.004449
379.99,376.58472
150.0,148.88298
150.0,148.82901
700.0,697.3461
99.99,104.09479
2.99,6.3160267
3.84,7.282076
150.0,148.82901
2.99,6.32743
600.0,596.0359
99.99,103.9268
11.99,15.39894
11.95,15.004449
2.99,6.32743
379.99,376.09906
5.98,6.32743
600.0,596.0359
149.99,147.15535
389.99,386.07935
600.0,596.19214
2.99,6.32743
389.99,386.09482
11.95,15.004449
14.95,17.981943
600.0,597.2137
99.99,103.811646
14.95,17.981943
379.99,376.6002
3.84,7.287693
8.97,6.32743
379.99,376.09906
14.95,17.981943
5.98,6.32743
11.95,15.012214
3.84,7.287693
379.99,376.09906
14.95,17.933777
29.9,17.933777
14.95,17.981943
99.99,103.83741
11.99,15.26867
14.95,17.981943
389.99,386.65384
11.99,15.376216
2.99,6.32743
11.95,15.004449
1700.0,1695.6401
99.99,103.79539
14.95,17.981943
600.0,596.0359
149.99,147.15535
700.0,696.62866
300.0,295.54703
300.0,297.28616
99.99,104.04793
150.0,148.82901
3.84,7.2700386
11.99,15.23622
999.99,994.7814
14.95,17.981943
999.99,994.7814
14.95,17.981943
11.99,15.406947
11.95,15.012214
99.99,103.3635
99.99,103.83741
3.84,7.3181686
11.99,15.376216
7.68,7.287693
11.99,15.406947
379.99,376.2752
150.0,148.82901
1700.0,1695.6492
11.95,15.012214
11.99,15.423194
700.0,696.70764
11.95,15.004449
2.99,6.32743
23.9,15.023435
300.0,295.71185
29.9,17.981943
2.99,6.32743
150.0,148.89484
11.95,15.023435
3.84,7.287693
600.0,586.73315
5.98,6.32743
600.0,597.2137
11.95,15.004449
150.0,148.89484
99.99,103.35191
14.95,17.933777
389.99,386.15256
99.99,103.43608
2.99,6.32743
300.0,295.8463
3.84,7.287693
14.95,17.981943
300.0,296.35812
600.0,595.8439
11.99,15.307935
600.0,595.8439
150.0,148.88298
700.0,696.45917
11.99,15.406947
600.0,586.73315
11.99,15.374248
99.99,103.99217
14.95,17.981943
8.97,6.32743
150.0,148.89484
379.99,376.40332
14.95,17.981943
11.99,15.406947
23.9,15.004449
11.99,15.374248
11.95,15.004449
150.0,148.89484
99.99,103.89625
389.99,386.94247
300.0,297.28616
11.95,15.012214
35.97,15.406947
300.0,296.6731
999.99,994.7814
600.0,585.26215
14.95,17.981943
11.95,15.004449
14.95,17.933777
14.95,17.981943
389.99,386.17462
3.84,7.287693
11.99,15.376216
14.95,17.933777
11.99,15.26867
109.99,116.34036
5.98,6.32743
1700.0,1695.6414
11.95,15.004449
150.0,148.69675
150.0,148.88298
14.95,17.933777
99.99,103.55503
14.95,18.030027
379.99,376.74603
2.99,6.32743
150.0,148.67563
99.99,103.55503
150.0,148.89484
149.99,147.0903
150.0,148.82901
3.84,7.287693
14.95,18.030027
3.84,7.287693
600.0,596.5406
1700.0,1697.123
2.99,6.506794
2.99,6.32743
389.99,386.43832
600.0,585.26215
300.0,296.35812
999.99,994.7814
109.99,115.85993
389.99,386.15256
11.5199995,7.287693
149.99,147.15523
5.98,6.32743
1700.0,1698.9241
99.99,103.708275
11.99,15.374248
999.99,994.7814
149.99,146.82
109.99,116.34036
11.95,15.004449
389.99,387.37653
11.99,15.374248
14.95,17.981943
11.95,15.004449
999.99,994.7814
600.0,596.5406
379.99,376.5651
14.95,6.32743
999.99,994.80945
149.99,146.9776
99.99,103.76638
1700.0,1695.629
11.95,15.012214
3.84,7.287693
8.97,6.32743
5.98,6.32743
11.99,15.374248
3.84,7.282076
99.99,103.50367
2.99,6.32743
600.0,586.73315
1700.0,1700.045
600.0,595.8439
3.84,7.3181686
150.0,148.88298
11.99,15.406947
2.99,6.3160267
11.95,15.004449
11.95,15.004449
300.0,295.9899
2.99,6.32743
11.95,14.963883
2.99,6.32743
11.95,15.004449
14.95,17.981943
14.95,17.981943
150.0,148.82901
11.95,14.963883
150.0,148.67563
3.84,7.287693
2.99,6.32743
3.84,7.287693
300.0,296.2497
11.95,15.004449
149.99,147.56418
14.95,17.981943
600.0,595.96063
11.99,15.406947
11.99,15.376216
109.99,116.19889
14.95,17.981943
3.84,7.3099394
11.99,15.429671
11.99,15.406947
3.84,7.2700386
99.99,103.88673
11.99,15.374248
109.99,116.34036
2.99,6.32743
11.99,15.376216
3.84,7.2700386
14.95,17.981943
7.68,7.3181686
3.84,7.287693
3.84,7.3181686
150.0,148.82901
2.99,6.32743
11.99,15.376216
11.99,15.519269
11.99,15.39894
199.98,103.68212
1700.0,1695.6401
150.0,148.82901
150.0,148.82901
11.95,15.004449
11.95,15.004449
11.99,15.429671
99.99,103.99736
14.95,17.981943
99.99,103.28905
11.99,15.374248
379.99,376.44208
600.0,595.8439
99.99,104.23364
11.99,15.429671
600.0,586.73315
150.0,148.67563
2.99,6.32743
7.68,7.287693
2.99,6.32743
5.98,6.32743
11.95,15.006886
14.95,17.981943
3.84,7.287693
2.99,6.32743
11.96,6.32743
11.95,15.012214
99.99,103.76638
11.99,15.374248
11.99,15.374248
700.0,696.45917
14.95,17.981943
14.95,17.981943
600.0,596.19214
999.99,994.7814
2.99,6.32743
999.99,994.7814
7.68,7.287693
3.84,7.287693
3.84,7.3181686
150.0,148.68233
14.95,17.981943
700.0,696.62866
379.99,376.40332
150.0,148.69675
99.99,103.85617
11.95,15.012214
379.99,376.34326
5.98,6.32743
149.99,147.0903
99.99,103.70015
2.99,6.32743
11.99,15.307935
1700.0,1695.6401
11.95,14.963883
11.95,15.012214
2.99,6.3160267
11.99,15.376216
11.99,15.376216
379.99,376.2752
11.99,15.23622
300.0,148.82901
11.95,15.004449
14.95,17.981943
150.0,148.82901
99.99,103.83741
99.99,104.0632
3.84,7.287693
600.0,595.8439
3.84,7.287693
14.95,17.933777
14.95,18.030027
1700.0,1695.3777
600.0,596.0359
11.99,15.376216
700.0,696.45917
11.95,15.004449
7.68,7.3099394
600.0,596.0359
2.99,6.32743
150.0,148.69675
700.0,696.70764
2.99,6.32743
389.99,386.09482
999.99,994.7814
3.84,7.3181686
99.99,104.0632
700.0,696.62866
149.99,147.15535
11.99,15.488538
11.99,15.406947
999.99,994.7814
11.99,15.406947
389.99,389.0445
11.95,15.004449
150.0,148.89484
11.95,15.012214
2.99,6.32743
300.0,296.6731
400.0,392.40265
300.0,297.28616
8.97,6.32743
14.95,17.981943
11.5199995,7.287693
11.95,15.012214
3.84,7.287693
11.99,15.376216
2.99,6.32743
300.0,297.54474
3.84,7.2700386
379.99,377.6057
11.95,15.004449
700.0,696.70764
11.95,15.004449
23.98,15.376216
23.98,15.374248
3.84,7.287693
1700.0,1695.6401
1700.0,1695.473
11.95,15.004449
11.99,15.393273
1700.0,1695.6522
7.68,7.287693
3.84,7.287693
379.99,377.6057
150.0,148.82901
3.84,7.287693
14.95,18.030027
11.99,15.374248
1700.0,1695.629
999.99,994.7814
11.99,15.406947
11.95,15.023435
29.9,17.981943
150.0,148.69675
3.84,7.287693
14.95,17.981943
2.99,6.32743
389.99,386.26007
2.99,6.32743
14.95,17.981943
14.95,17.981943
389.99,386.1648
2.99,6.3160267
700.0,696.45917
149.99,147.11284
11.95,15.012214
99.99,103.88673
14.95,17.933777
11.99,15.406947
11.99,15.429671
3.84,7.287693
11.99,15.406947
379.99,376.1029
3.84,7.287693
3.84,7.287693
700.0,696.45917
300.0,296.0082
2.99,6.32743
149.99,147.15535
3.84,7.287693
23.98,15.374248
99.99,104.064125
11.99,15.23622
379.99,376.37854
400.0,393.22757
1700.0,1695.473
2.99,6.32743
379.99,376.44208
2.99,6.32743
11.95,14.962919
150.0,148.82901
23.9,15.004449
5.98,6.32743
11.99,15.406947
11.95,15.004449
150.0,148.82901
11.99,15.396972
600.0,596.709
11.99,15.376216
3.84,7.287693
149.99,147.15535
300.0,295.4771
150.0,148.82901
999.99,994.5261
3.84,7.287693
99.99,104.047066
700.0,697.3461
11.95,15.004449
14.95,17.981943
3.84,7.287693
11.95,15.004449
14.95,18.030027
11.95,15.004449
2.99,6.32743
600.0,595.8439
700.0,697.1036
14.95,17.981943
600.0,596.0359
1700.0,1695.6401
11.95,15.023435
389.99,385.84973
149.99,147.15523
109.99,116.34036
300.0,296.92328
11.99,15.376216
3.84,7.2700386
3.84,7.287693
149.99,147.19774
8.97,6.32743
14.95,17.981943
300.0,296.68903
11.99,15.23622
389.99,386.17462
2.99,6.3160267
150.0,148.88298
14.95,17.981943
2.99,6.32743
7.68,7.287693
2.99,6.32743
2.99,6.3160267
14.95,17.981943
150.0,148.82901
600.0,595.8439
11.95,15.004449
14.95,17.933777
1700.0,1696.0317
389.99,386.26007
379.99,376.44208
11.99,15.406947
99.99,103.88673
11.99,15.406947
2.99,6.32743
700.0,696.70764
11.99,15.374248
1700.0,1695.4037
11.95,15.012214
379.99,376.09906
389.99,386.35245
99.99,103.28905
3.84,7.3181686
14.95,17.981943
11.95,15.004449
300.0,296.68903
1700.0,1695.6414
3.84,7.287693
600.0,595.96063
11.99,15.374248
11.95,15.004449
11.99,15.307935
11.99,15.26867
7.68,7.287693
400.0,392.5175
11.99,15.26867
389.99,386.43832
99.99,103.82594
11.99,15.406947
23.9,15.004449
99.99,103.9268
11.95,14.970684
3.84,7.287693
11.95,15.004449
150.0,148.82901
700.0,696.8847
3.84,7.2700386
14.95,17.981943
11.99,15.26867
150.0,148.82901
600.0,586.73315
11.99,15.406947
11.99,15.26867
11.99,15.406947
11.95,15.004449
3.84,7.287693
14.95,17.981943
99.99,103.668335
11.95,14.963883
600.0,595.8439
3.84,7.287693
11.5199995,7.287693
11.95,15.004449
299.98,147.21011
3.84,7.287693
150.0,148.67047
14.95,17.933777
11.99,15.376216
149.99,147.19774
1700.0,1695.5743
150.0,148.69675
2.99,6.32743
379.99,376.34326
99.99,103.37658
3.84,7.287693
8.97,6.32743
3.84,7.287693
600.0,586.73315
109.99,115.90097
23.98,15.376216
14.95,17.981943
14.95,18.034414
11.99,15.406947
14.95,18.004467
150.0,148.82901
7.68,7.282076
99.99,103.806854
379.99,376.09906
23.9,15.004449
3.84,7.2700386
29.9,17.981943
11.99,15.376216
999.99,994.7814
389.99,386.2449
5.98,6.32743
3.84,7.287693
11.95,14.963883
400.0,392.40265
11.95,15.004449
400.0,392.5175
2.99,6.32743
700.0,696.45917
2.99,6.32743
109.99,116.24315
5.98,6.32743
999.99,994.7814
3.84,7.3181686
7.68,7.287693
14.95,17.933777
99.99,103.527
300.0,297.6856
2.99,6.3160267
11.99,15.307935
389.99,386.2449
14.95,17.933777
999.99,994.7814
700.0,697.3461
23.9,15.004449
379.99,376.40332
11.95,15.004449
11.99,15.393273
389.99,386.4957
11.95,15.004449
11.99,15.406947
600.0,585.26215
389.99,386.22107
2.99,6.32743
5.98,6.32743
150.0,148.6165
300.0,297.27567
11.99,15.1750145
379.99,376.09906
11.99,15.376216
11.95,15.004449
11.95,15.012214
1700.0,1698.5653
999.99,994.7814
379.99,376.5651
5.98,6.32743
150.0,148.82901
3.84,7.3181686
150.0,148.82901
11.95,14.970684
109.99,115.82846
11.99,15.423194
1700.0,1695.4037
11.99,15.376216
11.95,15.012214
11.95,15.004449
149.99,147.30376
2.99,6.32743
3.84,7.287693
379.99,376.74603
150.0,148.82901
300.0,297.28616
11.99,15.26867
600.0,596.15265
5.98,6.32743
149.99,147.34627
150.0,148.82901
3.84,7.287693
3.84,7.287693
14.95,17.981943
700.0,696.45917
300.0,296.713
149.99,147.11284
109.99,116.34036
149.99,147.15535
3.84,7.287693
11.95,15.004449
700.0,696.8847
14.95,17.981943
11.99,15.406947
3.84,7.287693
99.99,103.74796
150.0,148.88298
300.0,298.32
150.0,148.82901
11.99,15.23622
11.99,15.406947
3.84,7.3181686
700.0,696.45917
99.99,103.35191
379.99,376.44208
2.99,6.32743
389.99,386.31033
389.99,387.0941
11.95,15.004449
149.99,147.11284
600.0,596.1739
999.99,994.7814
5.98,6.32743
14.95,17.933777
11.95,14.962919
5.98,6.32743
11.99,15.406947
14.95,17.981943
150.0,148.82901
3.84,7.287693
11.95,15.004449
300.0,296.0217
14.95,17.981943
11.5199995,7.287693
11.95,14.9966135
1700.0,1696.1173
11.99,15.374248
1700.0,1696.0317
150.0,148.82901
3.84,7.287693
700.0,696.45917
11.95,15.004449
109.99,116.34036
11.95,15.004449
700.0,696.45917
14.95,17.981943
11.95,15.012214
3.84,7.287693
2.99,6.506794
99.99,103.424286
600.0,596.82574
11.99,15.374248
3.84,7.2700386
11.95,15.004449
14.95,17.981943
7.68,7.3181686
11.95,15.004449
150.0,148.67563
11.96,6.32743
3.84,7.287693
3.84,7.287693
11.99,15.26867
14.95,17.981943
2.99,6.32743
11.95,14.970684
11.95,15.004449
1700.0,1696.0317
700.0,696.70764
11.99,15.406947
700.0,696.70764
2.99,6.32743
2.99,6.32743
150.0,148.59734
389.99,386.43832
2.99,6.32743
11.99,15.519269
400.0,393.6818
2.99,6.32743
600.0,595.8439
14.95,17.981943
2.99,6.32743
700.0,696.45917
600.0,596.19214
389.99,386.2449
99.99,103.510704
389.99,386.43832
300.0,297.27567
11.99,15.307935
11.95,15.004449
1700.0,1699.0679
389.99,386.4695
999.99,994.7814
379.99,376.44208
7.68,7.287693
3.84,7.287693
5.98,6.32743
5.98,6.3160267
14.95,17.981943
99.99,103.55503
11.99,15.406947
11.95,15.012214
11.95,15.012214
11.99,15.26867
3.84,7.3181686
29.9,17.981943
149.99,147.34627
11.95,15.004449
11.99,15.393273
389.99,386.33044
99.99,103.8157
700.0,697.3461
400.0,392.40265
109.99,116.031624
2.99,6.32743
2.99,6.32743
379.99,376.4174
2.99,6.32743
149.99,147.0903
11.99,15.23622
11.99,15.376216
11.99,15.376216
150.0,148.82901
2.99,6.32743
300.0,295.80002
150.0,148.82901
11.95,15.004449
14.95,17.981943
3.84,7.287693
700.0,696.45917
700.0,697.1036
3.84,7.3099394
150.0,148.82901
14.95,17.981943
700.0,696.70764
14.95,17.933777
14.95,17.981943
11.95,15.004449
14.95,17.981943
3.84,7.287693
700.0,696.70764
5.98,6.32743
600.0,595.8439
14.95,17.981943
14.95,17.981943
23.98,15.406947
2.99,6.32743
11.95,15.012214
300.0,296.713
99.99,104.0632
3.84,7.287693
14.95,17.981943
149.99,147.11284
2.99,6.3160267
2.99,6.32743
109.99,116.192635
11.99,15.406947
14.95,17.981943
11.95,15.004449
999.99,994.7814
7.68,7.287693
300.0,297.67517
14.95,17.981943
600.0,595.8439
11.99,15.374248
149.99,147.15535
11.99,15.376216
7.68,7.3181686
14.95,17.981943
7.68,7.3181686
1700.0,1710.8202
7.68,7.287693
150.0,148.67563
14.95,17.981943
11.95,15.004449
109.99,116.23186
11.99,15.26867
99.99,103.806854
23.98,15.376216
109.99,116.34036
3.84,7.287693
11.99,15.374248
149.99,147.11284
999.99,994.7814
11.99,15.376216
3.84,7.287693
3.84,7.2700386
99.99,103.99736
2.99,6.32743
150.0,148.82901
11.96,6.32743
11.95,15.004449
389.99,386.2449
389.99,386.43832
379.99,376.4174
389.99,386.24042
150.0,148.88298
14.95,17.933777
5.98,6.32743
109.99,116.34036
2.99,6.32743
3.84,7.287693
1700.0,1698.9241
150.0,148.82901
3.84,7.2700386
2.99,6.32743
1700.0,1695.3292
23.9,15.004449
109.99,116.411575
14.95,17.981943
8.97,6.32743
11.99,15.376216
149.99,147.19774
11.5199995,7.287693
99.99,104.005394
14.95,18.030027
11.95,15.012214
600.0,596.0359
150.0,148.82901
1700.0,1695.3777
3.84,7.287693
1700.0,1695.6522
11.95,15.012214
14.95,17.981943
2.99,6.32743
3.84,7.287693
2.99,6.32743
99.99,103.88673
99.99,104.11893
11.95,15.012214
11.95,14.9966135
2.99,6.32743
11.99,15.26867
99.99,103.83741
1700.0,1695.6401
11.5199995,7.3181686
379.99,375.89178
7.68,7.287693
700.0,696.70764
99.99,103.83741
379.99,376.09906
11.99,15.376216
149.99,147.15535
2.99,6.32743
2.99,6.3160267
379.99,376.44208
600.0,596.19214
99.99,103.76638
150.0,148.82901
3.84,7.287693
700.0,696.45917
600.0,595.96063
150.0,148.59734
300.0,296.72626
3.84,7.292285
150.0,148.88298
999.99,994.7814
2.99,6.32743
379.99,376.40332
11.95,15.004449
3.84,7.287693
14.95,17.933777
11.95,15.004449
379.99,376.1029
700.0,696.70764
11.95,15.004449
700.0,696.70764
700.0,696.45917
300.0,297.15002
11.99,15.376216
109.99,115.880714
11.95,15.012214
150.0,148.82901
23.9,15.012214
2.99,6.32743
23.98,15.376216
99.99,103.8157
14.95,17.981943
3.84,7.2700386
600.0,596.0359
11.99,15.376216
11.95,14.9966135
150.0,148.82901
11.95,15.148256
1700.0,1695.3292
11.95,15.031746
3.84,7.287693
14.95,17.981943
5.98,6.32743
11.99,15.406947
11.99,15.376216
400.0,392.40265
14.95,17.981943
11.99,15.406947
3.84,7.3181686
109.99,116.21246
14.95,17.981943
11.99,15.376216
14.95,18.030027
379.99,376.09906
8.97,6.32743
3.84,7.287693
1700.0,1695.6522
11.99,15.374248
14.95,17.933777
15.36,7.287693
99.99,103.46622
600.0,586.73315
99.99,103.35191
3.84,7.287693
99.99,104.0632
99.99,103.36843
300.0,296.67743
2.99,6.32743
2.99,6.32743
11.99,15.26867
5.98,6.32743
149.99,146.86252
150.0,148.82901
700.0,696.45917
149.99,147.15535
11.99,15.406947
14.95,18.004467
379.99,376.40332
149.99,146.86252
400.0,392.40265
11.95,15.004449
11.5199995,7.287693
109.99,116.031624
14.95,18.030027
109.99,116.18341
11.99,15.406947
14.95,17.981943
999.99,994.7814
11.95,15.004449
999.99,994.8964
14.95,17.981943
3.84,7.3181686
2.99,6.32743
3.84,7.287693
150.0,148.82901
99.99,103.527
150.0,148.82901
109.99,116.34036
1700.0,1695.6522
2.99,6.32743
5.98,6.32743
2.99,6.32743
109.99,116.34036
11.96,6.32743
1700.0,1697.8785
7.68,7.287693
2.99,6.3160267
11.95,15.004449
2.99,6.32743
99.99,103.67772
150.0,148.82901
150.0,148.82901
300.0,296.14056
14.95,17.981943
11.99,15.374248
11.99,15.376216
14.95,17.981943
600.0,585.26215
300.0,296.2397
99.99,103.424286
11.99,15.374248
3.84,7.3099394
99.99,103.703476
14.95,17.981943
14.95,17.933777
150.0,148.82901
11.99,15.374248
149.99,147.34627
99.99,103.527
14.95,17.981943
11.95,15.004449
300.0,296.33118
99.99,103.78875
2.99,6.32743
600.0,596.19214
8.97,6.3160267
1700.0,1695.6401
3.84,7.287693
300.0,295.54703
11.99,15.396972
2.99,6.3160267
109.99,116.84453
5.98,6.32743
149.99,147.34627
11.95,15.023435
11.99,15.26867
150.0,148.69675
11.99,15.406947
379.99,376.40332
11.95,15.012214
7.68,7.3181686
23.9,15.004449
11.95,15.004449
11.99,15.406947
150.0,148.82901
11.95,15.004449
700.0,696.70764
150.0,148.6165
7.68,7.287693
3.84,7.287693
11.95,15.004449
11.99,15.374248
11.99,15.307935
389.99,386.43832
1700.0,1695.6522
3.84,7.287693
14.95,17.981943
99.99,103.424286
150.0,148.82901
149.99,147.15535
14.95,17.981943
149.99,147.19774
7.68,7.287693
2.99,6.32743
11.99,15.26867
14.95,18.030027
300.0,296.3062
11.99,15.26867
379.99,376.09906
11.95,15.004449
11.96,6.32743
700.0,696.70764
600.0,596.5406
149.99,146.9049
150.0,148.54337
14.95,18.055319
150.0,148.82901
2.99,6.32743
14.95,17.933777
600.0,585.26215
700.0,696.45917
14.95,17.981943
150.0,148.69675
11.99,15.307935
700.0,696.70764
149.99,147.15535
300.0,298.26318
2.99,6.3160267
3.84,7.287693
2.99,6.32743
29.9,17.981943
600.0,595.9819
150.0,148.82901
3.84,7.287693
2.99,6.32743
11.95,15.004449
11.99,15.26867
3.84,7.3181686
2.99,6.32743
389.99,398.0099
14.95,18.004467
14.95,17.981943
99.99,103.83741
3.84,7.3099394
2.99,6.32743
379.99,376.09906
29.9,17.933777
150.0,148.82901
99.99,103.55503
14.95,17.933777
149.99,147.34627
300.0,296.46152
99.99,103.83741
7.68,7.287693
3.84,7.282076
389.99,386.36197
23.98,15.376216
11.95,15.004449
5.98,6.32743
14.95,17.981943
11.95,15.004449
400.0,392.40265
7.68,7.287693
7.68,7.3181686
389.99,386.26007
99.99,103.35191
700.0,696.70764
11.95,14.962919
149.99,147.19774
3.84,7.287693
2.99,6.32743
2.99,6.32743
11.95,15.004449
2.99,6.32743
600.0,596.0359
150.0,148.82901
600.0,596.109
2.99,6.3160267
150.0,148.82901
379.99,376.40332
11.95,15.023435
2.99,6.32743
3.84,7.287693
14.95,17.933777
109.99,115.880714
35.85,14.962919
2.99,6.32743
14.95,17.981943
14.95,17.981943
389.99,386.2449
400.0,392.40265
600.0,596.1739
150.0,148.82901
109.99,117.83084
11.95,15.012214
3.84,7.287693
23.9,15.004449
11.95,15.004449
11.95,15.004449
400.0,392.3747
11.99,15.26867
5.98,6.32743
14.95,17.981943
11.95,14.963883
11.99,15.374248
600.0,596.0359
3.84,7.287693
600.0,596.19214
99.99,103.620766
999.99,994.7814
11.99,15.374248
11.95,15.004449
379.99,376.6002
149.99,147.28122
5.98,6.32743
1999.98,994.7814
999.99,994.7814
389.99,386.33044
3.84,7.287693
3.84,7.287693
14.95,17.981943
7.68,7.3099394
149.99,147.11284
150.0,148.89484
150.0,148.82901
150.0,148.69675
14.95,17.981943
99.99,104.23364
3.84,7.287693
7.68,7.287693
999.99,1040.4589
150.0,148.82901
700.0,696.45917
389.99,386.28217
11.99,15.1750145
11.95,15.023435
150.0,148.82901
1700.0,1695.6522
300.0,295.71936
14.95,17.981943
150.0,148.88298
11.95,15.004449
99.99,103.424286
3.84,7.287693
149.99,147.15535
11.99,15.406947
29.9,18.004467
600.0,595.8439
600.0,602.9915
14.95,17.981943
379.99,376.09906
3.84,7.287693
11.99,15.406947
3.84,7.2700386
150.0,148.82901
700.0,696.70764
149.99,146.9049
2.99,6.32743
99.99,103.7056
999.99,994.7814
99.99,103.28905
3.84,7.2700386
700.0,696.70764
389.99,386.1648
3.84,7.287693
99.99,104.91246
700.0,696.62866
389.99,386.43832
389.99,386.36197
14.95,17.981943
3.84,7.287693
3.84,7.3181686
14.95,17.981943
400.0,391.7063
150.0,148.82901
11.95,15.004449
600.0,596.0359
11.95,15.004449
3.84,7.287693
999.99,994.7814
11.99,15.374248
700.0,696.8847
389.99,386.36197
1700.0,1695.6522
23.98,15.374248
600.0,596.5406
109.99,116.14038
2.99,6.32743
11.99,15.374248
5.98,6.32743
600.0,595.8439
149.99,146.82
149.99,147.15535
14.95,17.981943
3.84,7.3181686
11.99,15.23622
14.95,17.981943
149.99,146.86252
150.0,148.82901
150.0,148.69675
389.99,386.07507
11.95,15.004449
379.99,376.09906
11.95,15.012214
700.0,696.70764
7.68,7.287693
14.95,17.981943
999.99,994.7814
14.95,17.933777
11.95,14.962919
150.0,148.82901
3.84,7.3181686
14.95,17.981943
5.98,6.32743
3.84,7.287693
14.95,17.981943
300.0,296.38327
11.99,15.26867
379.99,376.09906
3.84,7.287693
300.0,295.8915
99.99,104.032646
11.95,15.023435
2.99,6.32743
389.99,386.2449
11.99,15.307935
99.99,106.30069
11.95,15.004449
11.99,15.26867
150.0,148.82901
3.84,7.287693
150.0,148.82901
11.99,15.420968
150.0,148.82901
150.0,148.67563
11.95,15.012214
99.99,103.92633
999.99,994.7814
11.99,15.26867
1700.0,1695.6522
11.99,15.307935
99.99,104.23364
11.99,15.406947
700.0,696.70764
700.0,696.8847
99.99,103.634415
99.99,103.65856
3400.0,1695.6401
14.95,17.981943
2.99,6.32743
1700.0,1695.6401
11.99,15.393273
11.95,15.012214
11.99,15.453925
11.99,15.26867
150.0,148.82901
11.95,14.9966135
150.0,148.88298
99.99,103.79724
999.99,994.7814
14.95,17.981943
1700.0,1695.6414
3.84,7.287693
99.99,103.7314
11.95,15.004449
99.99,103.28018
3.84,7.287693
2.99,6.32743
2.99,6.32743
11.95,15.004449
999.99,994.7814
3.84,7.287693
7.68,7.287693
400.0,392.40265
11.95,15.012214
389.99,388.3563
14.95,17.981943
379.99,376.8746
14.95,17.981943
2.99,6.32743
2.99,6.32743
14.95,17.981943
14.95,17.933777
11.95,15.004449
600.0,596.0359
150.0,148.89484
99.99,103.88673
5.98,6.3160267
14.95,17.981943
11.95,15.004449
99.99,104.0632
149.99,147.11284
150.0,148.69675
3.84,7.287693
3.84,7.3099394
14.95,17.981943
379.99,376.09906
150.0,148.82901
11.95,15.004449
11.95,15.004449
300.0,297.61258
11.95,15.012214
99.99,103.245834
2.99,6.3160267
11.95,15.004449
1700.0,1697.0934
11.99,15.376216
150.0,148.82901
999.99,994.7814
11.5199995,7.287693
700.0,696.45917
14.95,18.030027
11.99,15.374248
2.99,6.32743
700.0,696.45917
11.99,15.26867
300.0,297.28616
2.99,6.32743
23.9,15.004449
99.99,103.79724
600.0,586.73315
3.84,7.287693
149.99,146.9049
150.0,148.82901
14.95,17.933777
150.0,148.82901
99.99,103.55503
109.99,116.22733
600.0,596.1739
109.99,115.82349
2.99,6.32743
700.0,697.3461
15.36,7.3181686
2.99,6.3160267
700.0,696.45917
2.99,6.3160267
5.98,6.32743
700.0,696.45917
11.99,15.406947
379.99,380.46082
11.99,15.39894
11.99,15.519269
14.95,17.981943
14.95,17.981943
11.99,15.376216
99.99,103.245834
14.95,17.981943
2.99,6.32743
999.99,994.7814
3.84,7.3181686
3.84,7.287693
379.99,376.09906
300.0,296.68903
5.98,6.32743
700.0,696.45917
11.99,15.376216
999.99,994.7814
29.9,17.981943
99.99,105.21419
11.96,6.32743
149.99,147.15535
99.99,103.620766
150.0,148.82901
11.99,15.376216
3.84,7.287693
99.99,103.50367
14.95,17.981943
3.84,7.287693
700.0,696.62866
150.0,148.82901
5.98,6.32743
389.99,386.75058
99.99,103.97473
99.99,103.79724
7.68,7.287693
3.84,7.287693
109.99,115.82846
300.0,297.7482
11.99,15.429671
300.0,296.32608
3.84,7.287693
14.95,17.981943
150.0,148.82901
600.0,595.8439
600.0,596.15265
2.99,6.32743
2.99,6.32743
700.0,696.45917
23.98,15.376216
99.99,104.0632
99.99,103.43608
5.98,6.32743
389.99,386.02106
150.0,148.82901
11.95,15.004449
2.99,6.32743
109.99,116.26111
2.99,6.32743
14.95,17.933777
11.99,15.374248
99.99,103.7314
14.95,17.981943
149.99,147.34627
11.95,15.004449
14.95,17.981943
11.99,15.26867
150.0,148.88298
3.84,7.3099394
11.99,15.376216
700.0,697.1036
3.84,7.287693
150.0,148.89484
11.99,15.406947
300.0,297.0439
149.99,147.11284
1700.0,1695.6522
14.95,18.030027
5.98,6.32743
14.95,17.981943
11.99,15.374248
11.95,15.012214
11.99,15.376216
1700.0,1695.6401
11.99,15.406947
11.99,15.26867
1700.0,1697.8785
700.0,696.70764
300.0,295.90268
300.0,296.3753
999.99,994.7814
299.98,147.13269
11.95,15.004449
2.99,6.32743
149.99,146.82
11.99,15.396972
11.95,15.012214
14.95,17.981943
149.99,147.15535
3.84,7.287693
14.95,17.981943
14.95,17.981943
5.98,6.32743
11.95,15.004449
150.0,148.88298
29.9,17.981943
11.99,15.307935
149.99,147.15535
2.99,6.3160267
5.98,6.3160267
3.84,7.292285
8.97,6.32743
99.99,103.620766
99.99,103.99736
1700.0,1709.7152
11.95,15.004449
14.95,18.004467
23.98,15.376216
11.99,15.376216
149.99,147.13269
11.99,15.374248
150.0,148.82901
11.99,15.374248
14.95,17.981943
99.99,104.04535
300.0,297.28616
379.99,376.18167
99.99,103.527
3.84,7.287693
150.0,148.7296
2.99,6.32743
999.99,994.7814
389.99,386.07935
14.95,17.981943
150.0,148.89484
2.99,6.32743
150.0,148.82901
11.99,15.307935
14.95,17.981943
7.68,7.287693
7.68,7.287693
149.99,147.15535
11.96,6.3160267
600.0,595.8439
99.99,103.99736
379.99,377.1137
99.99,103.33066
11.99,15.374248
2.99,6.32743
389.99,387.37653
149.99,147.11284
5.98,6.32743
700.0,696.62866
150.0,148.82901
11.99,15.26867
389.99,386.2449
149.99,147.28122
99.99,103.12848
2.99,6.32743
5.98,6.32743
11.99,15.376216
14.95,17.981943
1700.0,1695.6401
14.95,17.981943
14.95,17.981943
5.98,6.32743
3.84,7.287693
3.84,7.287693
11.5199995,7.2700386
300.0,296.39377
2.99,6.32743
600.0,595.8439
999.99,994.7814
999.99,994.7814
11.95,15.004449
11.99,15.26867
2.99,6.32743
5.98,6.32743
11.99,15.376216
149.99,146.9185
99.99,103.606384
3.84,7.287693
600.0,586.73315
150.0,148.89484
109.99,115.97744
379.99,376.40332
2.99,6.32743
11.95,15.004449
999.99,994.7814
11.99,15.376216
11.99,15.374248
150.0,148.82901
5.98,6.32743
700.0,696.8847
600.0,596.19214
14.95,17.933777
23.98,15.406947
300.0,296.3335
99.99,103.98368
700.0,696.62866
150.0,148.88298
2.99,6.3160267
109.99,116.283134
600.0,596.0359
150.0,148.82901
2.99,6.32743
379.99,376.58472
11.95,15.004449
2.99,6.32743
150.0,148.69675
379.99,376.40332
389.99,386.2449
389.99,386.43832
150.0,148.82901
11.95,14.962919
150.0,148.82901
11.99,15.374248
11.95,15.012214
11.95,15.004449
44.85,17.981943
150.0,148.82901
8.97,6.32743
99.99,103.12848
7.68,7.287693
2.99,6.32743
11.99,15.307935
2.99,6.32743
14.95,17.981943
99.99,103.99736
600.0,585.26215
14.95,17.981943
149.99,146.9049
999.99,994.7814
150.0,148.82901
2.99,6.32743
11.99,15.376216
109.99,115.880714
8.97,6.32743
11.99,15.26867
11.95,15.004449
11.5199995,7.3181686
300.0,295.9541
14.95,17.981943
11.95,15.012214
149.99,147.15535
7.68,7.287693
7.68,7.287693
150.0,148.88298
3.84,7.287693
150.0,148.69675
11.95,14.963883
2.99,6.32743
23.98,15.406947
11.95,15.031199
109.99,116.26232
99.99,103.92633
14.95,17.981943
3.84,7.287693
11.95,15.012214
700.0,696.62866
11.99,15.376216
11.99,15.307935
11.99,15.376216
99.99,103.88673
389.99,386.09482
23.98,15.39894
99.99,103.637245
389.99,386.23508
3.84,7.2700386
149.99,147.21011
23.9,15.004449
14.95,17.981943
3.84,7.287693
11.99,15.374248
14.95,17.981943
99.99,103.424286
11.99,15.396972
389.99,386.43832
1700.0,1695.6414
2.99,6.32743
109.99,116.15235
109.99,116.26111
11.99,15.406947
11.95,15.004449
1700.0,1697.0934
300.0,297.15002
2.99,6.32743
99.99,103.245834
99.99,103.55503
11.99,15.376216
11.99,15.406947
389.99,386.3053
3.84,7.3181686
8.97,6.32743
14.95,18.055319
149.99,147.28122
2.99,6.506794
379.99,375.89178
7.68,7.287693
5.98,6.32743
29.9,18.085264
1700.0,1695.6401
14.95,17.981943
99.99,103.9268
1700.0,1695.6522
2.99,6.32743
150.0,148.82901
99.99,103.35191
400.0,392.40265
3.84,7.287693
2.99,6.32743
379.99,376.09906
3.84,7.287693
7.68,7.287693
11.95,15.012214
11.95,15.012214
300.0,295.8915
11.99,15.376216
700.0,696.45917
7.68,7.287693
11.99,15.26867
379.99,376.09906
150.0,148.53821
14.95,18.004467
3.84,7.2700386
3.84,7.287693
150.0,148.67563
379.99,376.09906
5.98,6.3160267
300.0,295.56528
3.84,7.287693
11.95,15.004449
11.99,15.374248
11.95,14.963883
11.99,15.26867
99.99,103.99217
14.95,17.981943
14.95,17.981943
300.0,295.80002
2.99,6.32743
99.99,104.005394
99.99,103.92633
14.95,17.981943
999.99,994.7814
1700.0,1695.3777
300.0,297.19553
5.98,6.3160267
600.0,602.9915
150.0,148.82901
11.95,15.004449
149.99,147.0903
3.84,7.3181686
14.95,17.981943
7.68,7.287693
999.99,994.7814
99.99,104.024155
379.99,376.18167
11.99,15.519269
11.99,15.376216
99.99,104.064125
5.98,6.32743
14.95,17.981943
7.68,7.287693
99.99,105.77765
99.99,104.032646
11.99,15.406947
14.95,17.981943
8.97,6.32743
109.99,115.75252
3.84,7.287693
7.68,7.287693
150.0,148.9488
600.0,596.109
600.0,596.109
2.99,6.32743
1700.0,1699.9219
14.95,17.981943
700.0,696.45917
150.0,148.82901
2.99,6.32743
11.95,15.004449
2.99,6.32743
2.99,6.32743
2.99,6.32743
2.99,6.32743
14.95,17.933777
389.99,386.36197
14.95,17.981943
11.99,15.23622
11.95,14.9966135
3.84,7.287693
150.0,148.88298
11.95,15.004449
7.68,7.287693
109.99,116.34036
109.99,116.540596
11.95,15.012214
99.99,103.76638
150.0,148.82901
389.99,386.1166
1700.0,1695.6675
150.0,148.69675
150.0,148.82901
3.84,7.3181686
379.99,377.73404
2.99,6.32743
23.9,15.004449
700.0,696.70764
400.0,392.40265
11.95,15.004449
11.95,15.004449
11.99,15.374248
109.99,115.82846
3.84,7.287693
11.99,15.376216
7.68,7.287693
379.99,376.5651
150.0,148.82901
11.95,15.004449
11.99,15.376216
149.99,147.15535
150.0,148.6165
150.0,148.82901
300.0,297.28616
379.99,376.40332
11.99,15.23622
14.95,17.981943
99.99,103.620766
700.0,696.62866
999.99,994.7814
11.95,15.012214
14.95,17.933777
2.99,6.32743
379.99,376.09906
700.0,696.45917
11.95,15.012214
2.99,6.3160267
150.0,148.82901
14.95,17.933777
149.99,146.9776
2.99,6.32743
11.99,15.26867
3.84,7.287693
11.95,15.004449
2.99,6.32743
300.0,298.32
149.99,147.15535
11.99,15.26867
150.0,148.89484
7.68,7.287693
99.99,103.85617
600.0,596.19214
379.99,376.09906
700.0,696.70764
600.0,595.9819
149.99,147.21011
379.99,376.11343
999.99,994.7814
14.95,17.981943
150.0,148.82901
7.68,7.287693
14.95,17.933777
2.99,6.32743
300.0,296.22922
109.99,116.03735
379.99,376.09906
14.95,17.981943
379.99,376.09906
14.95,18.004467
700.0,696.45917
14.95,18.004467
999.99,994.7814
300.0,295.80435
2.99,6.506794
14.95,17.981943
389.99,386.43832
1700.0,1698.9995
14.95,17.981943
700.0,696.70764
3.84,7.287693
109.99,115.76435
29.9,17.981943
109.99,116.192635
14.95,18.030027
2.99,6.32743
700.0,697.1036
700.0,696.45917
11.99,15.374248
300.0,296.38327
14.95,17.981943
14.95,17.981943
11.95,15.012214
150.0,148.82901
2.99,6.32743
14.95,17.933777
389.99,386.42328
14.95,17.981943
150.0,148.82901
2.99,6.32743
300.0,296.24295
99.99,103.28905
400.0,392.40265
2.99,6.3160267
600.0,599.99005
389.99,386.43832
35.85,15.004449
2.99,6.32743
3.84,7.2700386
11.95,15.004449
14.95,17.981943
11.99,15.393273
150.0,148.88298
600.0,596.1739
14.95,17.981943
14.95,17.981943
14.95,17.981943
5.98,6.32743
700.0,696.70764
3.84,7.287693
11.99,15.406947
3.84,7.287693
99.99,103.46622
11.95,14.9488125
600.0,596.19214
14.95,18.004467
11.95,15.004449
14.95,17.981943
700.0,696.70764
29.9,17.981943
5.98,6.32743
2.99,6.32743
150.0,148.54337
99.99,103.65856
11.99,15.307935
99.99,103.23119
8.97,6.32743
3.84,7.287693
14.95,17.981943
149.99,147.34627
14.95,17.981943
11.96,6.32743
11.99,15.26867
2.99,6.32743
14.95,17.981943
11.99,15.374248
389.99,386.42328
2.99,6.32743
14.95,17.981943
2.99,6.32743
379.99,376.18167
700.0,697.3461
700.0,697.1036
3.84,7.287693
1700.0,1695.473
11.95,15.012214
600.0,595.8439
1700.0,1695.6522
109.99,116.192635
379.99,376.44208
2.99,6.32743
700.0,696.70764
11.95,15.012214
2.99,6.32743
11.95,15.004449
109.99,116.34036
14.95,17.981943
300.0,296.3753
14.95,18.055319
2.99,6.32743
99.99,104.0632
600.0,595.8439
23.9,15.004449
11.99,15.376216
11.95,15.012214
14.95,17.981943
14.95,17.933777
14.95,17.981943
11.95,15.012214
23.98,15.420968
3.84,7.287693
379.99,376.09906
5.98,6.32743
14.95,17.981943
2.99,6.32743
7.68,7.287693
3.84,7.287693
600.0,596.109
11.99,15.376216
150.0,148.89484
11.95,15.031746
99.99,103.966805
2.99,6.32743
3.84,7.287693
400.0,393.22757
14.95,17.981943
99.99,103.634415
379.99,376.5651
11.99,15.23622
3.84,7.287693
150.0,148.9488
14.95,17.933777
1700.0,1696.1173
150.0,148.6165
11.95,15.004449
11.95,15.004449
149.99,147.0903
300.0,296.72018
8.97,6.3160267
2.99,6.3160267
700.0,696.6241
2.99,6.32743
14.95,17.981943
149.99,147.13269
3.84,7.287693
700.0,696.45917
1700.0,1695.6522
14.95,6.32743
300.0,295.80002
11.99,15.307935
379.99,376.18167
2.99,6.32743
14.95,18.004467
149.99,147.34627
300.0,296.3335
5.98,6.32743
150.0,148.88298
23.98,15.406947
1700.0,1695.3777
1700.0,1695.6401
14.95,17.981943
14.95,17.981943
2.99,6.32743
3.84,7.2700386
14.95,17.981943
5.98,6.32743
150.0,148.82901
99.99,103.424286
2.99,6.32743
389.99,386.43832
149.99,147.15535
600.0,597.2137
2.99,6.32743
11.99,15.376216
700.0,696.6241
600.0,596.709
8.97,6.32743
14.95,17.981943
600.0,596.19214
149.99,147.2525
2.99,6.32743
5.98,6.32743
7.68,7.287693
1700.0,1695.3777
5.98,6.32743
3.84,7.287693
99.99,104.047066
99.99,103.23119
3.84,7.2700386
11.99,15.374248
2.99,6.3160267
3.84,7.287693
379.99,376.44208
11.96,6.32743
14.95,17.933777
150.0,148.82901
700.0,696.45917
29.9,17.981943
379.99,376.5651
7.68,7.287693
11.95,15.012214
109.99,116.192635
5.98,6.506794
3.84,7.2700386
11.95,15.004449
11.99,15.374248
2.99,6.32743
389.99,386.65384
8.97,6.32743
3.84,7.287693
150.0,148.82901
109.99,116.192635
11.99,15.376216
11.95,14.962919
11.95,14.970684
7.68,7.3181686
11.95,15.004449
150.0,148.67563
14.95,17.981943
14.95,17.981943
5.98,6.32743
14.95,17.981943
7.68,7.287693
3.84,7.287693
99.99,103.83741
600.0,596.1739
3.84,7.287693
99.99,103.99736
2.99,6.32743
11.99,15.376216
11.99,15.376216
600.0,595.8439
2.99,6.32743
300.0,296.22922
14.95,17.981943
11.99,15.406947
11.99,15.376216
3.84,7.287693
150.0,148.82901
11.95,15.004449
2.99,6.32743
379.99,376.40332
2.99,6.32743
150.0,148.82901
14.95,17.981943
1700.0,1695.6522
14.95,17.981943
14.95,17.981943
99.99,103.55503
5.98,6.32743
3.84,7.287693
2.99,6.3160267
11.95,15.004449
3.84,7.287693
379.99,376.09906
11.5199995,7.3181686
14.95,17.981943
11.95,15.012214
2.99,6.506794
11.99,15.307935
11.99,15.374248
1700.0,1695.6522
2.99,6.32743
389.99,386.4957
3.84,7.3181686
11.5199995,7.287693
150.0,148.82901
11.99,15.376216
149.99,147.15535
2.99,6.32743
3.84,7.287693
3.84,7.287693
379.99,376.05338
389.99,388.29498
389.99,398.4344
11.99,15.376216
109.99,116.34036
3.84,7.287693
99.99,103.566826
5.98,6.32743
11.95,15.012214
3.84,7.2700386
3.84,7.282076
11.95,15.004449
109.99,115.880714
99.99,103.74796
11.99,15.406947
7.68,7.287693
11.95,15.004449
14.95,17.981943
11.95,15.012214
1700.0,1695.0902
150.0,148.82901
7.68,7.287693
300.0,296.6731
700.0,696.70764
2.99,6.3160267
3.84,7.287693
150.0,148.82901
389.99,386.07935
149.99,147.05344
11.95,15.023435
1700.0,1696.2998
2.99,6.32743
14.95,17.981943
2.99,6.32743
2.99,6.32743
11.99,15.39894
11.95,15.004449
2.99,6.32743
14.95,17.981943
99.99,103.22943
149.99,147.11284
11.95,15.023435
14.95,17.981943
3.84,7.287693
99.99,103.620766
14.95,17.933777
700.0,696.62866
379.99,376.4174
389.99,386.43832
3.84,7.287693
149.99,147.15535
2.99,6.32743
11.95,15.031199
11.99,15.374248
389.99,386.35245
29.9,17.981943
14.95,18.030027
149.99,147.30376
5.98,6.32743
99.99,104.23364
99.99,103.70015
14.95,18.030027
23.98,15.23622
14.95,17.981943
3.84,7.287693
99.99,103.35191
11.99,15.406947
150.0,148.82901
14.95,17.981943
600.0,596.0359
2.99,6.32743
11.5199995,7.2700386
150.0,148.82901
600.0,596.0359
379.99,376.37854
11.95,14.963883
23.9,15.004449
999.99,994.7814
700.0,697.3461
109.99,115.77123
29.9,17.981943
2.99,6.32743
99.99,103.78875
150.0,148.82901
150.0,148.82901
389.99,386.36197
2.99,6.32743
379.99,376.40332
379.99,376.4174
3.84,7.2700386
2.99,6.32743
150.0,148.7296
150.0,148.82901
149.99,147.21011
3.84,7.287693
3.84,7.3181686
11.95,15.004449
11.95,15.004449
23.98,15.26867
8.97,6.32743
11.99,15.374248
1700.0,1695.6522
11.95,15.004449
11.95,15.004449
29.9,17.981943
14.95,17.981943
99.99,104.06423
14.95,18.004467
14.95,17.981943
389.99,386.43832
700.0,696.70764
11.99,15.406947
14.95,17.981943
99.99,104.20309
11.95,15.012214
149.99,147.11284
99.99,103.67772
389.99,386.17462
700.0,697.1036
11.99,15.376216
999.99,994.7814
11.99,15.26867
8.97,6.32743
11.99,15.406947
11.95,15.004449
999.99,994.8964
11.99,15.376216
300.0,296.72018
3.84,7.287693
3.84,7.287693
99.99,104.69115
14.95,17.981943
11.95,14.9966135
14.95,17.981943
389.99,386.65384
3.84,7.287693
14.95,17.981943
389.99,386.35214
999.99,994.7814
150.0,148.82901
23.98,15.374248
109.99,115.92021
3.84,7.3181686
14.95,17.981943
2.99,6.32743
149.99,147.15535
5.98,6.32743
1700.0,1696.5453
600.0,595.8439
700.0,696.45917
99.99,103.74796
11.95,15.004449
379.99,376.403
99.99,103.620766
600.0,595.96063
11.96,6.32743
700.0,696.45917
14.95,17.981943
11.5199995,7.287693
23.9,15.004449
3.84,7.287693
11.99,15.406947
150.0,148.82901
11.99,15.376216
150.0,148.82901
14.95,17.981943
149.99,147.69244
11.95,15.004449
99.99,103.57149
150.0,148.82901
11.95,15.004449
11.95,14.963883
11.99,15.26867
99.99,103.88673
999.99,994.7814
7.68,7.287693
379.99,376.8746
3.84,7.3181686
11.95,15.012214
150.0,148.82901
11.95,14.970684
11.99,15.393273
150.0,148.7296
11.95,15.004449
150.0,148.82901
23.98,15.406947
11.95,15.023435
11.99,15.374248
11.99,15.376216
11.99,15.406947
11.95,14.9966135
2.99,6.32743
11.95,14.962919
14.95,18.030027
3.84,7.287693
11.99,15.376216
3.84,7.287693
999.99,994.7814
11.95,15.004449
300.0,296.3207
11.99,15.376216
11.95,15.004449
14.95,17.933777
99.99,103.85617
2.99,6.3160267
8.97,6.32743
11.95,15.004449
3.84,7.287693
1700.0,1698.9241
14.95,17.981943
150.0,148.82901
11.95,15.004449
379.99,376.44208
3.84,7.287693
11.95,15.004449
99.99,103.76638
1700.0,1695.6401
300.0,295.8915
700.0,696.70764
14.95,17.981943
99.99,103.620766
11.99,15.374248
14.95,17.981943
5.98,6.32743
11.95,15.004449
11.99,15.374248
11.95,15.004449
600.0,586.73315
150.0,148.82901
300.0,296.6731
23.9,14.963883
3.84,7.287693
11.95,15.012214
149.99,146.86252
14.95,17.933777
700.0,696.45917
109.99,115.79502
7.68,7.287693
11.95,15.004449
11.99,15.307935
99.99,103.424286
3.84,7.3099394
11.99,15.307935
999.99,994.7814
11.99,15.519269
2.99,6.32743
23.9,15.004449
8.97,6.506794
29.9,18.004467
2.99,6.32743
11.99,15.376216
600.0,595.8439
389.99,386.02106
5.98,6.32743
29.9,17.981943
999.99,994.5261
150.0,148.69675
14.95,17.981943
5.98,6.32743
11.95,15.004449
150.0,148.82901
600.0,596.5406
149.99,147.11284
149.99,147.30376
7.68,7.287693
14.95,17.981943
379.99,376.09906
700.0,696.45917
400.0,393.6818
3.84,7.287693
2.99,6.32743
14.95,17.933777
11.99,15.374248
149.99,147.15523
8.97,6.3160267
1700.0,1695.6522
14.95,17.981943
109.99,116.21159
2.99,6.32743
3.84,7.287693
5.98,6.32743
11.99,15.376216
600.0,595.96063
150.0,148.67563
150.0,148.82901
23.9,15.004449
150.0,148.89484
8.97,6.32743
379.99,376.6002
14.95,17.981943
150.0,148.89484
3.84,7.287693
14.95,17.981943
99.99,103.527
99.99,103.55503
11.99,15.26867
99.99,103.626045
11.95,14.970684
99.99,103.78299
2.99,6.32743
11.95,15.004449
3.84,7.287693
1700.0,1695.5743
389.99,387.1554
99.99,103.22943
14.95,17.981943
29.9,17.981943
150.0,148.82901
14.95,17.981943
999.99,994.7814
379.99,376.40332
14.95,17.981943
11.99,15.374248
99.99,103.35191
99.99,103.637245
3.84,7.287693
150.0,148.82901
3.84,7.287693
379.99,376.40332
11.5199995,7.287693
14.95,17.981943
3.84,7.287693
300.0,297.13208
3.84,7.287693
11.95,15.004449
11.99,15.374248
389.99,386.43832
3.84,7.287693
11.95,15.004449
2.99,6.32743
999.99,994.7814
2.99,6.32743
11.95,15.012214
11.95,15.004449
109.99,116.411575
379.99,376.4716
150.0,148.82901
11.95,15.012214
400.0,392.40265
5.98,6.32743
11.99,15.26867
8.97,6.32743
150.0,148.69675
99.99,103.92633
3.84,7.287693
379.99,377.6057
150.0,148.82901
389.99,386.31033
7.68,7.287693
11.95,15.004449
1700.0,1698.5653
379.99,376.88144
14.95,17.981943
109.99,116.192635
14.95,17.933777
700.0,696.45917
14.95,17.981943
11.99,15.376216
700.0,696.45917
11.95,15.004449
5.98,6.32743
11.99,15.406947
11.95,15.004449
11.95,14.970684
11.99,15.406947
999.99,994.7814
99.99,103.76638
389.99,386.10904
700.0,696.45917
11.99,15.376216
300.0,296.39377
300.0,148.82901
109.99,116.13541
11.95,15.004449
99.99,103.811646
3.84,7.287693
150.0,148.69675
149.99,146.9049
400.0,392.40265
999.99,994.7814
14.95,17.981943
600.0,596.0359
109.99,116.01489
150.0,148.69675
3.84,7.287693
5.98,6.32743
700.0,696.45917
11.99,15.406947
999.99,994.7814
2.99,6.32743
2.99,6.32743
379.99,376.5651
379.99,379.57837
2.99,6.3160267
379.99,376.40332
7.68,7.287693
3.84,7.3099394
3.84,7.287693
600.0,596.19214
389.99,386.35245
150.0,148.89484
700.0,697.3461
23.9,15.031199
379.99,376.44208
14.95,17.981943
11.5199995,7.287693
14.95,17.933777
11.95,14.970684
389.99,386.33044
3.84,7.287693
11.95,15.012214
999.99,994.7814
11.95,15.004449
300.0,296.2397
109.99,116.14038
11.95,15.004449
999.99,994.7814
600.0,596.19214
149.99,147.21011
7.68,7.287693
14.95,17.981943
3.84,7.287693
3.84,7.287693
150.0,148.88298
109.99,116.031624
149.99,147.11284
11.99,15.376216
389.99,386.353
99.99,103.424286
2.99,6.32743
3.84,7.3099394
109.99,116.18341
11.95,15.012214
99.99,104.05471
389.99,386.8119
11.99,15.376216
300.0,296.46152
150.0,148.67563
600.0,595.8439
149.99,147.15535
600.0,596.0359
11.95,15.004449
2.99,6.32743
11.99,15.376216
3.84,7.287693
11.99,15.406947
35.97,15.376216
99.99,104.032646
14.95,17.981943
700.0,697.1036
300.0,297.28616
400.0,392.40265
149.99,147.34627
11.99,15.26867
1700.0,1695.6401
11.99,15.307935
379.99,376.09906
99.99,103.99217
150.0,148.82901
389.99,386.108
14.95,17.981943
999.99,994.7814
149.99,147.15535
3.84,7.287693
3.84,7.3181686
2.99,6.3160267
3.84,7.2700386
300.0,296.2397
2.99,6.32743
14.95,17.981943
150.0,148.82901
11.95,15.004449
3.84,7.287693
99.99,103.89625
1700.0,1697.8785
2.99,6.32743
199.98,103.620766
8.97,6.32743
14.95,6.32743
14.95,17.981943
11.95,15.012214
600.0,596.5406
11.95,15.004449
389.99,386.4756
300.0,295.91846
14.95,17.981943
149.99,147.28122
99.99,103.36843
11.95,14.9966135
2.99,6.32743
23.98,15.307935
14.95,17.981943
600.0,585.26215
600.0,586.73315
400.0,393.6818
14.95,17.981943
7.68,7.287693
3.84,7.3181686
149.99,146.86252
11.95,14.962919
14.95,17.981943
14.95,18.030027
379.99,376.40332
11.95,14.970684
150.0,148.82901
3.84,7.287693
1700.0,1695.0902
99.99,103.79724
99.99,104.032646
149.99,147.34627
389.99,386.2449
3.84,7.287693
2.99,6.32743
11.99,15.376216
14.95,17.981943
3.84,7.287693
8.97,6.32743
300.0,297.0439
99.99,103.424286
700.0,697.1036
400.0,392.40265
11.99,15.406947
700.0,696.70764
11.95,15.004449
11.95,14.970684
99.99,103.42793
14.95,17.981943
11.95,15.012214
99.99,103.99736
7.68,7.287693
5.98,6.32743
14.95,18.030027
14.95,17.933777
14.95,17.981943
700.0,697.3461
150.0,148.88298
1700.0,1698.9241
7.68,7.3181686
389.99,386.43832
99.99,103.78875
1700.0,1695.6401
14.95,18.055319
150.0,148.67563
14.95,18.030027
99.99,103.637245
11.95,15.004449
700.0,696.45917
150.0,148.69675
1700.0,1695.6522
1700.0,1695.6401
29.9,17.981943
999.99,994.7814
150.0,148.82901
2.99,6.32743
99.99,103.424286
11.99,15.376216
99.99,104.0632
1700.0,1695.6522
700.0,697.1036
300.0,295.80002
11.99,15.376216
149.99,147.11284
3.84,7.287693
389.99,386.23508
700.0,697.4867
300.0,297.18478
150.0,148.82901
2.99,6.32743
600.0,596.109
99.99,103.35191
14.95,17.981943
29.9,18.055319
14.95,18.004467
150.0,148.82901
600.0,585.26215
379.99,376.09906
109.99,116.9255
149.99,147.11284
1700.0,1696.0317
600.0,596.109
11.99,15.406947
149.99,147.11284
150.0,148.68233
11.99,15.406947
11.95,15.004449
379.99,376.18167
3.84,7.287693
7.68,7.287693
14.95,18.055319
149.99,147.15535
3.84,7.3181686
600.0,596.709
109.99,116.388
14.95,17.933777
11.95,14.962919
23.039999,7.287693
3.84,7.287693
2.99,6.32743
5.98,6.32743
389.99,386.07935
11.99,15.376216
5.98,6.32743
14.95,17.981943
11.99,15.406947
1700.0,1695.6522
2.99,6.32743
2.99,6.32743
1700.0,1695.6522
389.99,386.108
14.95,17.981943
109.99,116.031624
8.97,6.32743
11.99,15.374248
2.99,6.32743
1700.0,1695.6401
300.0,296.68903
600.0,596.1739
11.99,15.26867
389.99,386.2449
11.95,15.004449
1700.0,1695.6522
150.0,148.82901
109.99,115.974396
999.99,994.7814
3.84,7.287693
11.99,15.374248
99.99,103.424286
3.84,7.287693
5.98,6.32743
150.0,148.82901
11.95,15.004449
11.99,15.26867
109.99,116.09013
150.0,148.82901
5.98,6.32743
14.95,17.981943
11.95,15.004449
300.0,295.68372
300.0,296.3207
11.99,15.578958
150.0,148.82901
11.99,15.376216
11.99,15.406947
11.95,15.004449
99.99,103.76638
14.95,17.981943
150.0,148.82901
11.95,15.023435
29.9,17.933777
379.99,376.40332
99.99,103.424286
11.99,15.376216
149.99,147.2525
29.9,17.933777
700.0,696.45917
14.95,17.981943
11.95,15.012214
99.99,103.966805
2.99,6.32743
11.99,15.26867
11.99,15.376216
8.97,6.32743
299.98,146.86252
300.0,296.24402
389.99,388.3563
2.99,6.32743
14.95,18.055319
11.99,15.307935
11.95,15.012214
11.95,15.004449
23.98,15.26867
11.95,15.012214
11.95,15.004449
14.95,17.981943
150.0,148.82901
29.9,18.004467
11.95,15.004449
379.99,376.11343
150.0,148.67563
600.0,596.19214
109.99,116.388
14.95,17.981943
5.98,6.32743
379.99,377.6057
149.99,147.11284
14.95,17.981943
389.99,386.26007
7.68,7.287693
11.99,15.374248
11.95,15.004449
14.95,17.933777
14.95,17.981943
109.99,116.23186
3.84,7.287693
2.99,6.3160267
14.95,17.933777
1700.0,1695.6401
600.0,595.8439
700.0,696.45917
14.95,17.981943
1700.0,1698.1686
2.99,6.32743
300.0,297.7482
5.98,6.3160267
2.99,6.3160267
999.99,994.7814
99.99,103.83741
5.98,6.32743
14.95,18.030027
3.84,7.287693
11.99,15.406947
2.99,6.32743
150.0,148.82901
150.0,148.6165
149.99,147.0903
99.99,103.982765
379.99,375.89178
11.95,15.012214
11.95,15.004449
14.95,17.981943
99.99,103.88673
14.95,17.933777
3.84,7.287693
11.99,15.307935
11.95,15.004449
11.99,15.376216
99.99,103.637634
150.0,148.82901
150.0,148.82901
11.95,15.004449
11.95,15.023435
14.95,17.981943
14.95,18.030027
379.99,377.41766
14.95,17.981943
99.99,103.92633
11.95,15.004449
11.95,15.023435
14.95,17.981943
300.0,296.22922
99.99,103.87749
14.95,17.933777
3.84,7.3181686
14.95,17.981943
11.95,15.004449
149.99,147.30376
14.95,17.981943
5.98,6.3160267
11.95,14.962919
300.0,295.8463
11.95,15.004449
11.99,15.374248
3.84,7.287693
3.84,7.287693
379.99,376.09906
2.99,6.32743
700.0,696.45917
150.0,148.82901
150.0,148.82901
600.0,596.0359
14.95,18.030027
99.99,103.34855
600.0,596.709
11.99,15.393273
379.99,376.44208
14.95,18.030027
99.99,103.65856
379.99,376.8746
3.84,7.287693
99.99,103.76638
11.95,15.004449
600.0,596.0359
11.95,15.012214
700.0,696.45917
999.99,994.7814
5.98,6.32743
14.95,17.981943
99.99,103.694984
14.95,17.981943
11.99,15.26867
149.99,146.86252
700.0,696.70764
3.84,7.287693
3.84,7.3099394
3.84,7.287693
11.99,15.406947
109.99,116.15235
700.0,696.45917
14.95,17.981943
99.99,103.620766
11.99,15.376216
700.0,696.70764
2.99,6.32743
700.0,697.1036
99.99,103.86602
600.0,596.109
2.99,6.32743
99.99,103.424286
23.98,15.406947
14.95,17.981943
3.84,7.3181686
11.99,15.376216
3.84,7.287693
379.99,376.5651
1700.0,1697.985
149.99,146.82
3.84,7.3181686
11.99,15.39894
23.9,14.962919
2.99,6.32743
150.0,148.82901
700.0,696.45917
109.99,116.79018
400.0,393.6818
11.96,6.32743
2.99,6.32743
700.0,696.70764
5.98,6.32743
300.0,296.22922
11.95,15.004449
11.95,15.004449
11.95,15.004449
11.95,15.004449
3.84,7.287693
5.98,6.32743
3.84,7.287693
379.99,376.09906
3.84,7.287693
11.99,15.376216
2.99,6.32743
11.99,15.23622
2.99,6.32743
3.84,7.287693
2.99,6.32743
389.99,386.02106
150.0,148.82901
14.95,17.981943
11.95,15.031199
29.9,17.981943
2.99,6.32743
2.99,6.32743
99.99,103.620766
11.99,15.26867
150.0,148.82901
3.84,7.2700386
2.99,6.3160267
600.0,596.109
99.99,103.934364
300.0,296.6054
11.95,15.004449
149.99,147.15535
29.9,17.981943
7.68,7.287693
3.84,7.2700386
11.99,15.307935
23.98,15.26867
99.99,103.85617
2.99,6.32743
11.95,15.004449
99.99,103.36843
3.84,7.287693
150.0,148.82901
11.95,15.012214
150.0,148.82901
150.0,148.82901
600.0,596.5406
150.0,148.82901
11.95,15.004449
3.84,7.2700386
14.95,17.933777
379.99,376.44208
11.99,15.374248
2.99,6.32743
1700.0,1695.6401
3.84,7.287693
600.0,585.26215
14.95,18.004467
150.0,148.82901
14.95,17.981943
99.99,103.79724
11.99,15.406947
150.0,148.67563
23.9,14.962919
29.9,18.030027
3.84,7.287693
99.99,103.620766
11.95,15.004449
150.0,148.82901
149.99,147.13269
35.97,15.376216
700.0,696.45917
11.95,15.004449
29.9,18.004467
2.99,6.32743
14.95,18.030027
2.99,6.32743
109.99,116.34036
11.99,15.376216
600.0,596.19214
14.95,17.981943
14.95,17.981943
149.99,147.15535
99.99,103.83741
3.84,7.3099394
11.95,15.004449
11.95,15.004449
15.36,7.287693
29.9,17.981943
389.99,386.02106
11.99,15.376216
11.95,14.963883
11.95,14.9488125
11.95,14.963883
5.98,6.32743
1700.0,1695.5743
300.0,296.22922
11.99,15.376216
600.0,596.0359
11.99,15.406947
35.97,15.26867
5.98,6.32743
11.95,15.004449
2.99,6.32743
11.95,15.01465
14.95,17.981943
300.0,296.39377
379.99,376.403
14.95,17.981943
14.95,17.981943
11.99,15.26867
11.99,15.307935
11.95,15.004449
999.99,994.7814
11.95,15.004449
1700.0,1695.6401
700.0,696.70764
2.99,6.32743
14.95,17.981943
23.98,15.393273
2.99,6.32743
600.0,585.26215
3.84,7.287693
11.99,15.376216
11.95,15.004449
14.95,17.981943
999.99,994.7814
3.84,7.287693
14.95,17.981943
700.0,696.70764
150.0,148.82901
8.97,6.32743
11.95,15.004449
11.95,14.9966135
400.0,392.5175
14.95,17.981943
11.95,15.012214
5.98,6.32743
11.99,15.406947
3.84,7.287693
600.0,597.2137
14.95,17.981943
11.99,15.406947
3.84,7.287693
389.99,386.17462
3.84,7.287693
389.99,386.43832
109.99,116.14038
999.99,994.7814
11.99,15.376216
11.95,15.012214
109.99,115.880714
14.95,17.981943
300.0,296.713
99.99,104.23364
11.95,15.004449
14.95,17.981943
29.9,18.030027
3.84,7.2700386
14.95,17.981943
3.84,7.287693
3.84,7.287693
11.95,14.963883
150.0,148.82901
11.99,15.376216
3.84,7.287693
11.99,15.406947
389.99,386.2449
379.99,376.40332
11.95,15.004449
150.0,148.75072
99.99,103.70015
11.95,15.004449
300.0,297.276
11.95,15.004449
109.99,115.880714
14.95,17.981943
3.84,7.287693
2.99,6.32743
11.95,15.012214
999.99,994.7814
3.84,7.2700386
99.99,103.694984
3.84,7.287693
14.95,17.981943
1700.0,1695.6492
150.0,148.82901
389.99,386.07935
11.95,15.004449
389.99,386.2449
14.95,17.981943
11.95,15.004449
14.95,17.981943
3.84,7.287693
600.0,596.5406
1700.0,1695.3777
2.99,6.32743
3.84,7.287693
3.84,7.287693
11.99,15.26867
11.99,15.376216
150.0,148.89484
11.5199995,7.287693
11.99,15.376216
389.99,386.43832
700.0,696.45917
7.68,7.287693
11.99,15.26867
150.0,148.88298
11.99,15.26867
1700.0,1695.3777
7.68,7.287693
99.99,103.83741
23.98,15.406947
2.99,6.32743
14.95,17.981943
14.95,17.981943
99.99,103.28905
3.84,7.287693
11.99,15.376216
150.0,148.82901
600.0,585.26215
150.0,148.67563
14.95,17.981943
3.84,7.287693
389.99,386.17462
99.99,103.424286
149.99,147.15535
109.99,116.24315
11.99,15.376216
149.99,147.11284
2.99,6.32743
389.99,386.43832
379.99,376.40332
600.0,596.0359
379.99,376.44208
99.99,103.83577
149.99,148.04651
11.99,15.374248
14.95,17.981943
389.99,386.4695
11.95,15.004449
7.68,7.287693
11.95,15.004449
11.95,15.004449
3.84,7.287693
999.99,994.7814
7.68,7.287693
11.95,15.004449
700.0,696.45917
149.99,147.15535
11.99,15.376216
109.99,116.34036
11.99,15.376216
999.99,994.7814
999.99,994.7814
8.97,6.32743
14.95,17.933777
11.95,14.963883
99.99,103.70015
11.99,15.406947
150.0,148.67563
11.99,15.307935
1700.0,1695.473
11.95,15.01465
14.95,17.981943
379.99,376.40332
11.99,15.376216
3.84,7.3099394
11.95,15.023435
14.95,17.933777
379.99,375.89178
700.0,696.70764
3.84,7.287693
3.84,7.3181686
11.95,15.004449
11.95,15.012214
149.99,147.15535
109.99,116.79018
2.99,6.3160267
999.99,994.7814
150.0,148.82901
600.0,596.0359
600.0,595.8439
300.0,297.28616
389.99,386.09482
700.0,696.8847
14.95,17.981943
11.99,15.23622
99.99,103.79724
150.0,148.69675
3.84,7.292285
14.95,17.933777
150.0,148.82901
379.99,377.40094
7.68,7.287693
300.0,296.22922
3.84,7.287693
11.95,15.004449
99.99,103.3635
700.0,696.45917
14.95,17.981943
11.95,15.148256
109.99,115.82846
14.95,17.981943
700.0,696.70764
7.68,7.287693
11.99,15.376216
150.0,148.82901
23.98,15.374248
11.99,15.376216
149.99,146.82
7.68,7.287693
11.99,15.374248
11.99,15.376216
150.0,148.82901
99.99,103.98368
3.84,7.3099394
150.0,148.82901
2.99,6.32743
29.9,17.981943
99.99,103.88673
3.84,7.287693
199.98,103.74772
3.84,7.287693
99.99,103.35191
150.0,148.82901
99.99,103.67036
11.95,15.012214
11.99,15.406947
389.99,386.35214
11.95,15.004449
11.95,15.012214
11.95,15.012214
149.99,147.11284
23.98,15.406947
999.99,994.7814
11.99,15.39894
11.99,15.39894
14.95,17.981943
11.95,15.004449
700.0,696.45917
3.84,7.287693
600.0,595.96063
149.99,147.34627
99.99,104.20309
109.99,115.880714
11.95,15.004449
109.99,116.14038
999.99,994.80945
2.99,6.32743
5.98,6.32743
11.99,15.374248
3.84,7.287693
14.95,17.981943
389.99,387.01276
5.98,6.32743
600.0,596.19214
150.0,148.89484
400.0,392.40265
149.99,147.13269
700.0,696.45917
3.84,7.287693
5.98,6.32743
700.0,696.62866
700.0,697.1036
700.0,697.1036
999.99,994.7814
149.99,147.11284
44.85,17.981943
3.84,7.287693
700.0,696.70764
3.84,7.287693
11.99,15.406947
3.84,7.287693
14.95,17.981943
14.95,17.981943
300.0,297.13208
150.0,148.82901
600.0,596.109
99.99,103.424286
300.0,297.27124
14.95,17.981943
11.99,15.26867
14.95,17.933777
150.0,148.82901
11.95,15.004449
14.95,17.933777
150.0,148.69675
150.0,148.6165
700.0,696.45917
23.039999,7.287693
1700.0,1695.6492
3.84,7.287693
11.95,15.012214
11.99,15.406947
2.99,6.32743
389.99,386.35214
11.99,15.23622
2.99,6.32743
600.0,596.709
8.97,6.32743
3.84,7.3181686
2.99,6.32743
2.99,6.32743
999.99,994.7814
11.99,15.376216
3.84,7.3181686
11.99,15.376216
3.84,7.287693
5.98,6.32743
389.99,387.12247
2.99,6.32743
11.95,15.031199
8.97,6.32743
150.0,148.6165
150.0,148.82901
2.99,6.32743
99.99,103.88673
11.99,15.406947
11.95,15.004449
5.98,6.32743
999.99,994.80945
149.99,147.2525
11.99,15.406947
11.99,15.406947
700.0,696.70764
379.99,376.1029
2.99,6.32743
700.0,696.70764
2.99,6.32743
14.95,17.981943
379.99,376.8746
29.9,17.981943
109.99,116.34036
7.68,7.287693
149.99,147.30376
11.95,15.004449
11.95,14.962919
99.99,103.30144
5.98,6.32743
11.95,14.962919
11.99,15.406947
11.99,15.406947
99.99,103.99736
109.99,116.79018
149.99,147.15523
11.95,14.962919
99.99,103.49425
600.0,596.1739
109.99,116.192635
149.99,147.0903
150.0,148.89484
14.95,17.981943
150.0,148.82901
11.95,15.004449
600.0,595.8439
35.85,15.004449
14.95,17.933777
11.95,15.012214
14.95,18.004467
99.99,103.703476
11.95,15.004449
11.99,15.26867
14.95,17.981943
11.95,15.004449
11.99,15.374248
149.99,146.93521
149.99,147.69244
1700.0,1695.3292
14.95,18.004467
150.0,148.6165
300.0,295.80435
2.99,6.32743
5.98,6.32743
1700.0,1696.1173
11.99,15.453925
389.99,386.8105
3.84,7.287693
99.99,103.811646
11.95,14.963883
11.99,15.453925
11.95,15.004449
150.0,148.82901
11.95,15.012214
11.95,15.012214
14.95,17.981943
14.95,17.981943
379.99,376.6002
3.84,7.287693
11.99,15.39894
1700.0,1696.0317
11.95,15.004449
11.99,15.376216
99.99,103.527
3.84,7.287693
2.99,6.32743
2.99,6.32743
11.95,14.963883
5.98,6.32743
11.99,15.374248
11.99,15.406947
2.99,6.32743
149.99,147.15535
300.0,296.9128
379.99,376.40332
11.95,15.004449
400.0,393.6818
14.95,17.981943
2.99,6.32743
150.0,148.88298
600.0,585.26215
150.0,148.82901
150.0,148.89484
379.99,376.18167
150.0,148.69675
150.0,148.69675
11.95,15.004449
400.0,392.40265
7.68,7.2700386
11.99,15.307935
700.0,696.70764
11.99,15.26867
109.99,115.97744
14.95,17.981943
2.99,6.32743
11.95,15.012214
3.84,7.287693
3.84,7.287693
5.98,6.32743
150.0,148.82901
300.0,296.1356
14.95,17.981943
99.99,103.424286
379.99,376.6002
11.99,15.374248
11.99,15.376216
11.95,15.004449
3.84,7.287693
300.0,295.8915
44.85,17.981943
11.99,15.307935
99.99,103.76638
11.95,15.004449
150.0,148.6165
150.0,148.89484
14.95,17.981943
2.99,6.32743
11.99,15.374248
379.99,376.40332
149.99,147.30376
14.95,17.981943
11.99,15.396972
11.95,14.963883
2.99,6.32743
149.99,146.86252
389.99,386.2449
11.95,15.004449
150.0,148.67563
150.0,148.89484
11.95,15.004449
149.99,147.34627
389.99,386.43832
11.95,15.004449
150.0,148.82901
149.99,147.11284
11.99,15.26867
600.0,595.8439
99.99,104.0632
11.95,15.004449
400.0,392.40265
149.99,147.11284
11.99,15.39894
99.99,103.708275
400.0,392.40265
300.0,296.83633
5.98,6.32743
99.99,103.7314
11.99,15.406947
2.99,6.32743
300.0,296.39377
11.95,15.004449
11.99,15.374248
11.99,15.376216
14.95,17.981943
99.99,103.7314
14.95,17.981943
700.0,696.45917
379.99,376.09906
2.99,6.32743
2.99,6.32743
700.0,696.45917
11.99,15.26867
1700.0,1696.1173
150.0,148.82901
99.99,103.424286
2.99,6.32743
99.99,103.806854
14.95,17.981943
389.99,386.23508
11.95,15.004449
14.95,17.981943
11.95,15.004449
8.97,6.32743
14.95,17.933777
149.99,146.82
11.95,15.004449
149.99,147.15535
3.84,7.287693
199.98,103.78875
1700.0,1695.6414
14.95,17.981943
11.99,15.453925
7.68,7.3099394
5.98,6.3160267
11.99,15.393273
7.68,7.287693
700.0,696.45917
1700.0,1696.016
700.0,696.62866
389.99,386.31033
11.95,15.004449
300.0,297.28616
5.98,6.32743
99.99,104.0632
150.0,148.88298
150.0,148.82901
400.0,392.40265
11.95,15.004449
700.0,696.45917
3.84,7.287693
11.5199995,7.287693
3.84,7.282076
149.99,146.86252
11.95,15.004449
3.84,7.3181686
11.99,15.374248
99.99,103.28905
2.99,6.32743
5.98,6.32743
11.95,15.004449
149.99,147.34627
109.99,116.490395
3.84,7.287693
2.99,6.32743
150.0,148.82901
14.95,18.004467
11.95,15.004449
600.0,596.709
389.99,386.35748
5.98,6.32743
109.99,116.031624
149.99,147.34627
379.99,378.0339
600.0,586.73315
23.9,15.012214
700.0,696.70764
149.99,146.82
999.99,994.7814
109.99,116.34036
11.99,15.26867
379.99,376.11343
300.0,295.6906
14.95,17.981943
700.0,696.8847
3.84,7.3181686
14.95,17.981943
99.99,103.83741
150.0,148.82901
5.98,6.32743
389.99,386.10904
11.95,15.031199
11.95,15.006886
700.0,696.45917
5.98,6.32743
3.84,7.287693
11.95,15.004449
379.99,376.44208
999.99,994.80945
109.99,116.34036
600.0,596.1739
23.98,15.376216
2.99,6.32743
11.95,15.012214
29.9,18.030027
700.0,696.8801
99.99,103.41979
11.95,15.004449
149.99,147.11284
2.99,6.32743
2.99,6.32743
3.84,7.287693
379.99,376.09906
11.95,15.031199
109.99,115.82349
14.95,18.030027
379.99,376.40332
11.99,15.374248
999.99,994.7814
11.95,15.004449
300.0,296.0217
14.95,17.981943
11.95,14.963883
300.0,296.2397
11.99,15.26867
2.99,6.32743
11.99,15.406947
149.99,147.21011
389.99,386.8119
99.99,104.081215
149.99,147.11284
11.99,15.376216
11.99,15.374248
14.95,17.981943
2.99,6.32743
389.99,386.67395
600.0,596.19214
14.95,17.981943
11.95,15.004449
150.0,148.82901
999.99,994.5261
150.0,148.82901
11.95,15.006886
149.99,147.0903
5.98,6.32743
14.95,17.981943
389.99,386.8105
7.68,7.287693
11.99,15.406947
600.0,595.96063
150.0,148.82901
3.84,7.287693
150.0,148.82901
600.0,596.0359
2.99,6.32743
14.95,18.004467
400.0,397.80524
150.0,148.6165
3.84,7.3181686
150.0,148.82901
11.99,15.307935
150.0,148.82901
389.99,386.43832
600.0,596.109
11.99,15.376216
11.95,15.004449
2.99,6.3160267
14.95,17.981943
14.95,17.933777
5.98,6.32743
1700.0,1695.473
29.9,17.981943
23.98,15.26867
99.99,103.7314
5.98,6.32743
3.84,7.3181686
700.0,697.1036
11.95,15.004449
11.95,14.9966135
11.95,15.012214
15.36,7.3181686
3.84,7.287693
11.99,15.26867
11.99,15.376216
11.95,15.004449
11.95,15.004449
11.95,14.963883
1700.0,1695.5743
2.99,6.32743
149.99,147.15535
600.0,596.0359
999.99,994.7814
389.99,386.36197
11.95,15.004449
389.99,386.09482
150.0,148.82901
14.95,17.981943
379.99,376.40332
379.99,376.1029
389.99,386.43832
700.0,696.62866
14.95,17.981943
11.99,15.376216
14.95,17.981943
11.99,15.406947
150.0,148.82901
379.99,376.40332
14.95,17.981943
14.95,17.981943
3.84,7.3181686
149.99,147.19774
389.99,386.2449
2.99,6.32743
3.84,7.287693
14.95,17.981943
389.99,386.02106
8.97,6.32743
379.99,376.83704
300.0,296.88416
150.0,148.82901
700.0,697.1036
149.99,147.15535
1700.0,1695.5743
600.0,586.73315
379.99,376.09906
3.84,7.287693
389.99,386.09482
389.99,386.2449
11.95,15.004449
29.9,17.981943
2.99,6.32743
99.99,103.3635
2.99,6.3160267
600.0,586.73315
8.97,6.32743
23.98,15.376216
400.0,392.40265
99.99,103.49425
11.99,15.406947
149.99,147.15535
109.99,116.09512
99.99,104.024155
8.97,6.32743
700.0,696.70764
14.95,17.981943
150.0,148.67047
14.95,17.981943
3.84,7.2700386
379.99,376.18167
29.9,17.981943
44.85,17.981943
700.0,697.1036
3.84,7.287693
109.99,116.19889
99.99,103.55503
14.95,17.933777
11.95,15.004449
14.95,17.981943
29.9,17.981943
7.68,7.287693
2.99,6.32743
11.5199995,7.287693
99.99,104.032646
600.0,596.5406
2.99,6.32743
8.97,6.32743
5.98,6.32743
8.97,6.32743
11.95,15.012214
3.84,7.282076
14.95,17.981943
11.99,15.374248
2.99,6.32743
29.9,17.981943
99.99,103.566826
11.95,14.963883
389.99,386.2449
11.99,15.376216
11.99,15.374248
11.99,15.376216
14.95,17.981943
3.84,7.287693
11.95,15.004449
14.95,17.981943
109.99,115.97744
1700.0,1695.6522
150.0,148.82901
389.99,386.33044
149.99,146.9049
2.99,6.32743
8.97,6.32743
99.99,103.634415
600.0,596.15265
99.99,103.88673
3.84,7.287693
11.99,15.307935
14.95,17.981943
109.99,115.84374
3.84,7.287693
2.99,6.32743
14.95,17.933777
700.0,696.45917
2.99,6.32743
999.99,994.7814
11.95,15.004449
400.0,392.40265
149.99,147.11284
7.68,7.287693
150.0,148.82901
109.99,116.15235
3.84,7.3181686
389.99,386.25772
149.99,147.15523
149.99,147.67162
99.99,103.34855
8.97,6.32743
11.95,15.004449
150.0,148.82901
11.99,15.393273
2.99,6.32743
389.99,386.67395
2.99,6.32743
300.0,148.88298
1700.0,1695.6492
700.0,696.62866
150.0,148.89484
150.0,148.89484
379.99,376.09906
99.99,103.83741
5.98,6.32743
11.95,15.012214
2.99,6.32743
11.95,14.970684
14.95,17.981943
11.99,15.396972
999.99,994.7814
150.0,148.7296
3.84,7.287693
600.0,595.96063
23.9,15.004449
14.95,17.981943
600.0,596.1739
11.95,15.004449
11.99,15.307935
14.95,17.981943
11.5199995,7.3099394
14.95,17.981943
999.99,994.7814
150.0,148.82901
3.84,7.287693
11.99,15.26867
11.99,15.376216
700.0,696.62866
11.95,14.963883
11.99,15.376216
14.95,18.004467
999.99,994.7814
11.95,15.012214
150.0,148.6165
3.84,7.287693
150.0,148.82901
3.84,7.3099394
11.99,15.374248
14.95,17.981943
14.95,18.030027
700.0,696.70764
2.99,6.32743
3.84,7.287693
99.99,103.77663
2.99,6.32743
150.0,148.82901
3.84,7.287693
149.99,147.15535
14.95,17.981943
700.0,696.45917
11.99,15.374248
379.99,376.403
150.0,148.67563
14.95,17.981943
700.0,696.62866
23.9,15.004449
600.0,596.5406
1700.0,1698.754
2.99,6.32743
11.95,15.004449
14.95,17.933777
2.99,6.32743
379.99,376.44208
99.99,103.12848
600.0,596.19214
379.99,376.2752
150.0,148.82901
3.84,7.3181686
14.95,17.981943
3.84,7.2700386
379.99,376.09906
5.98,6.32743
99.99,103.67036
3.84,7.287693
14.95,17.981943
99.99,103.83741
3.84,7.3181686
14.95,17.981943
999.99,994.7814
150.0,148.82901
11.5199995,7.2700386
2.99,6.32743
150.0,148.82901
1700.0,1695.6522
14.95,17.981943
23.98,15.374248
999.99,994.80945
109.99,116.031624
1700.0,1697.0292
3.84,7.287693
3.84,7.2700386
11.99,15.1750145
389.99,386.4695
11.95,15.012214
11.99,15.39894
150.0,148.89484
150.0,148.6165
700.0,696.70764
11.99,15.376216
11.95,15.004449
3.84,7.3181686
8.97,6.32743
99.99,103.87749
99.99,104.58104
400.0,392.3747
2.99,6.32743
11.99,15.26867
150.0,148.6165
1700.0,1694.8447
700.0,696.45917
11.95,15.004449
3.84,7.3181686
7.68,7.3099394
14.95,17.981943
300.0,295.68372
379.99,377.40094
8.97,6.32743
11.95,15.004449
150.0,148.6165
7.68,7.287693
999.99,994.7814
600.0,585.26215
14.95,17.981943
99.99,103.424286
29.9,17.981943
7.68,7.287693
150.0,148.48424
2.99,6.32743
700.0,696.45917
14.95,17.981943
35.85,15.004449
29.9,17.981943
700.0,697.1036
14.95,17.933777
2.99,6.32743
5.98,6.32743
99.99,103.87749
23.9,15.004449
14.95,17.981943
14.95,17.933777
11.99,15.376216
11.95,14.962919
3.84,7.287693
2.99,6.32743
3.84,7.2700386
7.68,7.287693
11.99,15.26867
14.95,17.981943
11.95,15.004449
11.99,15.406947
14.95,18.004467
700.0,707.52527
300.0,298.32
2.99,6.32743
389.99,386.26007
11.99,15.376216
700.0,696.70764
2.99,6.32743
11.99,15.26867
1700.0,1695.6401
379.99,380.46082
379.99,376.09906
14.95,17.981943
8.97,6.32743
11.95,15.004449
1700.0,1695.3777
99.99,103.637245
300.0,295.4771
150.0,148.82901
99.99,103.79724
11.99,15.376216
149.99,146.93521
300.0,297.18478
999.99,994.7814
23.9,15.012214
150.0,148.89484
3.84,7.287693
29.9,17.981943
3.84,7.3099394
14.95,18.004467
11.95,15.023435
29.9,17.981943
150.0,148.82901
150.0,148.82901
11.99,15.376216
2.99,6.32743
300.0,297.54474
14.95,17.981943
11.95,15.004449
379.99,376.4174
149.99,147.0903
149.99,147.0903
99.99,103.88673
2.99,6.32743
23.98,15.406947
5.98,6.3160267
2.99,6.32743
150.0,148.82901
150.0,148.69675
150.0,148.82901
11.99,15.374248
11.95,15.012214
300.0,296.81363
3.84,7.2700386
2.99,6.32743
600.0,595.8439
23.9,15.012214
2.99,6.3160267
99.99,103.83741
14.95,17.981943
300.0,295.9378
379.99,376.18167
7.68,7.287693
44.85,17.981943
3.84,7.287693
11.95,15.023435
8.97,6.32743
14.95,17.981943
2.99,6.32743
23.9,15.031746
2.99,6.3160267
149.99,146.82
14.95,17.981943
700.0,697.3461
149.99,147.19774
3.84,7.287693
99.99,103.99217
99.99,103.424286
11.95,15.012214
2.99,6.32743
11.99,15.406947
7.68,7.287693
11.99,15.26867
150.0,148.82901
14.95,17.981943
11.95,14.970684
149.99,147.11284
379.99,375.89178
600.0,595.96063
3.84,7.3181686
99.99,103.76638
600.0,596.0359
11.99,15.374248
389.99,386.65384
11.99,15.376216
35.97,15.376216
14.95,17.981943
2.99,6.32743
150.0,148.82901
3.84,7.287693
14.95,17.981943
109.99,116.411575
14.95,17.933777
600.0,585.26215
11.95,15.004449
300.0,295.9541
379.99,377.1137
300.0,297.76996
2.99,6.32743
600.0,585.26215
109.99,115.880714
3.84,7.287693
11.99,15.374248
2.99,6.32743
149.99,147.15535
11.95,15.004449
11.99,15.376216
3.84,7.287693
600.0,596.0359
99.99,103.28905
11.95,15.004449
1700.0,1695.5743
389.99,386.35245
700.0,696.45917
11.99,15.406947
149.99,147.15535
600.0,595.8439
999.99,994.7814
11.99,15.374248
7.68,7.2700386
11.95,15.004449
2.99,6.32743
3.84,7.287693
149.99,147.15523
11.99,15.406947
14.95,17.933777
11.95,15.004449
389.99,386.43832
389.99,386.25772
11.95,14.963883
109.99,115.82846
11.99,15.26867
389.99,386.26007
11.99,15.39894
11.99,15.406947
11.95,15.004449
2.99,6.3160267
109.99,116.19889
300.0,296.3207
15.36,7.287693
35.97,15.406947
150.0,148.82901
150.0,148.82901
99.99,103.77663
11.95,15.004449
11.99,15.406947
11.99,15.406947
11.95,14.9966135
11.99,15.406947
11.99,15.307935
11.95,14.962919
389.99,386.35748
3.84,7.287693
11.99,15.307935
8.97,6.32743
99.99,103.79724
389.99,386.67395
11.95,15.004449
700.0,697.1036
389.99,386.00906
2.99,6.32743
2.99,6.32743
11.99,15.376216
11.95,15.012214
2.99,6.32743
2.99,6.32743
11.95,15.012214
600.0,596.0359
109.99,115.90097
600.0,596.5406
389.99,386.26007
3.84,7.287693
600.0,586.73315
5.98,6.32743
14.95,17.981943
99.99,103.99736
2.99,6.32743
300.0,297.12726
379.99,376.41882
14.95,17.933777
14.95,17.981943
11.95,15.012214
600.0,596.15265
11.99,15.374248
11.95,15.004449
11.99,15.376216
149.99,147.69244
14.95,17.981943
99.99,103.55503
99.99,103.87749
11.95,15.004449
11.99,15.307935
23.9,14.962919
23.9,15.004449
600.0,586.73315
3.84,7.287693
11.5199995,7.287693
14.95,17.981943
600.0,595.9819
14.95,17.981943
99.99,103.70015
149.99,147.11284
11.95,15.004449
400.0,392.3747
150.0,148.82901
389.99,386.2449
14.95,17.981943
8.97,6.32743
149.99,146.86252
99.99,103.85617
149.99,147.15535
150.0,148.88298
11.99,15.374248
11.95,15.012214
150.0,148.82901
11.99,15.406947
700.0,696.70764
29.9,17.933777
700.0,696.8847
700.0,696.45917
150.0,148.82901
11.95,15.004449
389.99,386.2449
379.99,377.55252
700.0,697.1036
400.0,392.40265
14.95,18.055319
3.84,7.287693
14.95,17.981943
700.0,696.45917
2.99,6.3160267
2.99,6.32743
389.99,386.11353
3.84,7.287693
999.99,994.7814
150.0,148.88298
700.0,696.70764
11.99,15.406947
14.95,17.981943
23.9,14.963883
3.84,7.287693
11.95,14.992779
600.0,596.0359
11.95,14.963883
11.95,15.004449
700.0,696.70764
14.95,17.981943
14.95,17.981943
2.99,6.32743
600.0,595.96063
600.0,596.19214
300.0,148.82901
14.95,17.981943
11.99,15.374248
149.99,147.15535
99.99,103.12848
14.95,17.981943
149.99,146.86252
379.99,376.40332
600.0,596.0359
149.99,147.11284
3.84,7.287693
11.95,15.023435
400.0,392.40265
11.95,15.004449
3.84,7.287693
150.0,148.6165
389.99,386.2449
11.99,15.307935
400.0,392.40265
99.99,104.20309
99.99,103.70015
389.99,386.35645
11.99,15.376216
11.95,15.012214
11.95,15.004449
1700.0,1695.6522
3.84,7.3099394
14.95,17.981943
14.95,17.981943
11.95,14.962919
150.0,148.82901
11.99,15.23622
2.99,6.32743
99.99,103.83741
3.84,7.3181686
11.96,6.32743
379.99,376.4174
389.99,386.25772
14.95,17.981943
1700.0,1695.6401
389.99,388.36035
3.84,7.287693
14.95,17.981943
999.99,994.7814
150.0,148.82901
3.84,7.3181686
389.99,386.67395
14.95,17.981943
150.0,148.88298
300.0,296.38327
11.95,15.012214
999.99,994.7814
1700.0,1695.6675
379.99,376.09906
11.99,15.376216
11.99,15.26867
379.99,376.58472
3.84,7.287693
11.95,15.004449
1700.0,1699.0679
600.0,596.15265
379.99,376.09906
400.0,393.22757
149.99,147.15535
5.98,6.32743
99.99,103.708275
400.0,397.3452
11.95,15.004449
35.85,15.004449
99.99,103.620766
2.99,6.32743
11.95,15.004449
600.0,595.96063
14.95,17.981943
14.95,17.981943
389.99,386.35645
150.0,148.82901
99.99,103.7056
99.99,103.76638
11.99,15.376216
11.99,15.406947
14.95,17.981943
99.99,103.5217
14.95,17.981943
11.99,15.26867
11.99,15.374248
3.84,7.287693
11.99,15.1750145
3.84,7.287693
3.84,7.287693
700.0,696.70764
11.99,15.26867
14.95,17.933777
11.95,15.004449
8.97,6.32743
11.95,15.012214
2.99,6.32743
11.99,15.376216
149.99,147.03249
149.99,147.11284
999.99,994.7814
5.98,6.32743
1700.0,1695.3292
99.99,103.83741
11.99,15.26867
379.99,376.44208
11.99,15.406947
14.95,17.933777
14.95,17.981943
11.95,15.004449
14.95,18.004467
3.84,7.287693
150.0,148.82901
23.9,15.004449
109.99,115.95189
11.95,15.004449
11.95,15.004449
8.97,6.32743
14.95,17.981943
150.0,148.88298
999.99,994.7814
14.95,17.981943
2.99,6.32743
5.98,6.32743
2.99,6.32743
11.95,15.004449
5.98,6.32743
11.99,15.374248
150.0,148.82901
99.99,103.620766
5.98,6.32743
300.0,296.2397
99.99,104.52697
400.0,392.5175
150.0,148.67563
1700.0,1695.3292
11.96,6.32743
14.95,17.981943
23.98,15.26867
14.95,17.981943
14.95,17.981943
2.99,6.32743
300.0,296.92328
29.9,17.933777
5.98,6.32743
7.68,7.287693
109.99,116.14038
700.0,696.62866
3.84,7.287693
14.95,17.981943
11.99,15.39894
389.99,386.4695
5.98,6.32743
600.0,596.5406
14.95,17.933777
149.99,147.15535
2.99,6.32743
149.99,147.34627
11.96,6.32743
600.0,596.109
20.93,6.32743
11.99,15.376216
8.97,6.32743
300.0,297.27124
5.98,6.32743
389.99,386.36197
7.68,7.282076
11.99,15.406947
150.0,148.82901
11.95,15.004449
700.0,696.45917
14.95,17.981943
14.95,17.981943
14.95,17.981943
3.84,7.3181686
389.99,387.01276
389.99,386.43832
300.0,296.0082
150.0,148.82901
150.0,148.82901
14.95,17.981943
99.99,103.43608
600.0,596.709
600.0,596.82574
99.99,103.50367
14.95,17.981943
23.9,15.023435
99.99,103.703476
5.98,6.32743
150.0,148.82901
389.99,386.1648
3.84,7.3181686
99.99,103.88673
14.95,17.981943
99.99,103.8157
3.84,7.287693
11.99,15.376216
600.0,586.73315
700.0,696.45917
379.99,376.40332
149.99,147.11284
379.99,376.5651
150.0,148.67563
11.95,15.031199
11.95,15.004449
3.84,7.287693
300.0,296.4624
150.0,148.75072
99.99,103.393036
150.0,148.82901
1700.0,1700.1537
11.99,15.423194
149.99,147.19774
2.99,6.32743
11.95,15.012214
150.0,148.69675
14.95,18.030027
11.95,15.004449
700.0,696.45917
2.99,6.32743
150.0,148.6165
5.98,6.32743
7.68,7.287693
2.99,6.32743
700.0,696.45917
3.84,7.287693
11.99,15.26867
149.99,147.15535
1700.0,1695.5613
600.0,596.19214
2.99,6.32743
29.9,17.981943
14.95,17.981943
999.99,994.7814
2.99,6.32743
11.99,15.376216
149.99,146.72758
3.84,7.2700386
14.95,17.981943
11.99,15.376216
379.99,376.44208
14.95,17.981943
11.95,15.012214
11.99,15.374248
109.99,116.192635
11.95,15.012214
11.95,15.012214
11.95,15.004449
150.0,148.82901
2.99,6.32743
2.99,6.32743
999.99,994.7814
150.0,148.82901
3.84,7.287693
150.0,148.69675
99.99,103.43608
7.68,7.287693
150.0,148.88298
5.98,6.32743
99.99,105.21419
14.95,17.981943
379.99,376.09906
11.99,15.376216
150.0,148.82901
379.99,376.09906
11.99,15.26867
150.0,148.82901
150.0,148.82901
99.99,103.934364
99.99,103.76638
11.99,15.429671
150.0,148.82901
11.99,15.393273
11.95,15.023435
3.84,7.287693
23.98,15.26867
5.98,6.32743
3.84,7.2700386
3.84,7.287693
1700.0,1694.8447
150.0,148.89484
389.99,386.8119
999.99,994.7814
109.99,116.23186
11.99,15.26867
2.99,6.32743
3.84,7.287693
11.95,15.004449
14.95,18.030027
3.84,7.287693
1700.0,1695.6414
11.99,15.374248
3.84,7.287693
379.99,376.8746
14.95,17.933777
14.95,17.981943
11.95,15.004449
11.96,6.32743
3.84,7.287693
300.0,296.92328
11.99,15.374248
7.68,7.287693
2.99,6.32743
109.99,116.18341
14.95,17.981943
3.84,7.287693
11.99,15.374248
2.99,6.32743
1700.0,1695.3292
29.9,17.981943
7.68,7.287693
11.99,15.429671
14.95,17.981943
11.95,15.004449
150.0,148.82901
389.99,386.09482
5.98,6.3160267
14.95,17.981943
99.99,104.05471
3.84,7.287693
99.99,103.637245
23.9,15.004449
109.99,116.15235
150.0,148.69675
2.99,6.32743
14.95,17.981943
149.99,146.8624
389.99,386.17462
99.99,103.620766
379.99,376.09906
99.99,103.8157
3.84,7.287693
99.99,103.694984
11.95,15.004449
999.99,994.7814
600.0,596.109
99.99,103.99217
300.0,295.9541
700.0,696.45917
23.98,15.26867
11.95,15.004449
379.99,376.09906
109.99,116.34036
3.84,7.287693
3.84,7.287693
14.95,17.981943
11.95,15.004449
379.99,376.40332
2.99,6.32743
14.95,18.030027
11.95,14.963883
150.0,148.6165
150.0,148.69675
11.99,15.376216
150.0,149.0668
149.99,147.34627
11.95,15.012214
149.99,147.15535
3.84,7.287693
2.99,6.32743
11.95,15.004449
2.99,6.32743
23.9,15.004449
109.99,116.19889
5.98,6.32743
7.68,7.287693
14.95,18.030027
700.0,696.45917
2.99,6.3160267
149.99,147.11284
150.0,148.82901
3.84,7.287693
150.0,148.82901
3.84,7.287693
3.84,7.287693
11.99,15.453925
3.84,7.287693
11.95,15.004449
11.95,15.006886
1700.0,1695.6522
150.0,148.89484
389.99,386.42328
5.98,6.32743
14.95,18.004467
99.99,103.32522
99.99,104.62093
389.99,386.28217
23.9,15.012214
23.9,15.004449
11.99,15.39894
11.95,15.004449
150.0,148.82901
14.95,17.981943
1700.0,1695.3777
2.99,6.32743
150.0,148.89484
3.84,7.287693
999.99,994.7814
99.99,103.83577
11.95,14.9488125
379.99,376.09906
150.0,148.89484
700.0,696.62866
2.99,6.32743
14.95,17.981943
11.99,15.376216
150.0,148.89484
150.0,148.82901
999.99,994.7814
999.99,994.7814
11.99,15.374248
109.99,116.34036
3.84,7.287693
999.99,994.7814
5.98,6.32743
300.0,296.3207
99.99,103.708275
389.99,386.17462
2.99,6.32743
11.99,15.406947
600.0,585.26215
15.36,7.287693
5.98,6.32743
5.98,6.32743
1700.0,1696.1173
11.95,15.004449
11.99,15.393273
3.84,7.287693
14.95,17.981943
11.95,15.004449
11.99,15.376216
14.95,18.386488
99.99,103.7314
14.95,17.981943
5.98,6.32743
11.99,15.374248
14.95,17.981943
389.99,386.35245
99.99,103.606384
23.98,15.307935
1700.0,1697.985
14.95,17.981943
11.95,14.963883
2.99,6.32743
150.0,148.82901
150.0,148.67563
11.99,15.376216
14.95,18.030027
11.99,15.26867
700.0,696.45917
11.99,15.376216
11.99,15.307935
2.99,6.32743
11.99,15.39894
14.95,17.981943
7.68,7.287693
150.0,148.75072
99.99,103.9533
2.99,6.32743
11.99,15.23622
700.0,696.70764
14.95,18.030027
379.99,376.1029
5.98,6.32743
389.99,386.36197
149.99,147.15535
11.95,15.004449
149.99,147.15535
7.68,7.287693
99.99,103.92633
149.99,147.19774
11.95,15.004449
99.99,103.424286
7.68,7.287693
600.0,595.96063
14.95,17.981943
14.95,17.981943
150.0,148.82901
11.99,15.376216
150.0,148.82901
379.99,375.89178
11.99,15.26867
3.84,7.287693
389.99,386.43832
11.95,14.9966135
2.99,6.32743
2.99,6.32743
14.95,18.004467
150.0,148.6165
379.99,376.4174
11.95,15.004449
7.68,7.287693
600.0,596.709
300.0,296.3207
3.84,7.2700386
11.99,15.23622
8.97,6.32743
999.99,994.7814
99.99,103.68212
149.99,147.15535
149.99,147.11284
2.99,6.32743
150.0,148.88298
150.0,148.82901
7.68,7.287693
14.95,17.933777
1700.0,1695.6127
11.95,15.004449
400.0,392.40265
1700.0,1695.3292
389.99,389.35236
11.95,15.004449
389.99,386.07486
99.99,103.22943
14.95,17.981943
11.95,15.004449
379.99,376.44208
3.84,7.287693
2.99,6.32743
11.99,15.376216
389.99,386.43832
99.99,103.79724
11.95,15.004449
300.0,297.61258
11.99,15.376216
150.0,148.54337
11.95,15.004449
5.98,6.32743
150.0,148.82901
389.99,386.35245
379.99,376.91418
2.99,6.3160267
999.99,994.7814
1700.0,1696.0317
11.99,15.406947
14.95,17.981943
11.95,15.004449
14.95,17.981943
3.84,7.287693
11.99,15.330659
7.68,7.287693
700.0,696.62866
150.0,148.82901
14.95,17.981943
35.85,15.004449
700.0,696.45917
150.0,148.89484
999.99,994.7814
99.99,103.99217
999.99,994.7814
11.99,15.374248
999.99,994.7814
700.0,696.62866
2.99,6.32743
5.98,6.32743
99.99,103.79724
11.95,15.004449
3.84,7.3181686
11.95,15.004449
150.0,148.69675
600.0,595.96063
600.0,586.73315
600.0,596.19214
149.99,147.11284
14.95,17.981943
5.98,6.32743
400.0,393.6818
219.98,116.540596
23.9,15.004449
11.99,15.429671
389.99,386.2449
14.95,17.981943
700.0,696.62866
1700.0,1695.6401
23.9,15.004449
11.99,15.374248
11.99,15.406947
11.99,15.406947
14.95,17.981943
5.98,6.506794
11.95,15.004449
149.99,147.30376
149.99,147.11284
99.99,103.70015
3.84,7.287693
109.99,116.192635
150.0,148.82901
14.95,17.981943
999.99,994.7814
2.99,6.32743
99.99,103.76638
389.99,386.26007
389.99,398.0099
1700.0,1695.6522
109.99,116.19889
2.99,6.32743
700.0,697.3461
8.97,6.32743
1700.0,1698.0223
600.0,596.19214
99.99,104.0632
23.9,15.004449
600.0,596.19214
14.95,17.981943
300.0,297.28616
2.99,6.32743
11.99,15.406947
700.0,697.1036
7.68,7.287693
14.95,17.981943
11.99,15.406947
11.95,15.012214
11.95,15.004449
14.95,17.981943
600.0,596.0359
149.99,146.82
150.0,148.82901
400.0,392.40265
3.84,7.287693
11.99,15.406947
5.98,6.32743
600.0,596.19214
1700.0,1695.6522
5.98,6.32743
2.99,6.32743
11.95,15.004449
14.95,17.981943
3.84,7.287693
11.99,15.374248
150.0,148.89484
14.95,17.981943
389.99,386.67395
999.99,994.7814
2.99,6.32743
99.99,103.424286
7.68,7.287693
99.99,103.620766
1700.0,1697.8785
2.99,6.32743
1700.0,1699.0679
11.99,15.374248
379.99,376.44208
23.9,15.012214
23.9,15.004449
109.99,115.73779
99.99,103.67036
11.99,15.406947
14.95,17.981943
11.99,15.406947
3.84,7.287693
2.99,6.32743
5.98,6.32743
11.95,15.023435
700.0,697.3461
14.95,17.933777
2.99,6.32743
2.99,6.32743
11.95,15.004449
99.99,103.811646
600.0,586.73315
2.99,6.3160267
389.99,387.12247
600.0,596.0359
14.95,17.981943
11.99,15.376216
2.99,6.32743
389.99,386.26007
999.99,994.7814
3.84,7.287693
379.99,377.6057
11.95,14.9488125
199.98,103.98368
8.97,6.8192496
2.99,6.32743
11.95,15.012214
3.84,7.287693
379.99,375.89178
1700.0,1695.6414
1700.0,1709.7152
11.99,15.376216
23.9,15.004449
14.95,17.981943
3.84,7.287693
14.95,17.981943
700.0,696.45917
389.99,386.1166
379.99,376.40332
600.0,596.847
11.99,15.376216
150.0,148.82901
600.0,596.109
11.95,15.004449
2.99,6.32743
11.99,15.26867
400.0,392.40265
600.0,596.0359
999.99,994.7814
11.99,15.376216
2.99,6.32743
14.95,17.981943
600.0,596.5406
11.95,15.012214
7.68,7.287693
7.68,7.287693
11.95,15.004449
7.68,7.287693
600.0,596.19214
99.99,104.05471
150.0,148.89484
11.95,15.023435
7.68,7.287693
5.98,6.32743
1700.0,1695.6401
150.0,148.67563
23.9,15.004449
400.0,392.40265
149.99,147.34627
700.0,696.62866
23.98,15.406947
11.96,6.32743
600.0,596.0359
11.99,15.406947
11.5199995,7.287693
1700.0,1695.6401
14.95,18.030027
5.98,6.32743
3.84,7.3181686
99.99,103.83741
2.99,6.506794
150.0,148.82901
14.95,17.981943
3.84,7.287693
700.0,696.45917
99.99,103.83741
14.95,17.981943
14.95,6.32743
11.99,15.374248
150.0,148.82901
600.0,596.0359
600.0,596.709
99.99,103.9268
3.84,7.3099394
2.99,6.32743
3.84,7.287693
2.99,6.32743
150.0,148.89484
5.98,6.32743
3.84,7.3099394
11.95,15.004449
1700.0,1698.9241
23.9,15.004449
99.99,103.475296
99.99,103.23119
150.0,148.6165
11.95,15.004449
700.0,697.3461
11.95,15.004449
99.99,103.85617
8.97,6.32743
14.95,17.981943
11.99,15.23622
2.99,6.3160267
14.95,17.981943
2.99,6.32743
300.0,296.3335
14.95,17.981943
11.95,15.004449
99.99,103.9268
2.99,6.32743
11.99,15.374248
11.95,15.012214
5.98,6.32743
11.99,15.429671
11.95,15.012214
379.99,376.40332
14.95,17.981943
109.99,116.19889
150.0,148.82901
389.99,386.17462
150.0,148.6165
11.96,6.32743
149.99,147.15535
11.95,14.9488125
14.95,18.004467
150.0,148.82901
11.95,15.012214
999.99,994.7814
99.99,103.77663
3.84,7.2700386
99.99,103.57149
11.95,15.004449
14.95,17.981943
99.99,103.7056
2.99,6.32743
149.99,146.82
99.99,103.75491
99.99,103.28905
150.0,148.82901
99.99,104.05471
14.95,17.981943
3.84,7.287693
99.99,103.934364
14.95,17.981943
29.9,17.981943
3.84,7.287693
11.95,14.962919
600.0,596.0359
300.0,297.54474
14.95,17.981943
11.95,14.963883
11.95,15.012214
11.99,15.26867
14.95,17.981943
11.95,15.004449
3.84,7.287693
11.99,15.23622
14.95,17.981943
99.99,103.76638
389.99,386.42328
379.99,378.90173
99.99,104.005394
11.99,15.376216
11.95,15.004449
11.99,15.453925
3.84,7.287693
99.99,103.527
600.0,596.709
99.99,103.92633
150.0,148.82901
99.99,104.38631
23.98,15.23622
11.99,15.406947
700.0,696.45917
11.99,15.406947
300.0,296.13287
700.0,696.70764
2.99,6.506794
2.99,6.32743
1700.0,1698.9241
7.68,7.287693
999.99,994.7814
11.99,15.406947
600.0,596.15265
11.99,15.376216
11.99,15.374248
150.0,148.82901
149.99,146.9776
150.0,148.82901
14.95,17.981943
3.84,7.287693
600.0,595.8439
300.0,296.33118
11.95,15.004449
379.99,378.80988
400.0,392.40265
150.0,148.82901
999.99,994.7814
3.84,7.287693
11.99,15.376216
11.99,15.26867
11.95,15.004449
23.9,15.006886
149.99,147.30376
389.99,386.15256
379.99,376.40332
389.99,386.28217
149.99,147.15535
2.99,6.32743
149.99,147.11284
2.99,6.32743
150.0,148.69675
11.5199995,7.287693
300.0,296.24402
99.99,103.9268
14.95,17.981943
1700.0,1695.3292
400.0,392.40265
11.99,15.39894
23.9,15.004449
1700.0,1695.6522
379.99,376.09906
11.95,14.963883
14.95,17.981943
3.84,7.287693
389.99,386.28217
99.99,103.99736
14.95,18.030027
14.95,17.981943
11.99,15.376216
11.96,6.32743
150.0,148.82901
99.99,105.77765
11.95,15.012214
149.99,147.0903
11.95,15.012214
3.84,7.287693
300.0,296.72626
150.0,148.88298
14.95,17.981943
300.0,295.80002
11.95,15.023435
99.99,103.57149
99.99,103.499176
14.95,17.981943
11.95,15.006886
5.98,6.3160267
99.99,103.57149
11.5199995,7.287693
700.0,696.70764
99.99,104.005394
99.99,103.424286
999.99,994.7814
5.98,6.3160267
11.99,15.374248
2.99,6.32743
379.99,376.5651
11.95,15.004449
389.99,386.35214
389.99,386.0497
29.9,17.981943
11.99,15.26867
11.95,15.012214
379.99,376.40332
11.99,15.374248
150.0,148.82901
150.0,148.82901
150.0,148.6165
999.99,994.7814
11.99,15.376216
11.95,15.004449
999.99,994.7814
11.95,15.004449
109.99,115.974396
11.95,15.004449
389.99,386.8105
600.0,595.8439
3.84,7.3099394
2.99,6.32743
389.99,386.108
5.98,6.32743
700.0,696.45917
150.0,148.89484
14.95,17.981943
99.99,103.83741
11.95,15.004449
2.99,6.32743
600.0,585.26215
11.95,15.004449
700.0,696.70764
3.84,7.287693
11.95,14.970684
600.0,585.26215
379.99,376.40332
379.99,376.58472
2.99,6.32743
14.95,18.030027
14.95,17.981943
3.84,7.287693
99.99,103.79724
11.99,15.406947
11.95,15.004449
300.0,148.82901
11.99,15.406947
150.0,148.9488
1700.0,1698.9241
7.68,7.2700386
14.95,17.981943
11.95,15.004449
11.95,14.963883
11.95,15.004449
11.95,15.004449
11.99,15.374248
389.99,386.67395
11.99,15.374248
8.97,6.32743
150.0,148.89484
600.0,596.19214
150.0,148.82901
99.99,103.28905
3.84,7.287693
11.95,15.004449
2.99,6.32743
11.99,15.374248
300.0,296.2397
109.99,115.974396
109.99,116.283134
400.0,392.40265
109.99,115.880714
7.68,7.287693
8.97,6.3160267
99.99,103.36843
3.84,7.3181686
99.99,103.761986
1700.0,1697.985
389.99,386.4695
150.0,148.88298
23.98,15.376216
389.99,386.07935
389.99,386.2449
11.95,15.004449
150.0,148.82901
109.99,116.36848
1700.0,1695.6401
11.95,15.012214
7.68,7.2700386
11.99,15.307935
300.0,295.9378
11.99,15.406947
150.0,148.67563
11.95,15.004449
11.95,15.004449
300.0,297.76996
400.0,392.5175
11.95,15.004449
300.0,296.2497
11.95,15.004449
389.99,386.02106
99.99,103.57149
700.0,713.677
11.95,15.004449
999.99,994.7814
3.84,7.287693
700.0,696.45917
149.99,146.82
379.99,376.40332
11.99,15.374248
700.0,696.45917
3.84,7.3181686
99.99,103.620766
11.95,15.004449
2.99,6.32743
99.99,103.55503
379.99,376.4174
44.85,18.030027
149.99,147.15535
400.0,392.40265
600.0,586.73315
11.99,15.376216
150.0,148.82901
99.99,103.424286
2.99,6.32743
14.95,17.933777
149.99,147.19774
150.0,148.82901
389.99,386.43832
150.0,148.88298
11.95,15.004449
11.95,14.962919
1700.0,1695.6522
99.99,103.09601
2.99,6.32743
99.99,103.95302
999.99,994.7814
11.5199995,7.3181686
11.95,15.004449
3.84,7.287693
379.99,376.18167
14.95,17.981943
600.0,595.9819
11.99,15.26867
2.99,6.3160267
700.0,696.70764
149.99,147.11284
3.84,7.287693
379.99,376.40332
999.99,994.7814
14.95,17.933777
150.0,148.88298
389.99,385.9542
11.95,15.004449
11.99,15.39894
99.99,103.424286
11.95,15.004449
99.99,103.92633
11.95,15.012214
11.95,15.004449
700.0,696.8801
14.95,17.981943
3.84,7.287693
99.99,103.22943
11.99,15.376216
11.95,15.004449
150.0,148.82901
2.99,6.32743
999.99,994.7814
11.95,15.004449
700.0,696.62866
14.95,17.981943
389.99,385.95078
2.99,6.506794
11.95,15.004449
1700.0,1696.1064
23.9,15.004449
379.99,376.44208
2.99,6.32743
150.0,148.6165
14.95,17.981943
150.0,148.67563
109.99,116.490395
389.99,388.3563
149.99,147.11284
11.99,15.406947
7.68,7.3181686
300.0,297.0439
150.0,148.82901
379.99,376.09906
300.0,296.2497
2.99,6.32743
2.99,6.32743
3.84,7.287693
14.95,17.981943
11.99,15.393273
1700.0,1695.6522
1700.0,1695.3292
150.0,148.82901
389.99,386.67395
389.99,386.28217
11.99,15.376216
11.99,15.406947
2.99,6.32743
3.84,7.287693
379.99,376.44208
99.99,103.42793
150.0,148.88298
3.84,7.287693
14.95,17.981943
389.99,386.33044
700.0,696.70764
3.84,7.287693
14.95,17.933777
14.95,17.981943
99.99,104.047066
2.99,6.32743
2.99,6.32743
11.99,15.374248
379.99,376.40332
2.99,6.32743
99.99,104.04535
11.95,15.004449
379.99,376.11343
15.36,7.287693
300.0,296.72626
2.99,6.32743
99.99,103.761986
11.95,14.963883
300.0,295.71936
11.95,15.023435
2.99,6.32743
11.99,15.406947
99.99,104.047066
11.99,15.307935
600.0,596.5406
3.84,7.287693
379.99,376.40332
23.98,15.376216
300.0,296.38327
11.95,15.004449
11.95,15.012214
149.99,147.15535
149.99,147.21011
600.0,596.0359
11.95,15.004449
3.84,7.2700386
600.0,595.8439
600.0,595.96063
379.99,376.44208
99.99,104.032646
300.0,297.22357
999.99,994.7814
300.0,297.28616
150.0,148.89484
150.0,148.82901
14.95,17.981943
300.0,296.72626
11.95,15.012214
14.95,17.981943
11.99,15.406947
2.99,6.32743
3.84,7.287693
700.0,696.45917
300.0,148.82901
14.95,17.981943
99.99,104.0632
11.95,14.962919
379.99,376.40332
2.99,6.506794
7.68,7.3099394
1700.0,1698.5653
8.97,6.32743
600.0,596.19214
2.99,6.32743
700.0,697.1036
700.0,696.70764
11.95,14.962919
379.99,376.44208
150.0,148.82901
11.95,14.9966135
1700.0,1696.0317
700.0,696.45917
11.95,14.963883
14.95,17.981943
150.0,148.82901
1700.0,1695.6522
99.99,103.89625
150.0,148.6165
11.99,15.376216
99.99,103.83741
23.9,15.012214
14.95,17.981943
700.0,696.45917
11.99,15.406947
700.0,696.45917
150.0,148.82901
11.99,15.26867
379.99,378.90173
14.95,17.933777
11.99,15.26867
150.0,148.69675
11.99,15.307935
14.95,17.981943
999.99,994.7814
149.99,147.15535
2.99,6.32743
11.99,15.406947
11.99,15.376216
2.99,6.32743
2.99,6.32743
3.84,7.3181686
14.95,18.004467
11.95,15.004449
2.99,6.32743
14.95,17.981943
8.97,6.32743
5.98,6.32743
149.99,147.0903
11.95,15.004449
150.0,148.69675
2.99,6.32743
11.95,15.004449
149.99,146.9049
14.95,17.981943
150.0,148.82901
35.97,15.26867
14.95,17.933777
150.0,148.67563
11.95,15.012214
7.68,7.2700386
700.0,696.62866
600.0,595.8439
11.99,15.376216
150.0,148.69675
5.98,6.32743
109.99,116.26111
14.95,17.981943
11.95,15.004449
11.95,15.004449
23.9,15.004449
14.95,17.981943
300.0,296.33118
23.9,15.012214
14.95,17.981943
3.84,7.287693
300.0,297.07736
11.95,15.012214
11.99,15.429671
14.95,17.981943
99.99,103.6395
109.99,115.82846
150.0,148.69675
150.0,148.69675
3.84,7.287693
300.0,295.9378
379.99,376.09906
3.84,7.3099394
3.84,7.3181686
379.99,376.18167
600.0,596.0359
14.95,17.981943
11.95,15.004449
7.68,7.3181686
11.95,15.004449
99.99,103.424286
99.99,103.52332
1700.0,1694.8447
389.99,386.1648
11.99,15.406947
379.99,379.2281
14.95,17.933777
14.95,17.981943
2.99,6.32743
14.95,17.981943
14.95,17.981943
3.84,7.287693
3.84,7.287693
5.98,6.506794
11.95,15.004449
11.95,15.012214
14.95,17.981943
2.99,6.32743
23.98,15.374248
11.95,15.004449
150.0,148.67563
11.95,15.004449
300.0,296.22922
700.0,696.70764
11.95,15.004449
3.84,7.287693
600.0,595.96063
150.0,148.88298
149.99,147.34627
150.0,148.69675
14.95,17.933777
109.99,116.24315
11.95,15.004449
150.0,148.82901
700.0,696.70764
14.95,17.981943
15.36,7.287693
379.99,376.41882
150.0,148.69675
3.84,7.287693
2.99,6.32743
11.95,15.012214
3.84,7.287693
14.95,17.933777
149.99,147.15535
3.84,7.287693
5.98,6.32743
99.99,103.76638
3.84,7.3181686
150.0,148.82901
3.84,7.287693
2.99,6.32743
11.99,15.307935
14.95,17.981943
11.99,15.374248
14.95,17.981943
11.95,15.004449
379.99,377.1137
1700.0,1695.6522
700.0,696.45917
150.0,148.6165
99.99,103.806854
99.99,103.23119
389.99,386.26007
2.99,6.32743
14.95,17.981943
600.0,596.5406
1700.0,1695.6401
14.95,17.981943
1700.0,1695.6522
150.0,148.82901
3.84,7.282076
600.0,599.99005
11.99,15.376216
759.98,376.40332
379.99,376.18167
14.95,17.981943
5.98,6.32743
99.99,104.05471
11.5199995,7.287693
149.99,146.93521
3.84,7.287693
150.0,148.82901
389.99,386.02106
379.99,376.11343
2.99,6.32743
109.99,115.90097
14.95,18.004467
150.0,148.82901
11.99,15.26867
1700.0,1696.1173
379.99,376.09906
700.0,696.62866
5.98,6.32743
11.99,15.406947
14.95,17.981943
150.0,148.82901
149.99,146.9776
1700.0,1695.4037
99.99,103.83741
150.0,148.6165
1700.0,1695.3292
7.68,7.287693
11.99,15.406947
150.0,148.82901
14.95,17.981943
700.0,696.70764
11.95,15.031199
150.0,148.89484
11.99,15.393273
1700.0,1695.6414
11.99,15.376216
99.99,103.83741
109.99,115.73779
7.68,7.287693
11.99,15.307935
1700.0,1698.5653
150.0,148.82901
14.95,17.981943
600.0,595.8439
150.0,148.82901
14.95,17.981943
700.0,697.1036
2.99,6.32743
14.95,17.981943
300.0,296.15152
2.99,6.32743
150.0,148.82901
3.84,7.287693
5.98,6.32743
14.95,17.981943
600.0,595.96063
11.95,15.004449
23.9,15.004449
600.0,595.8439
150.0,148.9488
14.95,6.32743
300.0,295.80435
11.5199995,7.2700386
11.99,15.39894
14.95,17.981943
1700.0,1698.3942
11.99,15.376216
3.84,7.287693
11.95,15.012214
11.95,15.004449
5.98,6.3160267
150.0,148.82901
11.99,15.393273
11.95,15.012214
700.0,696.45917
11.95,15.012214
150.0,148.67563
2.99,6.32743
600.0,596.109
379.99,375.89178
150.0,148.82901
11.5199995,7.287693
600.0,596.709
150.0,148.88298
109.99,116.388
3.84,7.287693
109.99,116.318
3.84,7.3099394
11.95,15.004449
11.99,15.406947
700.0,696.6241
400.0,392.40265
11.5199995,7.3181686
14.95,17.933777
23.9,14.962919
23.98,15.406947
11.95,15.004449
1700.0,1696.1173
379.99,376.18167
109.99,116.09542
3.84,7.287693
11.95,15.004449
2.99,6.32743
99.99,103.76638
150.0,148.82901
600.0,596.19214
2.99,6.32743
7.68,7.287693
2.99,6.32743
389.99,386.35245
11.99,15.374248
389.99,386.35645
700.0,696.70764
600.0,595.96063
14.95,17.981943
5.98,6.32743
14.95,17.981943
14.95,17.981943
379.99,376.09906
14.95,17.981943
150.0,148.82901
1700.0,1696.2998
14.95,17.981943
3.84,7.287693
700.0,696.45917
300.0,295.91846
11.95,15.004449
150.0,148.82901
11.95,15.012214
379.99,376.40332
3.84,7.287693
14.95,17.981943
11.99,15.23622
149.99,147.11284
3.84,7.287693
29.9,17.981943
14.95,18.004467
2.99,6.32743
11.95,15.012214
2.99,6.32743
300.0,297.15002
5.98,6.32743
14.95,17.981943
600.0,596.19214
11.99,15.26867
3.84,7.287693
11.99,15.376216
300.0,297.0439
11.95,15.004449
3.84,7.287693
999.99,994.7814
11.95,14.9966135
379.99,376.11343
700.0,696.45917
3.84,7.287693
600.0,595.8439
389.99,386.35214
5.98,6.32743
8.97,6.32743
99.99,103.9268
14.95,17.933777
3.84,7.287693
389.99,386.07935
5.98,6.32743
8.97,6.3160267
150.0,148.82901
11.5199995,7.287693
3.84,7.287693
1700.0,1696.016
999.99,994.7814
2.99,6.32743
99.99,103.620766
5.98,6.32743
7.68,7.287693
99.99,103.3635
150.0,148.82901
99.99,103.8157
15.36,7.287693
3.84,7.287693
2.99,6.32743
2.99,6.32743
11.95,15.004449
150.0,148.82901
11.95,15.004449
2.99,6.32743
99.99,103.637634
11.95,14.963883
11.99,15.396972
11.99,15.396972
150.0,148.82901
11.95,15.004449
99.99,103.966805
700.0,696.70764
23.98,15.406947
2.99,6.32743
7.68,7.287693
11.95,15.012214
999.99,994.7814
3.84,7.287693
600.0,596.15265
150.0,148.82901
3.84,7.287693
29.9,17.981943
11.95,15.004449
999.99,994.7814
11.95,15.004449
3.84,7.287693
99.99,104.0632
379.99,376.4174
14.95,17.981943
300.0,296.22922
5.98,6.32743
150.0,148.82901
23.9,15.004449
2.99,6.32743
5.98,6.32743
11.5199995,7.287693
3.84,7.287693
99.99,103.245834
14.95,17.981943
11.95,15.004449
379.99,376.5651
3.84,7.3099394
600.0,595.8439
11.99,15.376216
11.99,15.374248
14.95,17.981943
11.95,15.012214
11.99,15.406947
23.98,15.26867
999.99,994.7814
11.95,15.012214
2.99,6.32743
300.0,296.2497
14.95,17.981943
14.95,17.981943
379.99,376.09906
700.0,696.45917
14.95,17.981943
99.99,103.79724
300.0,296.22922
389.99,386.11353
11.95,15.012214
7.68,7.287693
999.99,994.7814
2.99,6.32743
99.99,104.032646
11.99,15.26867
2.99,6.32743
149.99,147.11284
149.99,147.15535
11.99,15.26867
600.0,596.15265
23.98,15.406947
999.99,994.7814
3.84,7.287693
14.95,17.981943
11.99,15.374248
999.99,994.7814
379.99,376.58472
400.0,392.40265
3.84,7.287693
150.0,148.88298
3.84,7.287693
3.84,7.287693
389.99,386.4957
2.99,6.32743
389.99,386.43832
379.99,376.83704
14.95,18.055319
8.97,6.32743
109.99,116.032906
3.84,7.287693
11.99,15.406947
11.99,15.374248
7.68,7.287693
14.95,17.981943
3.84,7.287693
1700.0,1710.8202
11.95,15.004449
14.95,18.004467
11.99,15.376216
11.99,15.453925
3.84,7.287693
99.99,103.620766
2.99,6.32743
2.99,6.32743
150.0,148.89484
29.9,17.933777
5.98,6.32743
11.95,15.004449
8.97,6.32743
14.95,17.933777
3.84,7.287693
8.97,6.3160267
300.0,297.22357
14.95,17.981943
3.84,7.3099394
379.99,376.4174
2.99,6.3160267
11.99,15.376216
149.99,147.15535
11.95,15.012214
11.95,15.004449
3.84,7.287693
11.99,15.376216
149.99,147.15535
1700.0,1699.8015
14.95,17.981943
7.68,7.3099394
11.95,15.012214
379.99,376.44208
99.99,103.703476
11.95,15.012214
99.99,103.82241
14.95,17.981943
2.99,6.32743
700.0,697.1036
600.0,596.0359
11.95,15.004449
389.99,385.94113
389.99,386.23508
149.99,147.11284
5.98,6.32743
3.84,7.287693
14.95,17.933777
1400.0,696.70764
600.0,585.26215
150.0,148.88298
2.99,6.32743
11.99,15.406947
11.99,15.307935
14.95,17.981943
11.95,15.004449
11.99,15.374248
7.68,7.287693
14.95,17.981943
389.99,386.00458
2.99,6.32743
11.95,15.012214
5.98,6.32743
11.99,15.376216
150.0,148.67563
3.84,7.287693
99.99,103.8157
99.99,103.76638
2.99,6.32743
11.95,15.004449
11.5199995,7.287693
149.99,147.15535
700.0,696.62866
14.95,17.981943
11.99,15.374248
150.0,148.82901
3.84,7.287693
379.99,376.09906
99.99,103.70015
99.99,103.966805
14.95,17.981943
2.99,6.32743
11.99,15.406947
2.99,6.32743
7.68,7.287693
2.99,6.506794
150.0,148.69675
11.99,15.393273
3.84,7.287693
149.99,146.82
11.95,15.012214
99.99,103.88673
299.98,146.82
11.99,15.488538
389.99,386.43832
2.99,6.32743
2.99,6.32743
11.95,15.004449
379.99,376.40332
11.95,14.962919
11.99,15.39894
11.95,15.004449
11.95,15.004449
379.99,376.44208
3.84,7.3099394
1700.0,1694.8447
999.99,994.7814
150.0,148.82901
149.99,146.8624
14.95,17.981943
14.95,18.004467
23.92,6.32743
11.95,15.004449
109.99,115.880714
14.95,17.933777
2.99,6.32743
99.99,103.99217
149.99,147.21011
2.99,6.32743
2.99,6.32743
99.99,103.99736
99.99,103.33066
150.0,148.7296
700.0,697.1036
999.99,994.7814
14.95,17.981943
149.99,147.2525
150.0,148.69675
14.95,18.055319
379.99,376.11343
99.99,103.74796
3.84,7.287693
14.95,17.981943
150.0,148.67563
99.99,103.9268
99.99,103.74796
300.0,296.13287
999.99,994.7814
300.0,296.3335
14.95,18.030027
14.95,17.981943
999.99,994.7814
11.95,15.004449
379.99,376.44208
600.0,596.0359
149.99,147.34627
600.0,596.109
400.0,392.5175
149.99,147.19774
23.98,15.26867
11.95,15.004449
2.99,6.32743
700.0,696.45917
389.99,386.35245
600.0,585.26215
5.98,6.32743
11.95,15.012214
11.99,15.26867
150.0,148.82901
14.95,18.030027
7.68,7.287693
1700.0,1696.016
14.95,17.981943
99.99,103.79724
11.95,14.9966135
7.68,7.287693
389.99,385.9542
389.99,386.43832
1700.0,1695.6127
99.99,103.259224
999.99,994.7814
11.99,15.374248
379.99,376.40332
11.95,15.004449
7.68,7.3181686
109.99,116.19889
3.84,7.287693
8.97,6.32743
150.0,148.89484
2.99,6.32743
600.0,602.9915
2.99,6.506794
11.95,14.963883
150.0,148.67563
11.99,15.307935
150.0,148.82901
149.99,147.11284
11.95,15.012214
150.0,148.88298
150.0,148.89484
379.99,376.09906
99.99,103.49425
11.95,14.962919
389.99,386.17462
149.99,147.15535
14.95,17.981943
1700.0,1695.6522
379.99,376.09906
14.95,18.004467
150.0,148.88298
379.99,376.11343
5.98,6.32743
5.98,6.32743
11.99,15.406947
11.99,15.26867
1700.0,1695.5743
700.0,696.62866
400.0,392.40265
14.95,17.981943
600.0,595.8439
99.99,103.55503
99.99,103.99736
99.99,103.3635
600.0,596.0359
2.99,6.32743
11.99,15.406947
99.99,103.32522
150.0,148.82901
700.0,696.45917
29.9,18.034414
2.99,6.32743
150.0,148.82901
149.99,147.34627
150.0,148.88298
300.0,295.8915
11.95,15.004449
11.99,15.376216
109.99,116.192635
11.99,15.330659
11.95,15.004449
3.84,7.287693
99.99,104.0632
150.0,148.82901
99.99,106.30069
389.99,386.23508
7.68,7.287693
5.98,6.32743
149.99,146.8624
150.0,148.69675
150.0,148.82901
11.99,15.26867
11.95,15.012214
2.99,6.32743
11.95,15.004449
999.99,994.7814
11.99,15.376216
11.95,15.004449
3.84,7.287693
14.95,17.933777
600.0,596.0359
99.99,103.99736
150.0,148.69675
99.99,103.9268
3.84,7.287693
600.0,596.709
150.0,148.89484
15.36,7.287693
14.95,17.981943
1700.0,1695.4037
999.99,994.7814
11.99,15.374248
23.9,14.970684
11.95,15.012214
379.99,376.44208
150.0,148.67563
109.99,115.90097
11.95,14.9966135
11.95,14.9966135
2.99,6.3160267
3.84,7.287693
700.0,696.45917
11.99,15.393273
5.98,6.32743
3.84,7.287693
2.99,6.32743
150.0,148.82901
389.99,386.22107
99.99,103.9268
150.0,148.82901
3.84,7.287693
149.99,147.11284
5.98,6.32743
600.0,595.9819
11.99,15.376216
149.99,146.93521
29.9,17.933777
300.0,296.2397
11.99,15.406947
3.84,7.287693
150.0,148.89484
3.84,7.3099394
3.84,7.287693
700.0,696.45917
11.95,15.004449
700.0,696.70764
23.98,15.453925
150.0,148.82901
14.95,17.981943
1700.0,1698.5653
11.95,15.006886
150.0,148.69675
14.95,18.004467
150.0,148.69675
1700.0,1695.6401
14.95,17.981943
11.95,15.004449
700.0,696.70764
11.99,15.406947
150.0,148.54337
7.68,7.287693
2.99,6.32743
600.0,595.8439
3.84,7.287693
600.0,596.19214
1700.0,1698.9995
99.99,103.606384
2.99,6.32743
150.0,148.9488
99.99,103.99217
11.99,15.23622
2.99,6.32743
999.99,994.7814
700.0,697.1036
7.68,7.287693
11.95,15.012214
700.0,696.70764
150.0,148.82901
99.99,104.05471
150.0,148.82901
14.95,18.004467
700.0,696.70764
14.95,18.004467
149.99,147.11284
11.95,15.004449
3.84,7.287693
379.99,376.44208
400.0,392.40265
150.0,148.88298
11.95,15.004449
700.0,696.45917
389.99,386.05524
150.0,148.82901
150.0,148.82901
11.95,15.004449
11.99,15.406947
23.98,15.406947
23.98,15.406947
300.0,297.18478
300.0,297.28616
99.99,103.70015
2.99,6.32743
379.99,376.40332
11.99,15.376216
14.95,17.981943
600.0,596.0359
379.99,376.09906
99.99,103.82594
2.99,6.32743
600.0,596.0359
11.99,15.376216
300.0,297.28616
8.97,6.32743
300.0,295.80002
14.95,17.981943
11.95,15.004449
5.98,6.32743
11.99,15.376216
5.98,6.32743
11.95,15.012214
99.99,103.67772
150.0,148.89484
700.0,696.62866
300.0,148.69675
150.0,148.69675
379.99,376.58472
23.9,15.012214
29.9,17.981943
11.99,15.376216
99.99,103.668335
14.95,17.981943
150.0,148.82901
600.0,585.26215
11.95,15.012214
99.99,104.82013
14.95,17.981943
99.99,103.57149
3.84,7.287693
300.0,297.28616
99.99,103.87749
2.99,6.32743
109.99,116.19889
35.85,15.023435
14.95,18.004467
7.68,7.287693
379.99,376.11343
1700.0,1695.5743
11.99,15.374248
11.99,15.374248
1700.0,1695.6401
11.99,15.26867
99.99,103.88673
3.84,7.287693
99.99,103.65856
29.9,17.933777
149.99,147.11284
600.0,596.19214
5.98,6.32743
3.84,7.287693
14.95,17.933777
5.98,6.32743
2.99,6.32743
11.95,15.004449
14.95,17.981943
11.95,15.004449
14.95,17.981943
14.95,17.981943
11.99,15.1750145
700.0,696.8847
1700.0,1696.016
149.99,147.11284
23.9,15.004449
700.0,696.62866
150.0,148.67563
700.0,696.45917
7.68,7.3181686
14.95,18.055319
99.99,104.62093
150.0,148.88298
150.0,148.82901
11.95,14.962919
14.95,17.981943
11.95,14.970684
150.0,148.82901
11.95,15.004449
149.99,147.11284
3.84,7.3181686
11.95,15.004449
14.95,17.981943
99.99,103.43608
11.95,15.004449
150.0,148.89484
400.0,392.40265
2.99,6.32743
600.0,596.709
600.0,595.8439
2.99,6.32743
11.95,14.9966135
109.99,116.14038
99.99,103.703476
14.95,17.981943
1700.0,1695.6675
389.99,386.02106
11.95,15.012214
99.99,103.55998
379.99,376.09906
379.99,376.09906
14.95,17.933777
11.99,15.406947
99.99,103.76638
1700.0,1695.6492
99.99,104.0632
5.98,6.32743
14.95,17.981943
14.95,17.981943
149.99,147.34627
11.99,15.376216
3.84,7.287693
2.99,6.32743
14.95,17.981943
149.99,146.86252
109.99,116.032906
11.95,15.004449
400.0,392.40265
99.99,103.88673
2.99,6.32743
300.0,295.96475
11.95,14.963883
2.99,6.32743
150.0,148.88298
379.99,376.6002
600.0,596.15265
99.99,103.32522
109.99,116.14038
2.99,6.32743
99.99,103.78875
389.99,386.43832
300.0,297.76996
11.95,15.004449
3.84,7.287693
109.99,116.13541
99.99,104.032646
3.84,7.3181686
2.99,6.32743
99.99,103.88673
379.99,376.18167
379.99,377.1137
3.84,7.287693
3.84,7.2700386
600.0,596.709
300.0,297.61258
11.95,15.004449
700.0,696.70764
389.99,386.00906
14.95,18.004467
150.0,148.82901
11.99,15.406947
999.99,994.7814
2.99,6.32743
2.99,6.3160267
14.95,17.981943
11.95,15.004449
389.99,386.43832
150.0,148.69675
14.95,18.030027
3.84,7.287693
14.95,17.981943
99.99,103.28905
8.97,6.32743
150.0,148.82901
14.95,18.004467
11.99,15.376216
14.95,17.981943
389.99,386.42328
2.99,6.32743
7.68,7.3181686
2.99,6.32743
109.99,116.41729
14.95,17.981943
3.84,7.3181686
300.0,296.24402
150.0,148.67563
99.99,103.8157
300.0,297.76996
29.9,17.981943
99.99,104.20309
150.0,148.82901
99.99,103.28905
14.95,17.933777
149.99,147.15535
29.9,17.981943
2.99,6.32743
379.99,376.40332
11.99,15.374248
600.0,595.8439
14.95,17.981943
999.99,994.7814
999.99,994.7814
14.95,17.981943
600.0,596.0359
14.95,18.386488
7.68,7.287693
11.99,15.26867
7.68,7.287693
99.99,104.62093
11.99,15.376216
14.95,17.981943
149.99,147.11284
109.99,116.031624
11.95,15.012214
3.84,7.282076
389.99,386.108
2.99,6.32743
14.95,17.981943
600.0,596.709
11.99,15.406947
149.99,147.15535
14.95,17.981943
5.98,6.32743
23.9,15.004449
149.99,146.86252
400.0,392.40265
300.0,296.35812
700.0,697.1036
11.99,15.374248
11.95,15.012214
5.98,6.32743
149.99,147.11284
99.99,103.97484
11.95,15.004449
379.99,376.18167
11.95,15.004449
300.0,296.2397
11.99,15.376216
3.84,7.287693
150.0,148.69675
379.99,376.09906
7.68,7.3181686
14.95,17.981943
99.99,103.44131
99.99,104.09479
149.99,147.05344
700.0,696.62866
7.68,7.287693
14.95,17.933777
600.0,595.8439
7.68,7.287693
11.99,15.406947
7.68,7.287693
14.95,17.981943
600.0,596.15265
149.99,146.86252
150.0,148.69675
379.99,376.09906
700.0,696.62866
2.99,6.3160267
3.84,7.287693
44.85,17.981943
11.95,14.970684
1700.0,1695.6675
150.0,148.82901
3.84,7.287693
11.95,15.004449
11.95,15.004449
11.96,6.32743
11.96,6.32743
3.84,7.287693
149.99,147.13269
150.0,148.75072
379.99,376.09906
379.99,376.09906
300.0,295.9436
2.99,6.32743
11.99,15.376216
600.0,596.19214
149.99,147.11284
11.95,15.004449
150.0,148.82901
3.84,7.287693
99.99,103.88673
999.99,994.7814
1700.0,1696.1173
379.99,376.18167
7.68,7.3181686
23.9,15.004449
3.84,7.287693
11.99,15.376216
700.0,696.6241
150.0,148.82901
7.68,7.287693
11.99,15.374248
149.99,147.15535
3.84,7.287693
150.0,148.6165
389.99,386.65384
11.95,15.012214
11.95,15.004449
1700.0,1695.3777
11.95,15.004449
1700.0,1695.6401
3.84,7.287693
300.0,296.2397
1700.0,1696.3542
3.84,7.287693
600.0,595.8439
7.68,7.287693
11.95,15.012214
109.99,116.031624
11.95,15.012214
11.99,15.406947
3.84,7.287693
700.0,696.70764
300.0,295.65677
999.99,994.7814
2.99,6.32743
14.95,17.981943
23.9,15.012214
109.99,116.283134
150.0,148.89484
11.95,15.012214
7.68,7.2700386
600.0,596.19214
3.84,7.3181686
11.99,15.374248
150.0,148.89484
600.0,586.73315
14.95,6.8192496
3.84,7.287693
150.0,148.82901
99.99,103.76638
14.95,17.981943
700.0,696.70764
999.99,994.5261
11.99,15.39894
3.84,7.287693
99.99,103.499176
14.95,17.981943
11.99,15.376216
2.99,6.32743
1700.0,1695.6401
109.99,115.880714
14.95,17.981943
7.68,7.287693
1700.0,1696.9395
11.99,15.578958
2.99,6.32743
99.99,103.88673
11.95,14.962919
14.95,17.981943
11.95,15.004449
600.0,596.15265
11.99,15.374248
29.9,17.981943
11.95,15.012214
11.95,15.023435
99.99,103.527
700.0,696.45917
11.99,15.374248
8.97,6.32743
11.95,15.004449
7.68,7.287693
11.95,15.004449
379.99,376.09906
11.95,15.004449
3.84,7.287693
29.9,17.981943
389.99,385.92233
14.95,17.981943
11.95,15.004449
11.95,15.004449
3.84,7.287693
600.0,586.73315
5.98,6.32743
389.99,386.17462
150.0,148.82901
14.95,17.981943
700.0,697.3461
300.0,296.22922
149.99,147.11284
300.0,296.3335
1700.0,1695.6401
14.95,17.981943
400.0,392.5175
150.0,148.82901
14.95,17.981943
11.95,15.004449
11.95,15.004449
11.99,15.406947
11.95,15.004449
23.9,15.004449
3.84,7.287693
150.0,148.82901
700.0,696.70764
149.99,147.28122
600.0,596.0359
150.0,148.82901
149.99,147.15535
5.98,6.32743
14.95,17.981943
1700.0,1695.6522
14.95,17.981943
3.84,7.3099394
99.99,104.69115
99.99,103.88673
99.99,103.620766
150.0,148.82901
11.99,15.307935
99.99,103.694984
149.99,147.11284
389.99,385.92233
11.95,15.012214
149.99,147.05344
2.99,6.32743
23.98,15.429671
99.99,103.99736
150.0,148.82901
150.0,148.82901
3.84,7.2700386
149.99,147.15535
389.99,386.26007
5.98,6.32743
300.0,296.13287
700.0,696.70764
11.99,15.376216
600.0,596.5406
150.0,148.82901
99.99,103.424286
150.0,148.82901
2.99,6.32743
3.84,7.287693
2.99,6.32743
11.99,15.396972
2.99,6.32743
150.0,148.82901
14.95,17.981943
11.99,15.406947
379.99,376.11343
389.99,386.2449
3.84,7.287693
99.99,103.424286
14.95,17.981943
300.0,297.27124
1700.0,1695.4037
14.95,17.981943
14.95,17.933777
2.99,6.3160267
11.99,15.307935
11.95,15.004449
2.99,6.32743
389.99,386.2449
11.99,15.23622
3.84,7.3099394
99.99,104.0632
150.0,148.82901
7.68,7.287693
700.0,696.70764
14.95,17.933777
3.84,7.287693
11.95,15.004449
150.0,148.82901
14.95,17.981943
1700.0,1696.9395
1700.0,1695.6522
99.99,103.3635
29.9,17.981943
2.99,6.32743
2.99,6.32743
11.99,15.406947
379.99,376.40332
150.0,148.89484
14.95,17.933777
23.98,15.406947
2.99,6.32743
700.0,696.70764
14.95,17.981943
2.99,6.32743
2.99,6.32743
14.95,17.981943
11.95,15.004449
300.0,295.80002
600.0,596.109
14.95,17.981943
14.95,17.981943
149.99,147.0903
3.84,7.3181686
11.99,15.26867
109.99,116.24315
11.99,15.406947
150.0,148.88298
8.97,6.32743
3.84,7.287693
11.99,15.406947
14.95,17.981943
3.84,7.3181686
3.84,7.287693
23.9,15.012214
14.95,18.004467
3.84,7.2700386
5.98,6.32743
14.95,17.933777
150.0,148.69675
11.95,15.004449
109.99,116.34036
14.95,17.981943
99.99,103.424286
379.99,376.09906
11.95,14.962919
999.99,994.7814
2.99,6.32743
14.95,17.981943
2.99,6.32743
7.68,7.287693
99.99,103.620766
2.99,6.3160267
3.84,7.3181686
14.95,18.004467
14.95,17.981943
389.99,386.35645
379.99,376.11343
11.99,15.376216
150.0,148.82901
11.99,15.376216
600.0,595.8439
600.0,585.26215
11.99,15.374248
3.84,7.287693
700.0,696.45917
150.0,148.69675
3.84,7.287693
2.99,6.32743
379.99,376.58472
600.0,595.8439
11.99,15.396972
11.99,15.307935
400.0,392.40265
99.99,103.424286
